source_row,requirement_text,label
2,The app shall run on a smart phone with Android OS least version 2.3 .,NFR
3,"All layout shall be according to the TU/e corporate identity, unless in conflict with the guidelines of requirements UCOR003-UCOR006.",NFR
4,The icons shall be according to the Android Icon Guidelines.,NFR
5,The user interfaces shall be according to the Android User Interface Guidelines.,NFR
6,"The Twitter ""tweet"" interface shall be according to the Twitter Guidelines.",NFR
7,"The Facebook ""like"" interface shall be according to the Facebook Guidelines.",NFR
8,The campus map shall cover the campus of the TU/e.,NFR
9,The campus map shall cover the central train station of Eindhoven.,NFR
10,A new stylistic map must have the right dimensions.,NFR
11,A new stylistic map must be geographically correct.,NFR
12,News will be restricted to what is available in the feeds on the list of news RSS-feeds.,NFR
13,Agenda will be restricted to what is available in the feeds on the list of agenda RSS-feeds.,NFR
14,Information about a certain person will be restricted to what is available on the employee pages of the TU/e Encyclopedia.,NFR
15,The information and the search methods of the Encyclopedia-app will be restricted to the services provided by the MediaWiki of the TU/e Encyclopedia.,NFR
16,The information and the search methods of the Student Handbook-app will be restricted depending on file format of the handbook-information.,NFR
17,"The search response time for the system must consistently be within two seconds, with an ideal goal of one second, based on measurments from 1000 searches during testing.",NFR
18,"System dependability ensures users are informed of any issues for trusted system performance , measured during testing and prioritized highly.",NFR
19,"The application should ideally use less than 10 MB of storage space, with a hard limit of 20 MB.",NFR
20,"The applications memory usage on the mobile operating system should ideally be below 10 MB, with a strict limit of 20 MB during operation.",NFR
21,"The system should reliably deliver accurate search results in over 98% of cases, aiming for 99% or even perfect accuracy during operation",NFR
22,"The system should be accessible to users more than 98% of the time, ideally aiming for 99% or even continuous uptime.",NFR
23,"
The application requires an internet connection to function.",NFR
24,The application requires a GPS connection for functionality.,NFR
25,Login communication must be 100% encrypted to prevent usernames and passwords from being intercepted during data exchange between the application and server.,NFR
26,The restaurant owner login system must always prevent unauthorized access by notifying users of failed login attempts with non-existent accounts.,NFR
27,The admin login system must always block unauthorized access and notify admins of failed login attempts with non-existent accounts.,NFR
28,"To prevent unauthorized access, restaurant owner accounts will be locked for 30 minutes after three failed login attempts, disabling login functionality during that period.",NFR
29,"Admin accounts will be secured by a 30-minute lockout following three failed login attempts, preventing access from that IP address during the lockout period.",NFR
30,"The system will enforce unique usernames during user account creation, prompting users to choose a different username if their desired one is already taken.",NFR
31,"Restaurant owner account creation prioritizes security by enforcing unique usernames, requiring them to choose a different option if their desired name is unavailable.",NFR
32,"The application's code structure should be designed for easy extension, facilitating the addition of new features.",NFR
33,The application will require well-defined test environments to ensure thorough testing of its various functionalities.,NFR
34,The application should be designed for easy porting between iOS and Android platforms.,NFR
35,"The system must support 10,000 concurrent users with a maximum response time of 2 seconds.",NFR
36,"The system will be developed using Waterfall methodology, Object-Oriented Programming in Java, targeting Android devices 2.3 onwards with a mandatory internet connection.",NFR
37,​ The system will be designed in such a way that the algorithms for the four main units will be able to be easily swapped out.,NFR
38,The overall accuracy of the Web API’s response will be measured using a developer-made testing set.,NFR
39,The overall accuracy is calculated by dividing total number of correct answers by the number of questions asked.,NFR
40,The accuracy of the Generic Question Construction​ part will be close to 80%,NFR
41,The system will be designed in such a way that the algorithms for the four main units will be easily swapped out.,NFR
42,"A Drexel University Web API is being designed to answer questions about campus facilities, staff, policies, dining, and food trucks, with accuracy ranging from 40% for food trucks to 80% for generic question construction.",NFR
43,"The average time for the server to respond, over the question testing set, will be less than or equal to 2 seconds",NFR
44,"The connection between the Web API and the programs will use HTTPS, for security.",NFR
45,A new user will make less than 3 mistakes in 5 minutes after 5 minutes of use.,NFR
46,The search feature should be prominent and easy to find for the user.,NFR
47,"The different search options should be evident, simple and easy to understand.",NFR
48,Users should be able to easily understand and select results from the list with just a single click.,NFR
49,"Map results should be clear and user-friendly, allowing selection of any pin with a single click.",NFR
50,"The information link for each result should be clear, easy to identify, and open with just a single click.",NFR
51,The user interface should be GUI based.,NFR
52,The user shall be able to enter data using a cell phone keypad layout.,NFR
53,Users shall be able to configure settings both locally on the device and remotely. ,NFR
54,The system shall provide selection menus to minimize the need for manual typing of options.,NFR
55,Application prioritizes fast network response as it relies heavily on data retrieval rather than phone processing power.,NFR
56,The application itself will only have minimal logic and so there should be little to no issues with the computation required by the phone itself.,NFR
57,"The only hazard is a user using the device when they should not be, such as while driving.",NFR
58,Secure connection to an internal system shall be required for user login and identification.,NFR
59,"The primary attribute of this application will be usability given the large amounts of data and information that will be presented on such a small screen, as well as the user’s ability to input data into the device in a reasonable manner that should not be that much more difficult than if they were at an actual computer.",NFR
60,"With regards to the intended number of users in the Amsterdam pilot, and the projected load scenarios, the intention is for the system to be able to serve 20.000 queries / day (in large part during the 4 peak traffic hours).",NFR
61,Users shall be able to trust and understand the system through its simplicity and transparency.,NFR
62,The system shall anonymize and aggregate route information to enable safe sharing without compromising user privacy.,NFR
63,The system shall employ encryption for all privacy-sensitive data at rest to ensure both security and basic functionality.,NFR
64,The system shall allow users to create unverified (anonymous) avatars or aliases.,NFR
65,"The system shall empower end-users to manage their private data, including the option to delete their personal repository.",NFR
66,"The system shall be multilingual, supporting English, Turkish, Finnish, and Italian for international deployment.",NFR
67,The system shall support the display of all user interface text elements in both English and Dutch.,NFR
68,The system shall allow qualified programmers to extend functionality through adding sub-apps and launchers.,NFR
69,The system shall allow authorized users to delete sub-apps and their launchers within the main application.,NFR
70,"The system shall allow application maintainers to configure information sources for sub-applications like agenda, news, Facebook, and Twitter.",NFR
71,"For non-programmers, the system shall allow customization of the application's visual style (colors and icons) for easy maintenance.",NFR
72,"The application shall be extensible, allowing skilled Java Android programmers to add new sub-applications with launchers to the main interface.",NFR
73,Radford University students shall use their RU credentials to access automatic class schedule and assignment sharing.,NFR
74,"The system shall operate primarily offline, with networked authentication components functioning only when Radford University's systems are available.",NFR
75,The development team will follow best practices for clean code and software modularity in order to make the application as maintainable as possible.,NFR
76,Users will be able to access this application on or off campus anytime on their mobile device without the need of an internet connection.,NFR
77,The system shall offer extensive customization for course and calendar details while maintaining a more static design for other functionalities.,NFR
78,"The system shall function as a reusable semester-to-semester application for returning students, offering automatic class schedule updates and integration with the Radford University mobile app.",NFR
79,The system will be designed in such a way that the algorithms for the four main units will be able to be easily swapped out.,NFR
81,The overall accuracy shall be calculated by dividing total number of correct answers by the number of questions asked.,NFR
82,The accuracy of the Generic Question Construction​ part will be close to 80%.,NFR
83,The accuracy of the Generic Answer Construction​ unit will be close to 70%.,NFR
84,The accuracy of the Generic Answer Population​ unit will be close to 70%.,NFR
85,"The average time for the server to respond, over the question testing set, will be less than or equal to 2 seconds.",NFR
88,The FAU class ensures security-relevant events are logged and identifies what information should be included in those logs.,NFR
89,"The system shall be designed for high performance with optimized server queries, instantaneous screen transitions, and sub-second cost-division computation.",NFR
90,"SplitPay will prioritize user safety by ensuring it doesn't interfere with other apps or data, and in the future, the application will warn users against using it when focus is critical. ",NFR
91,The system shall prioritize convenience over robust user authentication by relying solely on Google email verification in the future. ,NFR
92,"SplitPay's user interface will prioritize usability and clarity, featuring a visually-appealing design and leveraging informative notifications and pop-ups to guide users in the future.",NFR
93,"The system will prioritize error-free expense splitting calculations while offering full app functionality offline, caching financial data until reconnected.",NFR
94,All text elements in the user interfaces shall be presented in the selected language.,FR
95,The system shall support the English language.,FR
96,The system shall support Dutch as a user interface language.,FR
97,Sub-apps and their launchers shall be added to the main app by a qualified programmer.,FR
98,Sub-apps and their launchers in the main app shall be deleted by a qualified programmer.,FR
99,"System shall be able to change the colors used in the user interfaces of the sub-apps and main application, excluding external resources.",FR
100,"System shall be able to change the fonts used in the user interfaces of the sub-apps and main application, excluding external resources.",FR
101,"System shall be able to change the icons used in the user interfaces of the sub-apps and main application, excluding external resources.",FR
102,"System shall be able to change the buttons used in the user interfaces of the sub-apps and main application, excluding external resources.",FR
103,"System shall be able to change the background used in the user interfaces of the sub-apps and main application, excluding external resources.",FR
104,"System shall be able to change the text elements used in the user interfaces of the sub-apps and main application, excluding external resources.",FR
105,The system shall restrict language selection to the main application.,FR
106,The default language of insErtion will be English.,FR
107,The system shall display a launcher to the Map-app version 3.1.3 on the main menu.,FR
108,The system shall display a launcher to the News-app version 3.1.4 on the main menu.,FR
109,The system shall display a launcher to the Agenda-app version 3.1.5 on the main menu.,FR
110,The system shall display a launcher to the Facebook-app version 3.1.9 on the main menu.,FR
111,The system shall display a launcher to the Twitter-app version 3.1.10 on the main menu.,FR
112,The system shall display a launcher to the Employee-finder-app version 3.1.6 on the main menu.,FR
113,"The system shall conditionally display a launcher to the Encyclopedia-app on the main menu, only when the Dutch language is selected.",FR
114,"The system shall conditionally display a launcher to the Student handbook-app on the main menu, only when the Dutch language is selected.",FR
115,The system shall be able to like insApption from the main menu.,FR
116,The system shall be able to tweet about insApption from the main menu.,FR
117,The system shall provide a link to the Twitter settings menu.,FR
118,The system shall provide a link to the Facebook settings menu.,FR
119,"In the Twitter settings menu, the user shall be able to save their username and password for Twitter.",FR
120,"In the Facebook settings menu, the user shall be able to save their username and password for Facebook.",FR
121,"In the Twitter settings menu, the system shall allow the user to delete their saved username and password for Twitter.",FR
122,"In the Facebook settings menu, the system shall allow the user to delete their saved username and password for Facebook.",FR
123,System shall be able to modify the appearance of the separate launchers.,FR
124,System shall be able to search for a certain building on the campus of the TU/e by name.,FR
125,System shall be able to search for a certain building on the campus of the TU/e by address.,FR
126,System shall be able to search for a certain POI on the campus of the TU/e by name.,FR
127,System shall be able to display a set of buildings that match the search input for queries described in requirements UCR201 and UCA202.,FR
128,System shall be able to display a set of POI's that match the search input when a user performs a search by name.,FR
129,"System shall be able to display an element from the search result (buildings or POIs) in the map view, following requirements UCAR201, UCAR202, and UCAR203.",FR
130,System shall be able to navigate between buildings on the campus.,FR
131,System shall be able to navigate from a building to a POI on the campus.,FR
132,System shall be able to navigate from a POI to a building on the campus.,FR
133,System shall be able to navigate between POIs on the campus.,FR
134,"System shall be able to navigate from a POI to another location on the campus (which could be a building, street, etc.).",FR
135,System shall be able to navigate from a street on the campus to another location on the campus.,FR
136,System shall be able to switch between different means of transportation while navigating.,FR
137,System shall be able to search for the from-location by the name of a building.,FR
138,System shall be able to search for the from-location by the address of a building.,FR
139,System shall be able to search for the from-location by the name of a POI.,FR
140,System shall allow selecting the from-location from the search results obtained based on requirements UCAR211 and UCAR212 (presumably for building and POI searches).,FR
141,System shall be able to allow selecting the from-location on the map.,FR
142,System shall be able to search for the to-location by the name of a building.,FR
143,System shall be able to search for the to-location by the address of a building.,FR
144,System shall be able to search for the to-location by the name of a POI.,FR
145,System shall allow selecting the to-location from the search results obtained based on requirements UCAR215 and UCAR216 (presumably for building and POI searches).,FR
146,System shall be able to allow selecting the to-location on the map.,FR
147,System shall be able to show the route planned by the navigator in the map view.,FR
148,System shall display a stylistic map view in the application.,FR
149,System shall display a satellite map view in the application.,FR
150,System shall be able to allow users to switch between the stylistic and satellite map views.,FR
151,System shall be able to allow users to zoom in and out of the map view.,FR
152,System shall be able to allow users to pan around the map view.,FR
153,System shall: Show the user's current location on the map view.,FR
154,System shall be able to indicate POIs of a building.,FR
155,System shall be able to allow users to tweet their current location.,FR
156,System shall be able to allow users to change their Facebook status to include their current location.,FR
157,Administrators shall be able to change the stylistic map.,FR
158,Administrators shall be able to add buildings.,FR
159,Administrators shall be able to remove buildings.,FR
160,Administrators shall be able to add vertices to paths used in the route planner.,FR
161,Administrators shall be able to remove vertices from paths used in the route planner.,FR
162,Administrators shall be able to remove edges from paths used in the route planner.,FR
163,Administrators shall be able to add edges to paths used in the route planner.,FR
164,"Administrators shall be able to add POIs associated with a specific building, floor, and room number.",FR
165,"Administrators shall be able to remove POIs associated with a specific building, floor, and room number.",FR
166,"Administrators shall be able to link a POI to a specific building, floor, and room number.",FR
167,"Administrators shall be able to unlink a POI from a specific building, floor, and room number.",FR
168,System shall show titles of all news items available through the news RSS feeds on the title screen.,FR
169,System shall show the first lines of news articles based on the titles on the title screen.,FR
170,System shall display the full news report after a user chooses the corresponding news title.,FR
171,User shall be able to like a certain news item.,FR
172,User shall be able to tweet a certain news item.,FR
173,Administrators shall be able to modify the list of English news RSS feeds.,FR
174,Administrators shall be able to modify the list of Dutch news RSS feeds.,FR
175,System shall show upcoming events on the title screen when the agenda app is started.,FR
176,System shall provide a calendar view.,FR
177,User shall be able to open calendar view.,FR
178,User shall be able to close calendar view.,FR
179,User shall be able to change the calendar to a different month.,FR
180,User shall be able to see on which days events take place in calendar view.,FR
181,System shall be able to indicate the current day on the calendar.,FR
182,System shall be able to show events for a selected day in the calendar.,FR
183,User shall be able to search for events by date.,FR
184,User shall be able to search for events by subject.,FR
185,System shall display a set of events that match the search input by date or subject (as described in requirements UCAR406 and UCAR407).,FR
186,User shall be able to like a certain event.,FR
187,User shall be able to tweet a certain event.,FR
188,System shall extract only events available in the agenda app from the agenda RSS feeds in the selected language.,FR
189,Administrators shall be able to modify the list of agenda RSS feeds available in English.,FR
190,Administrators shall be able to modify the list of agenda RSS feeds available in Dutch.,FR
191,User shall be able to search for a person by name.,FR
192,User shall be able to search for a person by department.,FR
193,System shall be able to display a set of employees that match the search input when a user performs a search by name (as described in requirements UCAR501 and UCAR502).,FR
194,System shall be able to allow users to view all personal information available through the employee pages for a selected person from the search results obtained through requirement UCAR503.,FR
195,System shall be able to show the location of a selected employee's office on the map view.,FR
196,System shall be able to plan a route to the location of a selected employee's office.,FR
197,System shall be able to display the most searched items on the title screen when the Encyclopedia app is launched.,FR
198,System shall be able to display the most recent items on the title screen when the Encyclopedia app is launched.,FR
199,User shall be able to search the book by a certain word or phrase. ,FR
200,User shall be able to see a displayed set of topics when performing a search as described in requirement UCAR602.,FR
201,User shall be able to select a topic from the search result list.,FR
202,User shall be able to view the full text regarding a topic by clicking on it.,FR
203,User shall be able to like a certain topic.,FR
204,User shall be able to tweet a certain topic.,FR
205,User shall be able to see the most searched items on the title screen when starting the student handbook app.,FR
206,User shall be able to select a topic from the search results obtained through a search described in requirement UCAR702. ,FR
210,User shall be able to see the TU/e Facebook page on the title screen when starting the Facebook app.,FR
211,User shall be able to select other TU/e related Facebook sites from a list. ,FR
212,System shall show the TU/e Facebook page on the title screen when the Facebook app is started.,FR
213,System shall allow users to select other TU/e related Facebook sites from a list upon starting the Facebook app.,FR
214,Administrators shall be able to modify the list of TU/e related Facebook sites.,FR
215,System shall show the TU/e Twitter page on the title screen when the Twitter app is started.,FR
216,System shall allow users to select other TU/e related Twitter sites from a list upon starting the Twitter app (content of the list is defined in requirement UCAR903).,FR
217,Administrators shall be able to modify the list of TU/e related Twitter sites.,FR
218,Users shall be able to download the mobile application for free through an application store or similar service on the mobile phone.,FR
219,Users shall be able to check for new software releases and download them manually through the mobile phone.,FR
220,"Users shall be able to register on the mobile application by providing a username, password, and email address, with the option to provide a phone number.",FR
221,Users shall be able to log in to the mobile application with credentials stored on the phone for automatic future login.,FR
222,User shall be able to retrieve their password by email if they forget it.,FR
223,"Users shall be able to search for restaurants on the mobile application using various options including price, destination, restaurant type, specific dish, and free text with the ability to combine multiple options in a single search.",FR
224,"Users shall be able to view search results on a map with a maximum of 100 restaurants displayed, including pins with information links, a default zoom level, and a button to access filtering options.",FR
225,"Users shall be able to view search results in a list containing details like restaurant name, contact information, distance, price, description, links, and sort/filter the results by various criteria.",FR
226,"User shall be able to select a restaurant from the map or list and navigate there using the phone's GPS, then return to the search page upon arrival.",FR
227,Users shall be able to switch between a map view and a list view for all search options.,FR
228,"Users shall be able to view a detailed restaurant information page including picture, name, contact details, food type, price range, description, and menu by selecting the information link on search results.",FR
229,User shall be able to search for restaurants by price range (minimum and maximum) with results displayed in a list view by default.,FR
230,User shall be able to search for restaurants by entering a desired distance range (minimum and maximum) from their current location.,FR
231,"The user shall be able to search by price and destination, entering integers for their desired values, and be informed if they enter an invalid input.",FR
232,The user shall be able to choose a restaurant type from a list and see the results on a map.,FR
233,The user shall be able to choose a dish from a list and see results on a map.,FR
234,"The user shall be able to search for restaurants by any criteria (name, description, address, type, or menu) in a free-text field, with results shown on a map.",FR
235,The user shall be able to refine their search directly on the same page if their initial search yields no results.,FR
236,Users shall be able to sort search results by various criteria with ascending or descending order.,FR
237,"The user shall be able to filter search results by distance, price, restaurant type, and specific dish.",FR
238,"The user shall be able to edit their profile information and choose the app language (Swedish, English, Spanish, French) on the profile page.",FR
239,"User shall be able to register and apply for verification on the web portal by providing username, password, address, email address, and phone number.",FR
240,User (restaurant owner) shall be able to apply for verification after registering on the web portal.,FR
241,Users shall be able to log in only after receiving a confirmation email following verification of their restaurant owner application.,FR
242,User shall be able to log in as a restaurant owner upon successful authentication.,FR
243,User shall be able to reset their password by entering their email address and receiving a password reset link.,FR
244,The user shall be able to manage information through a web form.,FR
245,"The user shall be able to complete mandatory registration by providing restaurant name, address, phone number, email address, and average price.",FR
246,"A user shall be able to optionally provide a restaurant description, menu, type, picture, and mobile number to enhance their listing.",FR
247,"The user shall be able to create a menu entry by providing a dish name, description, and price.",FR
248,"User shall be able to add restaurant information upon submitting the form, provided all mandatory fields are completed.",FR
249,User shall be able to add restaurant information by completing mandatory fields and optionally adding additional details.,FR
250,The user shall be able to delete information from their restaurant listing.,FR
251,The system shall allow authenticated restaurant owners to edit existing restaurant information.,FR
252,"The system shall be able to display content in the user's preferred language, allowing the restaurant owner to switch to English and view all text in English.",FR
253,The system shall be able to display content in the user's preferred language upon selection.,FR
254,The system shall allow the restaurant owner to select French as the preferred language for the web portal interface.,FR
256,The system shall allow administrators to log in with their accounts and grant them administrative privileges.,FR
257,"The system shall allow administrators to verify restaurant owners, granting them login access and sending confirmation emails.",FR
258,"The system shall allow administrators to reject restaurant owners, disabling their login and sending a rejection email.",FR
259,The system shall allow administrators to add new restaurant types.,FR
260,"The system shall allow administrators to edit restaurant types, updating the list accordingly.",FR
261,"The system shall allow administrators to delete restaurant types, removing them from the list.",FR
262,The system shall be able to add a new dish to the list upon creation by an administrator.,FR
263,The system shall be able to update an existing dish in the list upon edit by an administrator.,FR
264,The system shall allow administrators to permanently remove dishes from the list.,FR
265,The system shall be able to add restaurant information upon administrator login.,FR
266,The system shall be able to delete restaurant information upon administrator confirmation.,FR
267,The system shall allow administrators to edit existing restaurant information.,FR
268,The system shall be able to update user information when an administrator edits an existing user profile.,FR
269,The system shall allow administrators to delete existing user accounts.,FR
270,The system shall be able to add a new restaurant owner upon creation by an administrator.,FR
271,The system shall allow administrators to update restaurant owner information.,FR
272,"The system shall be able to delete a restaurant owner upon administrator confirmation, also removing all associated restaurant information.",FR
273,The system shall display all text in English when the administrator selects English as the preferred language.,FR
274,The system shall be able to display the web-portal in Swedish upon administrator selection.,FR
275,The user shall be able to select French as their preferred language for the web portal.,FR
276,The user shall be able to change the web-portals language to Spanish.,FR
277,The system shall display a search bar prominently to enable users to easily find the information they need.,FR
278,"The system shall present search options in a clear, understandable way.",FR
279,"The system shall display user-friendly, one-click selectable results in the list view.",FR
280,The system shall display user-friendly map view results requiring a single click to select a pin.,FR
281,"The system shall ensure the information link is clearly visible, clickable in one action, and functions as a link.",FR
282,The user shall be able to create an account by providing credentials and activating it via email.,FR
283,The user shall be able to log in to the system by entering their username or email and password.,FR
284,User shall be able to log out of the system.,FR
285,"Users shall be able to search for items by filtering by price, location, and category.",FR
286,"Users shall be able to browse profiles of other users, including usernames, profile photos, and their items.",FR
287,The user shall be able to browse categories and see the item count for each.,FR
288,"User shall be able to browse items including pictures, prices, and other features.",FR
289,"User shall be able to change profile information including username, email address, profile picture, and password.",FR
290,User shall be able to confirm username and password changes through email notification.,FR
291,User shall be able to purchase credits using credit card or PayPal account.,FR
292,"The user shall be able to purchase items in their cart using credits, if allowed by the item.",FR
293,"The user shall be able to request an exchange for an item they want, if the item they have is eligible for exchange.",FR
294,The user shall be able to approve an exchange offer from another user.,FR
295,The user shall be able to decline an exchange offer from another user.,FR
296,The user shall be able to notify the recipient that their item has been shipped.,FR
297,"Users shall be able to freely add items with details, price, amount, and pictures.",FR
298,"The user shall be able to edit their existing items, including adding/removing pictures and changing price and details.",FR
299,The user shall be able to remove an item they no longer wish to sell/exchange by tapping the Remove the item button.,FR
300,Users can permanently delete their accounts and access to the system.,FR
301,The user shall be able to mark an item as a favorite for change notifications.,FR
302,Users shall be able to provide ratings and comments about their trading partners.,FR
303,The system shall accept GET requests with a question in a single URL parameter and a Content-Type header of application/json.,FR
304,"System shall be able to respond to API queries with either JSON data or error messages, using appropriate response codes and headers.",FR
305,"The system shall return a JSON response containing either successful data or error messages, but not both.",FR
306,The system shall be able to anonymize text by replacing identified keywords with generic terms and provide a mapping between them.,FR
307,The system shall be able to maintain a list of generic words associated with potential user queries.,FR
308,"The system shall return a user-friendly message like Sorry, I didn't understand that when it encounters an error parsing the input.",FR
309,"The system shall be able to condense the output sentence from the Generic Question Construction unit (R4.2.1.3) into a single, concise sentence.",FR
310,"This system will convert an input question about a specific entity and property (e.g., building closing time) into a generic answer sentence (e.g., building closes at specific time).",FR
311,The system shall be able to handle generic sentence failures by falling back to error handling in R4.4.2.1.,FR
312,The system shall be able to process a mapping received from the Generic Question Construction unit.,FR
313,"The system shall be able to condense a generic answer from the Generic Answer Construction unit into a single, concise sentence.",FR
314,The system shall be able to retrieve data about mapped elements from the database.,FR
315,The system shall be able to personalize generic responses by inserting specific data.,FR
317,"If the database has no closing time for Rush Building, the system will inform the user and provide the Drexel University website for further information.",FR
318,The system shall be able to provide a generic error message when no relevant website is found.,FR
319,A MySQL database will be used to store all information required to answer questions.,FR
320,The system shall be able to populate the database with extracted information prior to full system initialization.,FR
321,The database will use the generic representations from R4.2.2.1 as table names or column headers for easier retrieval of data.,FR
322,The database will be updated periodically and the API will be unavailable during the update.,FR
323,Structural data sources will have their data stored in our database,FR
324,"For data with enough structuring, web scraping will be used to programmatically extract all the data needed and store it in our database.",FR
325,"For totally unstructured information, AI libraries will be used to programmatically extract and store any information possible",FR
326,"Data that is especially hard to extract, for whatever reason, will be manually extracted and added to the database by a developer.",FR
327,The GUI will have a textbox that will accept inputs from a keyboard.,FR
328,"Text box will originally contain a suggestive text question, to guide the user to the format of an appropriate question. ",FR
329,The GUI will have a “Send” button which sends text from the textbox to the API when clicked,FR
330,The GUI will have a chat window displaying questions sent to the system and responses from the API.,FR
331,"The chat window will contain all questions and answers from the current session, with a scroll bar if all messages can’t fit on the screen.",FR
332,"If there is a network issue, the chat window will display an error message.",FR
333,There will be a designated phone number that users can send texts to. ​,FR
334,"Texts sent to that number will be sent to the API, then the system will reply to the user with the answer as another text message.",FR
335,"If a question is not understood by our API, the system will send a text containing an example question after the text with the API response.",FR
336,The feature of the application shall provide the optimized route for the given addresses,FR
337,"The system shall be able to find the best route for multiple addresses, including fixing any gaps between them.",FR
338,"While a fast internet connection is optional, the system shall be designed to perform optimally with a fast connection.",NFR
339,The system shall be able to dynamically load new maps in response to each user request.,FR
340,The system shall ensure compliance with Google Maps API terms of use by adhering to Google's policies.,NFR
341,After installing the Application from iTunes or the App store the user will be asked to login.,FR
342,The user shall be able to select a catalogue from Spring 2013 or Winter 2013.,FR
343,"The user will be able to browse a variety of clothing categories, including outerwear, activewear, and eco-friendly options.",FR
344,Users shall be able to select product thumbnail images after choosing a category.,FR
345,The user shall be able to select a product and view its details.,FR
346,The system shall display a detailed product page with all the information and features found on the main website.,FR
347,The user shall be able to choose between contacting a representative for an order or completing the checkout process online.,FR
349,The user shall be able to browse the catalogue or use the search function upon successful login.,FR
350,The user shall be able to search for a product by product ID/SKU or by keyword after selecting the search icon.,FR
351,The search feature will display either search results or a no matches found message depending on the query's success.,FR
352,The user shall be able to select a product from the search results and proceed to the product details page.,FR
353,"Upon successful login, the user shall be able to browse the catalogue, search for items, or navigate to the Videos and Contact Us sections.",FR
354,The user shall be able to download the catalogue PDF for viewing on their mobile device.,FR
355,"User shall be able to view a list of 360° videos after selecting the ""Videos"" option.",FR
356,User shall be able to play a selected 360° video on their device.,FR
357,User shall be able to zoom in on images using standard mobile gestures.,FR
358,User shall be able to navigate to the next product by swiping left to right.,FR
359,User shall be able to return to the product category page using the back button in the top corner.,FR
360,User shall be able to search for products by keyword or product ID.,FR
361,"User shall be able to access the Catalogue PDF, 360° videos, and contact a representative using the sub navigation icons.",NFR
362,"Users are not able to safely operate the device under certain conditions, such as while driving.",NFR
363,System shall be able to integrate with the internal system for user login and identification.,NFR
364,System shall be able to maintain data security.,NFR
365,System shall provide a data entry experience comparable to a desktop computer.,NFR
366,System shall be designed for mobile portability with minimal storage requirements and efficient performance.,NFR
367,User shall be able to receive an activation email upon filling all necessary registration fields.,FR
368,User shall be able to log in and start using the system after activating their account.,FR
369,User shall be able to log in to the system by entering their username/email and password.,FR
370,User shall be able to log out of the system by using the logout button.,FR
371,"User shall be able to search for items by price, location, or category.",FR
372,"User shall be able to browse other users profiles, including usernames, profile photos, and listed items.",FR
373,User shall be able to browse product categories and see the number of items in each category.,FR
374,"User shall be able to browse items and see their pictures, prices, and other features.",FR
375,"Users can enable email confirmation for username or password changes, requiring a click to finalize the update.",FR
376,User shall be able to purchase credits using a credit card or PayPal account.,FR
377,User shall be able to add items to their cart by selecting the Add to Cart button.,FR
378,User shall be able to add items to their cart by tapping the Add to Cart button.,FR
379,User shall be able to request an exchange for an available item by offering items they already have.,FR
380,User shall be able to approve an exchange offer from another user by clicking Approve.,FR
381,User shall be able to decline an exchange offer from another user by clicking Decline.,FR
382,User shall be notified when they initiate shipment of an item.,FR
383,User shall be able to add an unlimited number of items.,FR
384,"User shall be able to set the price, quantity, upload pictures, and add details when listing an item.",FR
385,"User shall be able to edit their listed items by adding/removing pictures, changing price, and modifying details.",FR
386,User shall be able to remove items from their listings by tapping Remove Item.,FR
387,User shall be able to permanently delete their profile and associated account details by clicking Delete Profile.,FR
388,User shall be able to mark an item as a favorite to receive notifications about changes to that item.,FR
389,User shall be able to rate and comment on users they have traded with.,FR
390,"The system shall be able to support 10,000 concurrent users.",NFR
391,System shall respond to user interactions within 2 seconds.,NFR
392,System shall display a search form on the home page.,FR
393,System shall include all relevant sites in its search engine index.,FR
394,System shall utilize the search form and indexed sites to deliver search results.,FR
395,Users shall be able to search for websites using the site name or description.,FR
396,System shall be able to provide auto-suggestions for search queries.,FR
397,System shall be able to display search results in descending order as a list of links.,FR
398,System shall be able to display a No results found message when no search results are found.,FR
399,System shall be able to include a link back to the home page when displaying No results found.,FR
400, System shall be able to locate the user through a geolocation feature.,FR
401,System shall be able to utilize Geolocation scripts to determine the user's location.,FR
402,System shall be able to verify if the user is situated within a 1-mile radius of the campus.,FR
403,System shall be able to update the user's location if they are found to be within the 1-mile radius.,FR
404,System shall be able to request permission from the user to access their location services.,FR
405,System shall be able to redirect the user to the home screen if they decline to grant location services permission.,FR
406,System shall be able to create the user within the system if the user grants location services permission.,FR
407,System shall be able to display a failure message and return the user to the home page if it's unable to successfully update the location.,FR
408,System shall be able to update the page with links to nearby sites based on the user's location.,FR
409,System shall be able to construct an Ajax Response to update the home page with links to nearby sites.,FR
410,"System shall be able to provide a list of the 3 nearest sites, sorted alphabetically by name, with links to their respective pages.",FR
411,"System shall be able to present the sites on a map, marked with their names, descriptions, and links to their respective pages.",FR
412,"System shall be able to perform distance calculations and access geolocation information for the user, sites, and nearby sites.",FR
413,System shall be able to display a list of all sites sorted alphabetically (A-Z) by site name when user clicks a Browse Sites link on the homepage.,FR
414,System shall be able to collect and sort a list of all sites by name.,FR
415,System shall be able to build URLs for each sites page.,FR
416,System shall be able to display a campus map with all historical sites marked upon clicking a Map Sites link on the homepage.,FR
417,"System shall be able to place a marker for each historical site on the map, including the site name, a short description, and a link to the sites page.",FR
418,"System shall be able to display a list of thumbnail images for a site, sorted from oldest to newest by year, when on the sites page.",FR
419,System shall be able to return a no image message if no image is available for a site.,FR
420,System shall be able to replace the main site image and description with the corresponding ones from a clicked thumbnail image on the sites page.,FR
421,System shall be able to display an enlarged version of the main site image when the user clicks on it on the sites page.,FR
422,System shall be able to display a walking tour page when the user clicks a Walking Tour link.,FR
423,"System shall be able to display an ""About"" page when the user clicks an ""About"" link.",FR
424,System shall be able to operate without storing any personal user data.,FR
425,System shall be able to delete user location information nightly via a cron job.,FR
426,System shall require authorization for project admins before they can access the admin interface to manage project sites.,NFR
427,System shall implement standard web security measures.,NFR
428,"System shall be designed for easy extensibility, maintainability, and potential release as an open-source application.",NFR
429,System shall be deployable and operational in under one minute upon USB insertion.,NFR
430,"The system shall be designed for extensibility, maintainability, and open-source release.",NFR
431,Upon the USB being plugged in the system shall be able to be deployed and operational in less than 1 minute,NFR
432,The system shall be able to handle 1000 customers logged in concurrently at the same time.,NFR
433,Citizens can file complaints with the police.,FR
434,The police will then investigate the complaint based on evidence and facts.,FR
435,"Interfacing with the courts during the prosecution of cases is an integral part of the
responsibilities of police personnel.",FR
436,The system shall be able to perform basic and advanced searches on cases for police personnel through the Search module.,FR
437,The system shall be able to facilitate information exchange between citizens and police units/personnel through the Citizen Interface module.,FR
438,The system shall provide role-based landing pages to users to assist with navigating the CCTNS application.,FR
439,The system shall be configurable to meet specific state requirements and keep data elements and rules up-to-date.,FR
440,The system shall be able to provide adequate response times for commonly performed functions under both standard and peak loads across all user interfaces of the application.,NFR
441,The system shall perform searches returning results within 5-8 seconds (simple) and 10-15 seconds (advanced) regardless of data size.,NFR
442,"The system shall be able to retrieve and display a recently accessed (within the last 2 months) case within 5-8 seconds, regardless of storage capacity or the number of cases in the system.",NFR
443,The system shall be scalable to accommodate police stations of all sizes and caseloads.,NFR
444,The system shall be able to support a multilingual interface.,NFR
445,The user shall be able to access help content in both offline and online modes.,NFR
446,The system shall be able to provide an interface for users to log and track defects and enhancement requests for the application.,FR
447,"The system shall be able to send alerts (e.g., email, SMS) to users upon their request whenever an action is taken on their defect or enhancement request.",FR
448,The system shall be able to allow users to track the status of their submitted defects or enhancement requests.,FR
449,"The system shall be able to allow help-desk users to view reports on submitted defects and enhancement requests categorized by type, status, and submission time.",FR
450,The system shall be accessible to users both from within the application and through a web browser interface.,NFR
451,The System must allow the user to limit access to cases to specified users or user groups.,NFR
452,the system shall enforce role-based access control (RBAC) for its functionalities.,NFR
453,The System must allow a user to be a member of more than one group.,NFR
454,The System must allow only admin-users to set up user profiles and allocate users to groups. ,NFR
455,"The System must allow a user to stipulate which other users or groups can access cases. 
",NFR
456,"The System must allow changes to security attributes for groups or users (such as access rights, security level, privileges, password allocation and management) to be made only by super-user. 
",NFR
457,System shall restrict search results to only records the user has access rights for (both quick and advanced searches).,NFR
458,System shall log unauthorized access attempts to cases in the audit trail.,NFR
459,"The system shall be able to create a complete audit trail for all case access, activities, and related documents or data.",NFR
460,"All error messages produced by the System must be meaningful, so that they can be appropriately acted upon by the users who are likely to see them. 
",NFR
461,"The System must employ a single set of user interface rules, or a small number of sets to provide a familiar and common look and feel for the application. ",NFR
462,"Ideally, each error message will be accompanied by explanatory text and an indication of the action(s) which the user can take in response to the error. ",NFR
463,"The System must be able to display several entities (cases, suspects) simultaneously.",NFR
464,"The system shall allow users to customize interface elements (displayed columns, layout) and save these preferences in their profiles.",NFR
465,The System must provide End User and Administrator functions which are easy to use and intuitive throughout. ,NFR
466,Frequently-executed System transactions must be designed so that they can be completed with a small number of interactions (e.g. mouse clicks). ,NFR
467,The system shall comply with Standard ISO 9241 for user interface design.,NFR
468,The system shall provide textual descriptions or alternative functionalities for all non-text media like images and videos.,NFR
469,"The system shall provide self-descriptive navigation, allowing users to understand their location, history, and future options within the application.",NFR
470,The system shall be able to offer users alternative ways to navigate to the same content.,NFR
471,The system shall minimize splash screens and only display them if they provide valuable information to the user.,NFR
472,The system shall allow users to skip the splash screen if one is present.,NFR
473,"The system shall minimize vertical scrolling by prioritizing top placement of important information and utilize links for less crucial details, and avoid horizontal scrolling altogether.",NFR
474,The system shall minimize user errors and make error recovery effortless.,NFR
475,"The user interface shall display clear error messages explaining the issue and suggesting solutions, all in the user's chosen language.",NFR
476,"The system shall be able to handle user interfaces that accept and display information like currency, measurements, dates, and addresses in a way that is clear for users from various backgrounds.",NFR
477,Users shall be able to resize text using built-in functions or appropriate methods.,NFR
478,The system shall ensure that textual content is free of spelling and grammatical errors for clear readability.,NFR
479,"The system shall present information on the screen in a user-friendly way using short sentences, clear sections, and bullet points for easy reading and understanding.",NFR
480,The system shall ensure text readability considering display characteristics and follow ISO 9241-303 for screen text legibility.,NFR
481,"System shall use clear and familiar labels for navigation links, considering users' general knowledge and experience with similar systems.",NFR
482,The system shall be able to clearly mark links that open in new browser windows or pop-up windows.,NFR
483,The System must be available to users on all weekdays/xxx days per year. ,NFR
484,The system shall have planned downtime not exceeding <xx> hours in a rolling three-month period.,NFR
485,The system shall have unplanned downtime not exceeding a specified duration (to be determined) in a rolling three-month period.,NFR
486,The system shall experience no more than <x> unplanned outages in a rolling three-month period.,NFR
487,The System must provide adequate response times for commonly performed functions under both standard and peak conditions,NFR
488,The application must be able to link up with the INTERNAL system in order for users to properly log in and be identified.,NFR
489,The system shall be able to retrieve and display frequently accessed cases (within the last 2 months) within 5-8 seconds regardless of data volume.,NFR
490,The system shall be scalable and accommodate police stations of all sizes with varying caseloads.,NFR
491,The system shall be able to support a user interface in multiple languages.,FR
492,Upon the USB being plugged in the system shall be able to be deployed and operational in less than 1 minute.,NFR
494,The system shall be able to retrieve 200 products per second.,NFR
495,The system shall be able to add product to shopping cart in less than 2ms.,NFR
496,The system shall be able to search for a specified product in less than 1 second.,NFR
497,The system shall be able to email customer and vendor in less than 1 second.,NFR
498,The system shall be able to validate credit card in less than 2 seconds.,NFR
499,The system shall be able to acquire shipping charges in less than 2 seconds.,NFR
501,"The system will do periodic backups through a live internet connection.
",NFR
502,"The system shall validate credit cards against fraud.
",NFR
503,The system shall encrypt all sensitive information via https.,NFR
504,The system shall encrypt all customer data in database.,NFR
506,The system shall detect consecutive failed login attempts,NFR
507,"The system shall be protected by open source firewall called Firestarter.
",NFR
508,The system shall have an availability of 99.99%.,NFR
509,The system shall perform searches via Dijkstra's shortest path algorithm.,NFR
510,"For returning customers, the system shall validate existing credit card in system after each log in.",NFR
511,The system shall automatically compress image files that are too large in size.,NFR
512,The system will employ on demand asynchronous loading for faster execution of pages.,NFR
513,The system shall validate email address existence.,NFR
514,The system shall be easy to use.,NFR
515,The system shall be easy to learn.,NFR
516,"The system shall utilize help bubbles to assist managers, customers, and administrators ",NFR
517,The system shall employ easy to locate buttons,NFR
518,The system shall prompt customer with friend easy to read error messages.,NFR
519,The system shall utilize consistent symbols and colors for clear notifications.,NFR
520,The system shall be easily updatable for fixes and patches.,NFR
521,"The system shall create logs of all changes, updates, or fixes that are done to the site.",NFR
522,The system shall be easy to upgrade.,NFR
523,The system shall be extremely portable via the usb drive.,NFR
524,The system shall be easy to migrate or backed up via another usb drive.,NFR
525,The system shall be able to run in debug mode.,NFR
526,The system shall be able to process test credit card transactions.,NFR
527,The system shall be able to process test shipping orders.,NFR
528,The system shall be able to create a test environment for the web order system.,NFR
529,The system hardware shall be able to receive fixes and patches over an internet connection.,NFR
530,Yoggie shall coordinate on future enhancement and features with our organization.,NFR
531,"System shall allow authorized personnel within the same department to update the database directly, adhering to established access controls.",FR
532,"For interdepartmental requests, the system shall require approval from both a DA and faculty group member, unless submitted by a higher-level group.",FR
533,The system shall be able to process inter-faculty transfer requests initiated by authorized users and approved by faculty groups or higher levels.,FR
534,The system shall require university group approval for outgoing transfers.,FR
535,"The system shall be able to grant edit permissions for assets to departmental administrators, inventory users, faculty users, and university users based on their department affiliation and authorization level.",FR
536,The system shall be able to modify all fields of an edited asset except for identifier (ID) fields.,FR
537,The system shall be able to accept bulk entry files for data import.,FR
538,The system shall be able to automatically assign ownership of any asset to the department if the asset is assigned to a DA group member or an authorized inventory group member.,FR
539,The system shall be able to allow any faculty member to add inventory for all departments they have access to.,FR
540,The system shall allow any authorized university group member to add assets to the inventory.,FR
541,The system shall be able to perform bulk asset entry.,FR
542,The system shall be able to handle requests for case information and actions from any authorized user.,FR
543,The system shall be able to manage request workflows where requests require approval by authorized administrative users.,FR
544,The user shall be able to perform returned asset inspection and update inventory records.,FR
545,The system shall allow IT group members to create new spaces and modify the floor structure upon receiving an exception request from any administrative level.,FR
546,The system shall allow administrators and authorized inventory group members to view and approve pending requests at their level.,FR
547,The user shall be able to receive email notifications when their request is processed.,FR
548,The system shall be able to add requests to a waiting queue for processing.,FR
549,The system shall be able to update inventory automatically upon user receipt of a requested asset.,FR
550,The user shall be able to authenticate using a username and password.,FR
551,"A user with administrative privileges shall be able to delegate some or all their authorized actions to another user, granting them the inventory administrator role.",FR
552,The system shall be able to generate asset reports based on location.,FR
553,The system shall be able to generate reports.,FR
554,The user shall be able to learn and master the system within 2 to 4 hours.,NFR
555,The system shall be highly available during working hours with all maintenance and backup activities occurring outside of these times.,NFR
556,"The system shall be a web application deployable on Microsoft or Unix platforms and accessible through browsers like IE, Firefox, Chrome, Opera, or Safari.",NFR
557,Users shall authenticate using a username and password.,NFR
558,Users shall be able to access functionalities based on their assigned roles.,NFR
559,System shall restrict local access and maintenance of database servers to authorized IT team members only.,NFR
560,The system shall enforce a time limit on queries to prevent them from exceeding one minute in execution time.,NFR
561,The system shall be able to perform periodic backups.,NFR
562,The system shall be designed to facilitate future evolution and maintenance operations.,NFR
563,The THEMAS system shall control the heating and cooling units that are defined as part of the THEMAS system.,FR
564,Initialization Data,FR
565,"The THEMAS system shall use the information contained in the initialization data file to determine which heating and cooling
units are part of the THEMAS system.",FR
566,Each thermostat shall have a unique identifier by which that thermostat is identified in the THEMAS system.,FR
567,Each quadrant of each floor shall have a thermostat which is to be used to provide temperature data to the THEMAS system.,FR
568,There shall be a maximum number of heating or cooling u nits that can be on at any given time.,FR
569,The system shall be able to use trigger values in combination with current temperature to determine heating or cooling activation.,FR
570,The trigger values shall reside in an initialization file.,FR
571,The THEMAS system shall ensure the temperature reported by a given thermostat shall not exceed a maximum deviation value of 3 degrees Fahrenheit.,FR
572,The over temperature values shall reside in an initialization file.,FR
573,"Upon initialization, the THEMAS system shall be able to automatically turn off all heating and cooling units.",FR
574,The THEMAS system shall be able to determine the operational state of all heating and cooling units by issuing a power off command.,FR
575,The THEMAS system shall be able to accept temperature readings from thermostats only within a predefined valid range.,FR
576,The THEMAS system shall be able to identify when a reported temperature or a changed setting violates user-defined temperature limits.,FR
577,The THEMAS system shall be able to monitor temperature by comparing reported values to settings and detecting any exceeding of specified limits.,FR
578,The system shall be able to output the temperature status when the measured temperature (T) is within the acceptable range defined by the lower limit (LO) and upper limit (UO).,FR
579,The system shall be able to activate the appropriate heating or cooling unit based on a predefined temperature differential between the current temperature and setting.,FR
580,The THEMAS system shall be able to control all defined heating and cooling units.,FR
581,The THEMAS system shall be able to generate and record an event when a heating or cooling request is denied.,FR
582,The system shall be able to monitor thermostat and heating/cooling data to trigger specific events.,FR
583,The THEMAS system shall control the heating and cooling units that are designated as part of the THEMAS system.,FR
584,The system shall be able to translate user requests to turn on/off heating or cooling units into corresponding control commands.,FR
585,"Once a request to turn on or off a heating or cooling unit, the THEMAS system shall provide the necessary control signal for the unit. ",FR
586,The system shall be able to interpret desired heating/cooling unit and its requested ON/OFF status.,FR
587,"When an event occurs, the THEMAS system shall identify the event type and format an appropriate event message.",FR
588,The user shall be able to play or learn about Mahjong.,NFR
589,"The system shall be usable by users with basic PC, Macintosh, or Unix operating system knowledge.",NFR
590,User shall be able to play multiplayer Mahjong without requiring advanced knowledge of TCP/IP networking.,NFR
591,User shall be able to play Mahjong with no prior knowledge of the rules.,NFR
592,The user shall be familiar with a Web Server environment.,NFR
593,The user shall be able to configure and operate a TCP/IP server.,NFR
594,The user shall be able to understand basic networking concepts and access the hostname and IP address of the server running the MultiMahjongServer program.,NFR
595,The system shall be able to display a dialogue box explaining the nature of the error for non-fatal errors.,NFR
596,The system shall be able to allow continued gameplay upon encountering a non-fatal error.,NFR
597,The system shall be able to ensure a response time of 1 minute or less for Commanding Officer (CO) actions in both single and multiplayer modes.,NFR
598,The system shall be able to support concurrent multiplayer Mahjong games for up to 10 tables with a maximum of 40 players.,NFR
599,The system shall be able to calculate possible Chow/Pung/Kong/Mahjong moves within 5 seconds of receiving the latest discard information.,NFR
600,The system shall be able to exchange data with the MultiMahjongServer without encryption as the data is considered non-sensitive and poses no risk to system integrity.,NFR
601,The MultiMahjongServer will have no graphical user interface and will be run using a command prompt.,NFR
603,The MultiMahjongClient will have a graphical user interface that the user will be able to interact with using a mouse and a keyboard. ,NFR
604,The MultiMahjongClient will have sound effects associated with the game actions.,NFR
605,The system shall be able to display its graphical user interface (GUI) within an 800 x 600 pixel resolution.,NFR
606,All graphics will be in 16 bit colour.,NFR
607,"When a button becomes active, it will use animation to get the user's attention.",FR
608,"When a player performs a Chow/Pung/Kong/Mahjong, the tiles involved will be animated.",FR
609,The user may click in the frame that contains the remaining wall and a frame showing the discarded tiles will be shown.,FR
610,"An administrators manual, explaining how to install and operate the MultiMahjongServer, will be provided.",NFR
611,"A users manual, explaining how to install and operate the MultiMahjongClient, will be provided.",NFR
612,"This documentation will be available in electronic files, and, with the exception of source code, in hard copy format.",NFR
613,The MultiMahjongServer will be designed to reside on a central computer (server) that is connected to a TCP/IP network and has a unique IP address.,FR
614,The MultiMahjongServer will allow connections from MultiMahjongClients and communicate with them using IP.,FR
615,The MultiMahjongServer shall act as a central relay for data between MultiMahjongClients.,FR
616,"The MultiMahjongServer shall automate game initialization functions including random tile order, seating positions, and storing game info.",FR
617,The MultiMahjongServer will contain a High Scores list with the names and scores of the top MultiMahjong players.,FR
618,The MultiMahjongServer will allow players on MultiMahjongClient programs to chat with each other in real time.,FR
619,The MultiMahjongServer will allow players on MultiMahjongClient programs to modify their own names and icons during gameplay (as opposed to only at the beginning).,FR
620,The MultiMahjongServer will support an architecture whereby all Computer Opponents (CO) required will reside on it instead of on the MultiMahjongClient programs.,FR
622,The MultiMahjongServer will be able to save preferences to a file and read from that file at start-up.,FR
623,The MultiMahjongClient must send this game initialisation information to the MultiMahjongServer so that the MultiMahjongServer can create a new game.,FR
624,"When a user selects the option to join an existing game, the MultiMahjongClient will retrieve a list of any games that still require players from the MultiMahjongServer.",FR
625,The MultiMahjongClient must send this join information to the MultiMahjongServer,FR
626,The MultiMahjongClient will save the user preferences in a file and read them in when the program begins.,FR
627,Users who create a new game will be able to change the ability level of any CO involved in the game. ,FR
628,Users who create a new game will be able to choose to play different variations of Mahjong rules other than those described in Section 4.3.1.,FR
629,"Any user who creates or joins a game will be able to upload their own JPEG or GIF image that they wish to have displayed above their name, if they do not wish to use a preset icon.",FR
630,"The MultiMahjongClient must only allow players to make moves according to the Chinese rules of Mahjong as described in the rulebook, How to Play Mah Jong.",FR
631,The MultiMahjongClient will inform the user whose turn it is to pick up a tile.,FR
632,The MultiMahjongClient will inform the user of legal Chow/Pung/Kong/Mahjong options under Chinese rules and send chosen actions to the MultiMahjongServer.,FR
633,"User's will be able to pick up a tile from the wall if it is their turn. If they choose to pick up, the MultiMahjongClient must send this information to the MultiMahjongServer.",FR
634,"User's will be able to discard a tile if they have picked one up. When they choose to discard, the MultiMahjongClient must send this information to the MultiMahjongServer",FR
635,The MultiMahjongClient shall inform the user if another player is fishing.,FR
636,The MultiMahjongClient shall inform the user if another player goes Mahjong.,FR
637,The MultiMahjongClient shall inform the user if the hand has ended in a draw.,FR
638,The MultiMahjongClient will keep the user's tiles in order.,FR
639,The MultiMahjongClient will play sound effects associated with certain game actions.,FR
640,Users will be able to turn the sound on or off at any stage during the game.,FR
641,Users will be able to view the High Scores list that is located on the MultiMahjongServer,FR
642,Users will be able to Undo their last move if playing in single player mode.,FR
643,The MultiMahjongClient will automate the picking up of a tile from the wall if the user has no other option.,FR
644,Users will be able to Save their game if playing in single player mode.,FR
645,User's will be able to chat with each other in real time.,FR
646,User's will be able to change their icons/pictures and names during the game.,FR
647,The game will end when all 4 rounds have been played or if the user chooses to end the game.,FR
648,The user will be able to end the game at any stage of the game.,FR
649,The MultiMahjongServer will inform all MultiMahjongClients connected to the game that the game has ended,FR
650,"If a user leaves the game prematurely, a new CO is created on another user's machine to fill their place. ",FR
651,The CO must play moves according to the Chinese rules of Mahjong.,FR
652,The CO will not have access to the data containing the faces of any tiles in the wall or any concealed tiles in any other players' hands.,FR
653,"The CO will be able to pick up tiles off the wall, discard tiles, reveal Kongs, and Chow/Pung/Kong/Mahjong.",FR
654,The CO will have access to the number of tiles in the wall or in a player's hand.,FR
655,The CO will be able to read any player's exposed or revealed hands.,FR
656,"The CO will be able to determine what tiles have not been played according to the tiles that have already been discarded, exposed or revealed.",FR
657,"The CO will be able to recognise ""almost finished"" sets of tiles (i.e. 2 tiles in a sequence is an almost finished Chow) and will not discard tiles in such sets. ",FR
658,"The CO will be able to play at 3 different ability levels: Beginner, Intermediate and Advanced.",FR
659,The CO will be able to perform look ahead algorithms to determine its best move in the Intermediate and Advanced levels.,FR
660,The CO will be able to perform calculations at any stage of the game.,FR
661,The CO will be able to play any version of the rules that are specified by the user who creates the game.,FR
662,There will be CO's of different playing styles that the user can choose from.,FR
663,The TCS shall have the functionality to allow the operator to generate a UAV mission plan.,FR
664,The TCS shall have the functionality to receive and process UAV mission plans from service specific mission planning systems.,FR
665,The TCS shall have the functionality to transmit UAV mission plans to service specific mission planning systems.,FR
666,The TCS shall facilitate automated processing of mission plan data received via C4I interfaces in order to extract the appropriate mission planning data.,FR
667,The TCS shall have the functionality to receive and process UAV mission plans from other TCSs.,FR
668,The TCS shall have the functionality to transmit UAV mission plans to other TCSs.,FR
669,"A Mission Plan shall include a Flight Route Plan for a selected AV, a Payload Plan for the selected
payload, and a Communications Plan.",FR
670,"The TCS shall be capable of storing a minimum of 500 mission plans under unique names to allow for later
retrieval. ",FR
671,"The TCS mission planning function shall provide a graphical user interface that gives the operator the
ability to define waypoints on a map based display using a pointing device with full keyset redundancy.
",FR
672,"The TCS shall provide the capability to compute the range and bearing between two geographic positions
on the map display.",FR
673,"The TCS shall have the capability to import as well as create and modify map display overlays for fire support coordination measures [SSS547], airspace control measures [SSS548], and threat identification measures. [SSS060]
",FR
674,"The TCS shall allow the operator to enter as well as review mission plan parameters, including AV flight parameters, payload control parameters, data link control parameters, AV VCR control parameters (if
applicable to the selected AV), and AV loiter patterns. [SSS068]",FR
675,The TCS shall provide the system functionality necessary to upload a flight route plan and payload plan (if applicable) to the AV via the selected system data link as well as direct ground connection.,FR
676,"TCS shall provide the capability for the operator to retrieve a mission plan for viewing, modification, as well as deletion at the operator's discretion [SSS071], and allow the operator to save the mission plan under a different name, for future retrieval",FR
677,The TCS shall notify the operator of all discrepancies found during the mission plan check as well as indicate successful completion of the mission plan check.,FR
678,"The TCS shall provide the capability to override validation faults after the fault is acknowledged by the
operator. ",FR
679,The TCS shall allow the operator to set the LOL delay timer(s) during mission planning.,FR
680,"The Flight Route Plan, as a minimum, shall include AV flight path information, Loss of Link plan, AV VCR control tasking (if applicable to the selected AV), and data link control information.",FR
681,The TCS shall allow the operator to define the desired AV route in waypoint format,FR
682,The TCS shall provide the capability to enter waypoint data in alphanumeric format.,FR
683,The TCS shall present to the operator the estimated time of arrival and fuel status at each programmed waypoint of the proposed mission plan.,FR
684,"At every waypoint and every 5 minutes, the TCS shall compute the AV's flight range based on remaining fuel.",FR
685,"The TCS shall provide the capability to modify the maximum number of threats displayed, when de-clutter is selected.",FR
686,A de-clutter capability shall be provided that allows the operator to display only a selected number of the most significant threats.,FR
687,The TCS shall provide the capability to display waypoint data in alphanumeric format.,FR
688,"The TCS shall have the capability to load a map onto the display, to zoom in and out, to scroll, to print, and to clear a map on the map display.",FR
689,The TCS shall provide the operator with a clearly indicated map scale.,FR
690,The TCS shall be able to generate payload planning information to be uplinked to the AV separate from a flight route plan,FR
691,"The TCS shall provide the system functionality necessary to generate a payload plan that, as a minimum, shall include the following information:",FR
692,"The TCS will have the capability to control and monitor an AV, payload, data link, and C4I interfaces during the execution of a mission.
",FR
693,"While flying two MAE AVs Beyond Line Of Sight (BLOS), the TCS shall provide full control functionality of each AV. ",FR
694,The TCS shall transmit command and control information to the AV via the uplink to the AV,FR
695,"The TCS shall be capable of being interoperable with Predator and Outrider UAVs across the 5 levels of
UAV interaction.",FR
696,The TCS shall have the capability to control and monitor multiple types of AVs.,FR
697,TCS shall notify the operator when AV performance parameters are out of limits.,FR
698,The TCS shall provide the capability to pass control of an AV to another TCS,FR
699,The TCS shall provide the capability to control the AV flight commands as well as to release the AV to an autonomous flight control mode.,FR
700,AV telemetry data shall be available to support other TCS functions as required.,FR
701,The TCS shall provide the capability to control the flight of the selected AV in accordance with the specific AV's operational performance capabilities.,FR
702,The TCS shall provide the capability to fully control and display the AV's Identification Friend or Foe (IFF).,FR
703,"The TCS shall provide the capability to enter AV preset limits which, as a minimum, will include airspeed limits, altitude limits, and fuel limits.",FR
704,The TCS shall allow the operator to control an AV using the LOS as well as SATCOM data links.,FR
705,The TCS shall provide the necessary system capabilities required for AV flight control BLOS via uplink command to two MAE air vehicles.,FR
706,"The TCS shall support operation of the AV via all flight modes, to include manual controls.",FR
707,"The TCS shall provide the capability to implement an emergency action plan, if supported by the AV, to control the AV during equipment failures.",FR
708,The TCS shall provide interactive displays necessary to command the flight of an AV.,FR
709,The TCS shall allow the operator to command the flight behavior characteristics inherent to the selected AV.,FR
710,"The operator shall have the capability to initiate as well as change, to include as a minimum manual override, flight behaviors by sending the proper control commands to the UAV.",FR
711,The TCS shall have the capability to command the AV to use the navigation methods inherent to the selected AV.,FR
712,"The operator shall have the capability to initiate as well as change, to include as a minimum manual override, UAV navigation methods by sending the proper control commands to the UAV. ",FR
713,"The TCS shall provide the functionality to control, monitor, and display the operation of the Air Data Terminal (ADT).",FR
714,The TCS shall provide the functionality to control the ADT antenna.,FR
715,"The TCS shall provide the functionality to control the power, transmitter signal strength, and frequencies used by ADT for data link communication.",FR
716,"As an objective, the TCS shall support an automatic launch and recovery system.",NFR
717,"As and objective, the TCS shall be interoperable with the Integrity Beacon Landing System (IBLS)",NFR
718,"TCS shall provide the capability to monitor specific telemetry elements real-time, and record all telemetry elements for future review and processing.",NFR
719,"The TCS shall display the AV status, to include but not be limited to the AV location and flight and avionics system status.",FR
720,"When the data link is interrupted, the TCS shall present the last known AV status values and the time at which the last values were reported. ",FR
721,"The TCS shall be capable of displaying fuel parameters to the operator to include as a minimum, remaining fuel, flow rate, and bingo fuel.",FR
722,"The TCS shall compute the estimated position of the AV during Loss of Link (LOL) based upon the last known AV position and anticipated flight path based on current flight mode (e.g. flight route plan mode, emergency flight route plan mode, maintain current heading mode).",FR
723,TCS shall display a LOL timer to the operator initiating a LOL onset.,FR
724,The TCS shall be capable of being interoperable with the installed payloads across the 5 levels of UAV interaction.,NFR
725,The TCS will have the capability to control and monitor the AV payload(s).,FR
726,The TCS shall have the capability to receive data from and control payloads on an AV that is being controlled from another TCS.,FR
727,The TCS shall provide the necessary system capabilities required for payload control beyond line of sight via uplink command of two air vehicles of the same type using sequential communication techniques.,NFR
728,"The TCS shall receive, process, and present payload data to the operator so that the status of the payload can be determined.",NFR
729,The TCS shall permit the operator to control the payload using all methods supported by the payload installed in the selected AV,NFR
730,The TCS shall provide a graphical user interface display for the purpose of controlling the payload,FR
731,The TCS shall provide override of payload automated as well as preprogrammed inputs.,FR
732,TCS shall provide the capability to monitor payload adherence to the uplinked mission plan.,FR
733,The TCS shall display the current search footprint and the search history of the payload on the map.,FR
734,The TCS shall have the capability to simultaneously control and monitor a line-of-sight as well as a BLOS data terminal.,FR
735,"The TCS shall be capable of interfacing with the specified data terminal and issuing data link terminal commands required to establish, control, and maintain the data link with a selected AV.",FR
736,"Data terminal control shall include, but is not limited to, antenna pointing control, transmitter control, and receiver control.",FR
737,The TCS shall be capable of automatically selecting the proper mode of operation for the selected data terminal.,FR
738," As a minimum the TCS LOS data terminal control modes shall include acquisition, autotrack, search,manual point, omni directional, as well as directional modes of operation, if applicable to the selected data link.",FR
739,"The operator shall be able to manually override any automatic data terminal control mode selection if desired, except during Emission Control (EMCON) and Hazards ofelectromagnetic Radiation to Ordnance (HERO) conditions.",FR
740,The TCS shall support a LOS data link and SATCOM data link capability,FR
741,"For shipboard operations, the TCS shall provide the capability to switch to a second LOS antenna, if a second antenna is available, when desired.",FR
742,"The TCS shall provide an interactive display for the purpose of controlling the data link terminal.
",FR
743,The TCS will interface with external systems to conduct mission coordination and operations.,FR
744,The system shall remotely monitor the status and operational changes of wind power plant and network devices.,FR
745,"The system should be able to handle parameter changes in three ways: single parameter, subset of settings, and pre-defined parameter set switching.",FR
746,"The system shall manage the entire software lifecycle, including version control, download, activation, and retrieval.",FR
747,The system shall deliver data from its originator to its destination with an acceptable residual error rate to ensure non-corruption of transferred data.,NFR
748,"The system shall encrypt data items to prevent unauthorized access, tampering, and eavesdropping.",NFR
749,"The system shall be able to retransmit, reconstruct, or reprocess data to ensure its reliability in case of loss or inaccessibility.",NFR
750,The APAF system shall acquire from ESOC the telemetry data of the ASPERA-3 Experiment and Mars Express Orbit/Attitude.,FR
751,The APAF system shall process all ASPERA-3 science data into IDFS data sets. ,FR
752,"The APAF system shall process the engineering and ancillary information necessary for calibration and science validation
into IDFS data sets.",FR
753,Intermediate files of cleaned-up ASPERA-3 and MEX OA telemetry shall be generated in the event that cleaned-up telemetry is not provided by ESOC.,FR
754,The ASPERA-3 and MEX OA telemetry data shall be stored on a local SwRI archive.,FR
755,The ASPERA-3 and MEX OA IDFS data sets shall be stored on a local SwRI archive,FR
756,Any APAF-generated intermediate files of ASPERA-3 and MEX OA cleaned-up telemetry shall be stored on a local SwRI archive.,FR
757,Web-based displays of the most current ASPERA-3 data shall be provided for public view.,FR
758,Web-based displays defined by the ASPERA-3 team shall be provided where any available ASPERA-3 data (as opposed to just the most current) can be used for science analysis.,FR
759,The web-based displays defined by the ASPERA-3 team to be used for science analysis shall be password protected until the ASPERA-3 data is made public.,FR
760,The APAF ground data system shall have built-in error handling.,NFR
761,ASPERA-3 and MEX OA IDFS data and any APAF-generated intermediate files of ASPERA-3 and MEX OA cleaned-up telemetry shall be provided to all ASPERA-3 Co-Is.,FR
762,IDFS data access software developed by SwRI shall be made available to the ASPERA-3 Co-Is.,FR
763,Science analysis software developed by SwRI to analyze IDFS-formatted data shall be made available to the ASPERA-3 Co-Is.,FR
764,The APAF system web server shall be password protected where appropriate to allow only pertinent ASPERA-3 team members access. ,NFR
765,There shall be a UNIX-based APAF system development computer. ,NFR
766,There shall be a UNIX-based APAF system production computer with an archival system. ,NFR
767,There shall be a web server for the APAF system,NFR
768,There shall be a network connection between SwRI and NISN. ,NFR
769,SwRI shall provide APAF system maintenance.,NFR
770,SwRI shall provide software support for the APAF system.,NFR
771,"Science analysis software shall be integrated into the NASA approved data repository. 
",NFR
772,ASPERA-3 data shall be provided to NASA PDS no later than 6 months after acquisition.,NFR
773,"Program will have a simple, graphically appealing interface designed for sixth graders.",NFR
774,Software will run on most computers since it only requires Macromedia Flash and HTML.,NFR
775,"The system shall utilize a web browser compatible with the Flash plug-in (requirements in ""Playback"" section).",NFR
776,The system shall be able to present an introductory cinematic to establish the game's narrative and provide in-game tutorials to aid users in solving fraction problems.,FR
777,The user shall be able to terminate the introductory movie and return to the main menu by clicking the mouse.,FR
778,"The system shall offer a menu with in-game help, a link to play the game, and a link to the Denominators' web page.",FR
779,The user shall be able to initiate the game by clicking a button or learn more by following a link to the Denominators' web page.,FR
780,The user shall be able to select a button to proceed either to the game sequence component or the Denominators' web page.,FR
781,The system shall be able to generate a series of multiple-choice fraction questions that form a cohesive storyline to introduce a specific topic.,FR
782,The user will respond to questions by clicking on the desired answer from a set of choices,FR
783,The user shall be able to end the game or return to the main menu by clicking with the mouse.,FR
784,The user shall be able to choose between returning to the main menu or exiting the game.,FR
785,The user shall be able to see their overall score and a plot conclusion to their answers to key story questions.,FR
786,"The user shall input new data through pulldown menus and text fields, navigating between pages with separate questions by clicking a button.",FR
787,The user will follow a number of links to World Wide Web documents.,FR
788,The product will be as secure as the web browser that will run the product.,NFR
789,The product will be available over the Internet via the S2S website.,NFR
790,"Reliability will be ensured by extensive testing by the team members and mentors, if available. 
",NFR
791,"The system shall be maintainable through modular code structure, allowing for easy future modifications by separating functionalities into subscenes within the main Flash game.",NFR
792,The BE system shall be able to monitor and acknowledge receipt of all data received from the Monitor and Control System (M&C).,FR
793,The BE system shall be able to detect and report interruptions of data delivery from the Correlator to M&C.,FR
794,The BE system shall verify successful delivery of output to the e2e,FR
795,The BE system shall be able to ensure the secure delivery of all internal messages.,FR
796,"The BE shall be able to handle lag sets up to a maximum size of 262,144 values",NFR
797,The BE system shall be able to receive data packets from the Correlator on the Backend network interface.,FR
799,The BE shall store input data records in a memory buffer and track buffer locations of all input data until data processing is complete.,FR
800,"The BE shall respond to incoming correlator mode changes, user optional processing sequence and/or parameter changes, and other external inputs that affect the data processing pipeline.",FR
801,"The system shall be able to validate and monitor time series data for correct order, valid values, and out-of-tolerance conditions.",FR
802,The BE shall replace all invalid data with zero values.,FR
803,The BE shall be able to apply normalizations based on reported data invalid counts. ,FR
804,The BE shall be able to apply corrections based on state count and/or quantizer power measurement data. ,FR
805,The BE shall be able to make time stamp adjustments as required by the observational mode and correlator output parameters.,FR
806,The BE shall be able to perform Fourier Transform the lag set time series. ,FR
807,The BE shall be able to apply user selected frequency domain processes.,FR
808,The BE shall combine the finished spectra with meta and auxiliary data to form suitably formatted output data sets.,FR
809,The BE shall send output data to the e2e System.,FR
810,"The BE shall verify that all sent data was successfully
received. Report all errors. ",FR
811,"The system shall be able to monitor the overall data processing rate, compare it to tolerances, and report any deviations from those tolerances.",NFR
812,"The BE shall trap, flag and repair infs, NaNs, underflows, overflows and other computation errors.",NFR
813,The BE shall periodically or upon request check PIDs and assure that all started tasks are alive and running.,NFR
814,The BE shall periodically or upon request check Backend physical processors and assure that all needed processors are alive and responding,NFR
815,The BE shall periodically or upon request check all Backend internal networks and assure that all communication connections are intact and functioning,NFR
816,The BE shall be able to initiate a processing task on any Backend processor. ,FR
817,The BE shall be able to signal a kill for any Backend process. ,FR
818,The BE shall be able to alter the priority of any of the BE tasks,FR
819,The BE shall be able to initiate a reboot of any Backend a physical processor. ,FR
820,The BE shall be able to initiate a reboot of any internal network.,FR
821,The BE shall be able to redistribute internal workload among its processors. ,FR
822,"The system shall be able to fully reconstruct the raw, original input data from the processed output.",NFR
823,The system shall maintain a memory buffer to store lag frames and track the status of each record in the buffer.,FR
824,The system shall utilize a memory buffer with backup disk storage to store all processed spectra.,FR
825,"The system shall manage names, positions in sequence, and adjustable parameters for all processing pipeline applications.",FR
826,"The system shall generate warning reports including warning number, source, rates (if applicable), and time stamp.",FR
827,"The system shall produce failure reports indicating internal system component failures, including error number and time stamp.",FR
828,"The system shall provide status reports on the functional state of internal system components such as processes, processors, and networks.",FR
829,"The Backend System shall ensure input data fidelity and dynamic range integrity across all processing, manipulation, and I/O functions.",NFR
830,The system shall be capable of flagging and marking corrupted data segments and proceeding without interruption or effect on other data. ,NFR
831,The BE System shall be capable of accepting an aggregate data input stream from the Correlator of a minimum of 1.6 Gbytes/sec.,NFR
832,The BE System shall be capable of delivering an output data stream to the e2e System of a minimum of 25 MBytes/sec,NFR
833,The total processor capability of the BE System shall be sufficient to accomplish all processing tasks while avoiding loss or delay on the input and output data streams.,NFR
834,The BE System shall have sufficient (amount TBD) memory with sufficient (rate TBD) access speeds to accomplish all processing tasks while avoiding loss or delay on the input and output data streams,NFR
835,"All math/science application software shall take optimal advantage of all language, compiler, and system computational features and resources to reduce run times to the minimum practical level.",NFR
836,"All management software functions shall take optimal advantage of all language, compiler and system features and resources to reduce overheads to the minimum practical level.",NFR
837,"All input and output, and storage and retrieval operations shall take optimal advantage of all system resources to reduce overhead and latency to the minimal practical level. ",NFR
838,All data processing functions shall be chainable (outputs pipeable to inputs) and repeatable in the processing pipeline in cases where this makes computational sense. ,NFR
839,"The system shall use industry-standard, commonly available, and widely used operating system, message passing middleware, and programming languages.",NFR
840,"The system shall be able to self-monitor and automatically take actions to address various issues including hardware failures, software crashes, performance degradation, errors, and communication disruptions.",NFR
841,The software part of the system shall be able to perform without total system restart due to internal failure between array maintenance windows.,NFR
842,"The hardware part of the system shall be able to perform indefinitely without complete loss of service, except in the event of total failure of primary and backup power. ",NFR
843,The system shall be capable of responding in a loss-less manner to I/O and processing changes arising from Correlator mode changes.,NFR
844,The system shall continue to operate in a loss-less manner in the event of a temporary (time duration TBD) loss of availability of the e2e System. ,NFR
845,"The system shall be able to complete processing of all onboard data, deliver the results to the End-to-End System and maintain availability for immediate resumption of operations once Correlator access is restored.",NFR
846,"All system processing and interconnect hardware shall be readily accessible for maintenance, repair, replacement and/or reconfiguration",NFR
847,All systems and application source code shall be available to or on the systems that execute it.,NFR
848,Software tools and pre-built applications that do not have source code available shall come with a complete diagnostic package and customer support. ,NFR
849,Operating system software shall either have source code available or come with sufficient diagnostics and customer support.,NFR
850,"I/O, communications, and processing hardware shall be easily expandable, reconfigureable, augmentable and replaceable to meet increasing data transfer and processing demands imposed by EVLA science, Correlator changes, and availability of new hardware.",NFR
851,"Above, shall be accomplished in manner that is transparent to processing, communications and I/O software functions with the possible exception of recompilation of executables. ",NFR
852,The system shall be able to operate seamlessly at its interfaces with hardware modules and software functionality.,NFR
853,The Backend system shall ultimately be scaleable to an extent that it will be capable of handling up to two Gbytes per second per Correlator output channel in real-time.,NFR
854,All users of the system shall login using some form of unique identification.,NFR
855,A system administrator shall have unrestricted access to all aspects of the system.,NFR
856,Each user shall have a set of system access properties that defines the user's privileges within the system. ,NFR
857,The administrator shall have the ability to create and add a new user to the system. ,NFR
858,The administrator shall have the ability to remove a user from the system.,NFR
859,The administrator shall have the ability to edit a user's system access properties.,NFR
860,The administrator shall have the ability to block all access to the system for all users or selectively by user. ,NFR
861,The system shall be able to handle non-real-time operations in a transparent fashion.,NFR
862,Modular design principles shall be employed to the maximum extent possible,NFR
863,Complete and comprehensible hardware systems  specifications and configuration information shall be readily available,NFR
864,Software system and application code shall be well documented and written in a generally familiar language or languages (preferably not more than two).,NFR
865,"Wherever applicable, all computers and peripherals shall be powered though UPS type devices with sufficient capacity for the computers to safely coordinate a system wide shutdown of the correlator hardware in the event of a prolonged power outage",NFR
866,"All computers within the CMCS system shall have the ability for authorized users to directly access individual systems for maintenance and monitoring through remote logins.
",NFR
867,Each computer system in the CMCS shall have a hardware based watchdog timer configured to reboot the system in the case of a system hang.,NFR
868,The CMIB shall conform to both electrical and physical PC104+ standards,NFR
869,"The CMIB shall be able to function as a real-time computer with at least 64MB of RAM, storage, various ports, and network connectivity.",NFR
870,"The system shall support real-time correlator operations, hardware monitoring/control, and PLD/FPGA personality updates over the network.",NFR
871,"The MCCC shall be a high availability type generalpurpose computer capable of supporting multiple Ethernet interfaces, COTS operating systems, and support server/host services for the CMIB operating system.",NFR
872,The MCCC shall have all required disk and file system facilities installed locally such that the system can boot and run in a stand-alone configuration.,NFR
873,"The CPCC shall be able to function as a high availability computer for real-time correlator operations, hardware monitoring/control, and remote PLD/FPGA updates.",NFR
874,The CPCC shall have all required disk and file system facilities installed locally such that the system can boot and run in a stand-alone configuration. ,NFR
875,"The CMCS processors shall be capable of responding to correlator hardware inputs (interrupts) in a deterministic fashion with sufficient performance to avoid data loss, corruption or overflows.
",NFR
876,"The system shall function as a high availability computer for real-time tasks including correlation, hardware management, and remote updates.",NFR
877,"All system error and debug messages shall be categorized in a logical fashion such that message traffic can be filtered as to content, detail, and message rate.",NFR
878,All messages passed between CMCS system layers shall have both UTC and wall clock time stamp information appropriate for the message type.,NFR
879,"Software shall be provided that allows an authorized user full access to all messaging, monitor, and control traffic throughout the CMCS.",NFR
881,"The CMCS shall autonomously monitor and respond to hardware issues, software crashes, resource limitations, errors, and communication failures.",NFR
882,"The software part of the system shall be able to perform without total system restart due to internal failure between system maintenance windows.
",NFR
884,The system shall be able to continue processing of all correlator configuration/control events until the queues of parameters are exhausted and external communications are restored,NFR
885,The system shall be able to sit at idle and resume operations with minimal (amount TBD) delay.,NFR
886,"All system processing and interconnect hardware shall be readily accessible for maintenance, repair, replacement and/or reconfiguration. ",NFR
888,All software modules shall be designed for easy debugging by allowing simulation of inputs and outputs.,NFR
889,"All software processes shall be killable, restartable, debuggable and testable with minimal impact on normal system operations. ",NFR
892,"I/O, communications, and processing hardware shall be easily expandable, reconfigurable, augmentable and replaceable to meet increasing data traffic and processing demands imposed by EVLA science, Correlator changes, and availability of new hardware.
",NFR
893,"Transparency shall be accomplished in manner that is transparent to processing, communications and I/O software functions with the possible exception of recompilation of executables. ",NFR
894,"Seamlessness shall be accomplished in a manner that is seamless, in that it does not affect hardware modules or software functionality that it meets at interfaces. ",NFR
895,"All users of the system shall login using some form of unique identification. (e.g., username and password)",NFR
897,Each user shall have a set of system access properties that defines the users privileges within the system. ,NFR
900,"The administrator shall have the ability to edit a users system access properties.
",NFR
902,The system shall utilize a modular design with hot-swappable components for maximum repairability and uptime.,NFR
903,The system shall provide complete and understandable hardware specifications and configuration details.,NFR
904,Software Coding Practices software system and application code shall be well documented and written in a generally familiar language or languages.,NFR
905,The system shall allow agents to broadcast messages to all other agents on the same local network.,FR
906,The system shall allow agents to multicast messages to all other agents subscribed to the same multicast address.,FR
907,The system shall allow agents to send targeted messages (unicast) to specific agents within the organization.,FR
908,"The system shall allow agents to select between unicast, multicast, and broadcast communication.",FR
909,"The system shall support agent membership in multicast groups, allowing them to join and leave.",FR
910,The system shall support secure communication through message encryption and decryption techniques.,NFR
911,The system shall allow agents to optionally encrypt messages.,FR
912,"The system shall use a best-effort multicast/broadcast approach, where delivery of packets to all specified agents is not guaranteed.",NFR
913,The system shall encrypt messages but cannot guarantee confidentiality due to potential decryption by unauthorized parties.,NFR
914,"The system shall support multicast protocols for sending multicast messages, requiring compatible routers, network cards, and operating systems.",NFR
915,The system shall restrict broadcast message transmission to authorized administrators only.,NFR
916,The tool shall limit general users to a specific set of functionalities.,FR
917,"The automated diagnostic tool shall input sensed data in real time from data acquisition devices and the HVAC unit under diagnosis as well as from data files containing previously acquired data, though not simultaneously.",FR
918,The tool shall input sensed data in real time from data acquisition devices and the HVAC unit under diagnosis. ,FR
919,"The tool shall permit sensed data to be input from an electronic file, though not simultaneously with sensed data from external acquisition hardware. ",FR
920,"The system shall qualify the certainty of each sensed data item during acquisition, flagging doubtful data due to errors or unexpected values.",FR
921,The system shall identify potentially faulty sensor data based on a sensor-specific number of consecutive missed readings due to communication issues.,FR
922," Sensed data used in or supporting diagnostic analyses shall be saved to permanent storage.
",FR
923,"The occurrence of missing data shall be indicated in permanent storage by a unique and obvious place holder or indicator, e.g., a null value or sequence of characters that cannot be confused with nonmissing data.",FR
924, Sensed data input to the tool shall be stored to permanent storage with a precision of three significant figures.,FR
925,The administrator shall have the capability to modify the expected range of sensed data against which the data will be validated.,FR
926,The tool shall associate with each continuous parameter one or more tolerances each corresponding to a different sensitivity level for the tool.,FR
927,"Any and all errors associated with obtaining, validating, converting, or storing the sensed data shall be logged as described in subsequent specifications and selected errors shall be reported to the user.
",FR
928,The automated diagnostic tool shall detect and identify certain performance and operational faults in chiller and cooling tower subsystems of HVAC units following specified algorithms. ,NFR
929, The tool shall be designed to permit the addition of diagnostic algorithms for other subsystems of HVAC units.,NFR
930,Any and all errors associated with failures of the diagnostic algorithms shall be logged as described in subsequent specifications and selected errors shall be reported to the user.,NFR
931,"The tool shall monitor the unit under diagnosis, either in real time or batch mode, for an indefinite period of time or until input data are no longer available, and log diagnostic results as they are determined.
",FR
932,"Diagnostic results that are saved to permanent storage shall be accompanied in storage by the absolute time of occurrence, the identity of the unit to which the diagnostic applies, and the identity of the diagnostic.",FR
933,"The administrator user shall have the capability to adjust the sensitivity of the diagnostic analysis in order to increase or decrease the probability of fault detection.
",FR
934,"The automated diagnostic tool shall display and record diagnostic results. Diagnostic results to be displayed to the user will be done so in a simple, graphical and textual format.",FR
935,"The administrator shall have the ability to specify which diagnostic results will not be reported in any manner, i.e., not detected.",FR
936,"The system shall recognize user selection (by mouse) across the entire width of an item, including its diagnostic indicators, in main, systems, and condition windows.",FR
937,The windows listing diagnostic results shall increase in height as needed to display entries up to a maximum of ten entries.,FR
938,"The building, subsystems, and condition windows shall display the current time if the diagnostic tool is operating in real time. ",FR
939,"If only a single building is defined, the subsystems window shall become the main window of the application and shall have all the functionality of the main window as described in these specifications.
",FR
940,"Each window of the diagnostic tool shall display an animated graphical feature indicating the status, whether active or not, of the diagnostic processing.",FR
941,"The subsystem window shall be modal to the building window, the condition window modal to the subsystem window, and the diagnostic history and diagnostic information windows shall be modal to the condition window.",FR
942,Significant errors in software operation shall be logged to permanent storage with sufficient detail to guide the administrator and to assist support staff in locating and rectifying the error.,FR
943," Software errors logged to permanent storage shall include the absolute time of occurrence, the name of the software module in which the error occurred, the name of the software function in which the error occurred, and a description of the error.",FR
944,"The user interface shall consist of six windows: Main window, configuration window, subsystems window, condition window, diagnostic information window, and diagnostic history window.",FR
945,The main window shall list buildings monitored and summarizing the current diagnostic status of all contained monitored units.,FR
946,The main window shall have main menus entitled File and Status.,FR
947,"The File menu shall offer Configure Diagnostics, Logout, and Exit in that order.",FR
948,The system shall offer a Status main menu with Start Diagnostics and Stop Diagnostics in that order.,FR
949,The menu items named Configure Diagnostics and Exit in the main menu entitled File shall be enabled at all times,FR
950,The system shall only enable the Logout menu item in the File menu if the current user is authenticated as the administrator.,FR
951,"The Start Diagnostics menu item in the Status menu shall be enabled only when diagnostics aren't running, otherwise, it shall be disabled.",FR
952,The Stop Diagnostics menu item in the Status menu shall be enabled only when diagnostics are running and disabled otherwise.,FR
953,"Selecting Configure Diagnostics from the File menu shall open the configuration window modally, making it the active window in front of the main window.",FR
954,The configuration window shall have a button labeled Save that when clicked will present the user with a window by which to enter a disk file or database name in which to save the modifiable data in the window.,FR
955,The configuration window shall have a button labeled Close that will dismiss the configuration window and return the user to the main window.,FR
956,The configuration window shall have a button labeled Recall that will permit the user to recall a disk file of previously saved parameters from which to populate the configuration window.,FR
957,The subsystems window shall list subsystems monitored for a specific building and summarizing the current diagnostic status of all monitored subsystems.,FR
958,"The diagnostic information window shall have a button labeled Print that when clicked will display a window listing items to print including the diagnostic information window, the history window, and both the diagnostic and history windows.",FR
959,"The diagnostic information window shall have a button labeled Close that shall dismiss the window.
",FR
960,The diagnostic information window shall have a button labeled History that when clicked will display the diagnostic history window and display the previous weeks diagnostic results. ,FR
961,The diagnostic history window shall display historical diagnostic results for a specific diagnostic.,FR
962,The diagnostic history window shall provide user selections for start times and end times for the history interval. ,FR
963,The diagnostic history window shall display data in intervals of one week or greater.,FR
964,The diagnostic history window shall display a maximum time interval of two years.,FR
965,"The color map of the history window shall indicate confirmed faults with the color red,potential faults with the color yellow, normal conditions with the color green, and periods when diagnostic processing was not active with the color gray.",FR
966,The vertical axis of the color map of the history window shall indicate hour of the day and the horizontal axis shall indicate the absolute date and the day of week.,FR
967,"The diagnostic history window shall have a button labeled Print that when clicked will display a window listing items to print including the diagnostic information window, the history window, and both the diagnostic and history windows.",FR
968,"The diagnostic history window shall have a button labeled Close that will dismiss the window.
",FR
969,"The subsystems window, condition window, and diagnostic information window shall display a title that indicates its specific location or absolute path in the navigation hierarchy of windows",FR
970,"The main window, subsystems window, and condition window shall have three diagnostic indicators for each item listed.",FR
971,"An OK indicator, appearing green, shall signify the absence of any diagnostic conditions.",FR
972,A yellow Caution indicator will be used to signify potential diagnostic issues.,FR
973,A red Not OK indicator will be active to signify a confirmed diagnostic condition.,FR
974,Only one indicator shall be active at a given time for a specific diagnostic and no indicators shall flash when active.,FR
975,The diagnostic indicators on the main window and subsystems window shall summarize all diagnostic conditions associated with each entry in the window.,FR
976,The tool shall keep a permanent record of any modifications made to fixed data.,FR
977,"The log shall indicate the time and date of the change, original value of the item(s) hanged, and the new value of the item(s)",FR
978,The game shall only display the current block positions and not positions from canceled movements.,FR
979,The system must allow a member of the network to send requests to a particular or all the other members about possible delivery of a driver's smart card to a similar person.,FR
980,"The system shall allow a member of the network to send a bulk request on all or a large part of its driver's smart card holders to a particular or all members of the network.
",FR
981,The system shall allow a member to do statistics on messages  issued and received from/to his system,FR
982,The system shall provide automatic reply to the sender of the request through the use of a standard interface to the Members systems,FR
983,The system shall track the workflow between senders and related  replies.,FR
984,"The system shall be able, in accordance with the rules on delays for each transaction, to automatically transmit alert messages to senders/replier/administrator when, f.i. a onstraint on delay for reply is not fulfilled.
",FR
985,"The system shall allow the administrator to extract statistics of use, standard delay of reply by member/period, percentage of unsuccessful transaction.",FR
986,The system shall provide the management of user rights and  permissions,FR
987,"The system shall be able to define and manage various type of messages already in the drivers smart card holder like predelivery check, stolen/lost cards, renewals, exchanges and duplicates",FR
988,The system shall be able to include new members in the network through simple administrative tasks.,FR
989,The system shall be highly automatic to relieve the users of as many repetitive and tedious tasks as possible.,NFR
990,"The system shall allow a Member State to ask for the status of card (lost, stolen) to the corresponding Card Issuing Authority of the ember State having issued the card.",FR
991,The system shall facilitate law enforcement inquiries about driver's license status with issuing authorities by driver information or card details.,FR
992,The system shall guide users through an interface based on end user concepts.,NFR
993,The system shall be easy to learn and does not obstruct the thematic understanding of the users.,NFR
994,"The system shall make it easy to correct mistakes.
",NFR
995,"The system shall function reliably, with few or no interruptions in its first operational year and fewer still thereafter.",NFR
996,The system shall give stable and reproducible results.,NFR
997,There will be no restriction in time or place for the use of the software built from the specifications produced under this contract.,NFR
998,The system shall be able to establish and keep the dialog with the Members systems despite the various technical environments and technologies used on their sites,NFR
999,The system will be designed so that background tasks can continue while the user performs foreground tasks.,NFR
1000,The system shall deliver rapid responses to user requests under 24/7 operation for both internal and enforcement authority use (acceptable response time < 1 minute).,NFR
1001,The client will send a GET request to the Web API with the question as a URL parameter.,FR
1002,The client will specify the header Content-Type: application/json in their requests as convention.,FR
1003,"An API query shall be a single URL parameter formulated as a single, clear question in standard English.",FR
1004,The client will be able to parse the JSON and determine if there was an error.,FR
1005,The server will send all API data in JSON response documents with the header Content-Type: application/json.,FR
1006,The server will respond with a 200 OK status code if a request has the header Content-Type: application/json and is a valid API query.,FR
1007,The server will respond with a 400 Bad Request status code if request does not specify the header Content-Type: application/json OR is a malformed API query.,FR
1008,This unit will receive a text string from the URL parameter.,FR
1009,"This unit will output the sentence as a string,",FR
1011,The information extraction unit shall populate the database before system startup to ensure immediate data accessibility.,FR
1016,"The chat window will contain all questions and answers from the current session, with a scroll bar if all messages can't fit on the screen.",FR
1018,There will be a designated phone number that users can send texts to.,FR
1022,The overall accuracy of the Web API's response will be measured using a developer-made testing set.,NFR
1023,The overall accuracy will be calculated by dividing the total number of correct answers by the number of questions asked.,NFR
1024,"Drexel staff's office locations, contact information, and positions will have accuracy greater than 70%.",NFR
1025,"On-campus dining locations, hours, food types, etc. will have accuracy greater than 50%.",NFR
1026,"Official events listed on Drexel website, location and hours will have accuracy greater than 40%.",NFR
1027,The average time for the server to respond will be less than or equal to 2 seconds.,NFR
1030,The system shall have a MDI form that allows for the viewing of the graph and the data table.,FR
1031,The system shall display Events in a vertical table by time.,FR
1032,The system shall display the Events in a graph by time.,FR
1033,The system shall display Events or Activities.,FR
1034,"The display shall have two regions, left 2/3 of the display is graphical right 1/3 of the display is a data table",FR
1035,The data displayed in both the nodes of the graph and the rows of the table will be MSEL Summary data.,FR
1036,The table side of the display shall be split into 2 regions: sequential and temporal.,FR
1037,The top 1/4 of the table will hold events that are to occur sequentially.,FR
1038,The bottom 3/4 of the table will hold events that occur according to its relevance to current time.,FR
1039,The system shall color code events according to their variance from current time.,FR
1040,The system shall display data from the Sync Matrix 1.0 and Exercise Management Tool 1.0 applications,FR
1041,The system shall link events back to either the Sync Matrix 1.0 or the Exercise Managment Tool 1.0 applications for modifications.,FR
1042,The system shall allow modification of the display.,FR
1043,The system shall offer a display of all the Events in the exercise.,FR
1044,The system shall filter data by: Venues and Key Events.,FR
1045,The system shall allow a user to define the time segments,FR
1046,The system shall display the local and exercise time in separate clocks,FR
1047,The system shall offer the ability to pause and resume the refresh of data.,FR
1048,The system shall provide charts for the Activity or Event actual versus assumed time.,FR
1049,The system shall provide a history report of changes made to the Activity or Event data,FR
1050,The system shall refresh the display every 60 seconds.,NFR
1051,The application shall match the color of the schema set forth by Department of Homeland Security.,NFR
1052,The system shall ensure that projected Event/Activity data is readable by 90% of viewers on a 10x10 projection screen from a 30-foot viewing distance.,NFR
1053,"The system shall achieve 99% availability during the first six months of operation, excluding non-business hours.",NFR
1054,The system shall present projected data on a 10x10 screen such that 90% of viewers at 100 feet can identify ongoing Events or Activities.,NFR
1055,The product shall implement access control to distinguish between authorized and unauthorized users in all access attempts.,NFR
1056,The system shall be intuitive enough for 90% of new users to start displaying Events or Activities within 90 minutes of initial use.,NFR
1057,The product shall respond fast to keep up-to-date data in the display.,NFR
1058,The look and feel of the system shall conform to the user interface standards of the smart device.,NFR
1059,The user interface shall have standard menus buttons for navigation.,NFR
1060,The system shall have a professional appearance.,NFR
1061,The product shall have a consistent color scheme and fonts.,NFR
1062,The system shall be used by realtors with no training.,NFR
1063,The system shall be intuitive and self explanatory.,NFR
1064,The product shall be easy for a realtor to learn.,NFR
1065,The product shall use symbols and words that are naturally understandable by the realtor community.,NFR
1066,The product shall produce search results in an acceptable time.,NFR
1067,The search results shall be returned no later 30 seconds after the user has entered the search criteria.,NFR
1068,The product shall generate a CMA report in an acceptable time.,NFR
1069,The CMA report shall be returned no later 60 seconds after the user has entered the CMA report criteria.,NFR
1070,The product shall synchronize contacts and appointments in an acceptable time.,NFR
1071,The product shall synchronize with the office system every hour.,NFR
1072,The product shall be available for use 24 hours per day 365 days per year.,NFR
1073,"The system will achieve a future uptime of 99.9%, meaning it will be available for 999 out of every 1,000 access attempts.",NFR
1074,The product shall operate in offline mode whenever internet connection is unavailable.,NFR
1075,The product shall allow the user to view previously downloaded search results CMA reports and appointments.,NFR
1076,The product shall retain user preferences in the event of a failure.,NFR
1077,100% of saved user preferences shall be restored when system comes back online.,NFR
1078,The product shall be able to support multiple remote users.,NFR
1079,The product shall be able support 1000 simultaneous users.,NFR
1080,"The system shall scale to accommodate the existing 1,000 users and a projected 5x growth within the next year.",NFR
1081,The product shall be installed by an untrained realtor without recourse to separately-printed instructions.,NFR
1082,90% of untrained realtors shall be able to install the product on their device without printed instructions.,NFR
1083,The system shall be compatible with Windows CE and Palm operating systems.,NFR
1084,Only registered realtors shall be able to access the system.,NFR
1085,Every user of the system shall be authenticated and authorized.,NFR
1086,The product shall prevent its data from incorrect data being introduced.,NFR
1087,The system shall allow a real estate agent to query MLS information.,FR
1088,The user shall be able to get driving directions to a selected property.,FR
1089,The user shall be able to download appointments and contact information for clients.,FR
1090,The system shall display clear property images in the search results.,FR
1091,The system shall update or create new property listings in the MLS.,FR
1092,Realtor shall be able to generate a CMA report based on property criteria.,FR
1093,The system shall be able to call the seller or buyer to schedule an appointment.,FR
1094,The realtor shall be notified of new client appointments after automatic synchronization with office system.,FR
1095,The realtor shall be able to retrieve a map showing property locations for a specified area.,FR
1096,The system shall notify the realtor when a seller or buyer responds to an appointment request.,FR
1097,The product shall allow the user to save the property search results.,FR
1098,The system shall be easy to use by the Program Administrators/Nursing Staff Members.,NFR
1099,All of the users shall be able to use the system after one day of training.,NFR
1100,The system shall help the user avoid making mistakes while scheduling classes and clinicals for the nursing students.,NFR
1101,The number of mistakes noted by the students shall be decreased by 50% in the first year.,NFR
1102,The system shall be intuitive to the Program Administrators/Nursing Staff Members.,NFR
1103,2 out of 3 Program Administrators/Nursing Staff Members shall successfully be able to use the system to manage the scheduling of classes and clinicals.,NFR
1104,The system shall use symbols and words that are naturally understandable by the user community.,NFR
1105,The verbiage used within the system shall be consistent with Standard English and the terminology of the national Nursing Community.,NFR
1106,Staff members shall be able to complete a set of tasks in a timely manner.,NFR
1107,The response time of general student management tasks shall take no longer than 5 seconds and the response time of schedule generation shall take no longer than 30 seconds.,NFR
1108,The system shall be available for use between the hours of 8am and 6pm.,NFR
1109,The system shall achieve 95% up time.,NFR
1110,The system shall be able to handle all of the user requests/usage during business hours.,NFR
1111,The system shall cater to 10 simultaneous users from 9am to 5pm.,NFR
1112,The system shall be capable of processing 100% of nursing students and their classes for the next 10 years.,NFR
1113,The system shall be expected to manage the nursing program curriculum and class/clinical scheduling for a minimum of 5 years.,NFR
1114,The system shall able to operate within a business office environment typical of the Nursing Department at DePaul University.,NFR
1115,The system shall be used within the specifications defined by the computers used by the Program Administrators/Nursing Staff Members.,NFR
1116,The system shall operate within the Windows XP Professional operating system.,NFR
1117,The system shall interface with CampusConnect’s central server.,NFR
1118,The system shall interface with the faculty central server.,NFR
1119,The system shall interface with the student master server.,NFR
1120,The system shall be interoperable with any HTML browser.,NFR
1121,Only authorized users shall have access to clinical site information.,NFR
1122,Program Administrators/Nursing Staff Members are the only people who shall have access to clinical site details.,NFR
1123,Only authorized users shall have access to students personal information.,NFR
1124,Dr Susan Poslusny and Dr Julie Donalek are the only people who shall have access to students personal information.,NFR
1125,Only authorized users shall have access to the portion of the system that interfaces with CampusConnect.,NFR
1126,Dr Susan Poslusny and Karen Sysol are the only people who shall have access to the final class section scheduling for the system that interfaces with CampusConnect.,NFR
1127,The system shall have basic data integrity checking to reduce the possibility of incorrect or invalid data being introduced.,NFR
1128,The system shall protect private information in accordance with the organizations information policy.,NFR
1129,The system shall be built such that it is as secure as possible from malicious interference.,NFR
1130,The system shall use the organizations standard virus protection software to help monitor threats to itself.,NFR
1131,A cohort shall be associated to one Program of Study offered by the department.,FR
1132,Program Administrators and Nursing Staff Members shall be able to add a listing of students to a cohort.,FR
1133,Program Administrators and Nursing Staff Members shall be able to add a single student to a cohort.,FR
1134,Students added to a cohort shall be eligible for the cohort’s Program of Study.,FR
1135,Program Administrators and Nursing Staff Members shall be able to specify the preferred sequence of classes for a given cohort.,FR
1136,For each class within a sequence for a cohort Program Administrators and Nursing Staff Members shall be able to specify which quarter that class will be offered.,FR
1138,Program Administrators and Nursing Staff Members shall be able to add new classes to a sequence of classes.,FR
1139,Program Administrators and Nursing Staff Members shall be able to add clinical classes or sections to a sequence of classes.,FR
1140,Program Administrators and Nursing Staff Members shall be able to add a new cohort to the system identified by start month and year.,FR
1141,Program Administrators and Nursing Staff Members shall be able to add new classes for the nursing department into the system.',FR
1142,A class shall be either a non-clinical class or a clinical class.,FR
1143,A non-clinical class shall specify the course name lecture room requirements and instructor needs.,FR
1144,A clinical class shall specify the course name lecture room requirements clinical site needs lecture instructor needs and clinical lab instructor needs.,FR
1145,Program Administrators/Nursing Staff Members shall be able to create a new Program of Study.,FR
1146,A Program of Study shall consist of a program name and listing of required classes (both clinical and non-clinical) that must be completed.,FR
1147,Program Administrators and Nursing Staff Members shall have the ability to specify which classes are required for a Program of Study.,FR
1148,The system shall be able to display a report of needed classes for a given quarter for all cohorts of all programs for Program Administrators/Nursing Staff Members’ planning purposes.,FR
1149,The report of needed classes shall include (but not be limited to) classes to be offered number of sections needed number of labs needed and room types needed.,FR
1150,Classes for a given cohort shall not conflict with regards to the time and day that they are offered.,FR
1151,Program Administrators and Nursing Staff Members shall be able to add a new clinical site into the system.,FR
1152,Clinical site information shall include (but not be limited to) the name of the site contact person and contact information.,FR
1153,Program Administrators and Nursing Staff Members shall be able to add a new clinical lab section for an existing clinical class into the System.,FR
1154,A clinical lab section shall include the clinical site name the class instructor day and time of the lab.,FR
1155,Program Administrators and Nursing Staff Members shall be able to add a student who has registered for a clinical class to a clinical lab section for that class.,FR
1156,The system shall allow a Program Administrator or Nursing staff member to remove a student from a clinical lab section.,FR
1157,The system shall allow a Program Administrator/Nursing Staff Member to move a student from one clinical lab section to another clinical lab section corresponding to the same clinical class.,FR
1158,Program Administrators/Nursing Staff Members shall be able to cancel a clinical lab section only if there are no students registered for that clinical lab section.,FR
1159,A Program Administrator/Nursing Staff Member shall be able to add a new nursing student to the system.,FR
1160,A staff member shall have the ability to manage the progress of a part time student which includes modifying their sequence of classes and timeline of classes.,FR
1161,The system shall be able to display a printable summary for individual cohorts which will include the students enlisted the Program of study sequence of classes cohort progress through the program and timeline of completion.,FR
1162,The system shall be able to display a printable summary for individual clinical sites which will include information on labs being held at that site for the given quarter.,FR
1163,The system shall be able to display a printable summary for individual clinical labs which will include (but not be limited to) class name class number lab section listing of students enrolled instructor day(s) time and location.,FR
1164,The system shall be able to display a printable summary for individual nursing students which will include (but not be limited to) student name student ID admission date classes credits GPA and the cohort that the student is enrolled in.,FR
1165,The system shall be able to display a printable summary of the system log.,FR
1166,The system shall contain contact information (e-mail and phone number) for all people relevant to the system including (but not limited to) staff members students lecture instructors clinical lab instructors and clinical site administrators.,FR
1167,The system will use the stored e-mail addresses as a primary means of communicating information to affected parties.,FR
1168,The system will notify affected parties for routine communication purposes including but not limited to informing students of upcoming offered classes (timeline) and what their schedule will be/shall be.,FR
1169,The system will notify affected parties when changes occur affecting clinicals including but not limited to clinical section capacity changes and clinical section cancellations.,FR
1170,The system will notify affected parties when changes occur affecting classes including but not limited to class cancellations class section detail changes and changes to class offerings for a given quarter.,FR
1171,The system will notify affected parties when changes occur affecting cohorts including but not limited to changes to the sequence for a cohort’s program of study and changes to a given week’s schedule.,FR
1172,The system will notify affected parties when changes occur affecting specific students including but not limited to changing a student’s status from full time to part time and moving a student to a different clinical section.,FR
1173,Program Administrators/Nursing Staff Members shall have the ability to modify information relating to cohorts including cohort identifier program of study preferred sequence of classes and quarters that a cohort will be taking specific classes.,FR
1174,Program Administrators/Nursing Staff Members shall have the ability to modify information relating to a Program of Study within the Nursing Department including the Program of study name and required classes for that Program of Study.,FR
1175,Program Administrators/Nursing Staff Members shall have the ability to modify information relating to a Clinical Site including the clinical site name site contact person contact information and address.,FR
1176,Program Administrators/Nursing Staff Members shall have the ability to modify information relating to a Clinical Lab Section including the clinical site name the department/section for the lab the class instructor day and time of lab and contact information.,FR
1208,"User shall be able to access the Disputes System, which must be accessible to both internal and external users.",FR
1209,System shall prevent users from accessing dispute cases that do not belong to their cardholder base.,FR
1210,User shall be able to initiate a dispute case and perform follow-up actions in real-time via the Disputes System.,FR
1211,System shall provide different levels of access for dispute case initiation and follow-up actions.,FR
1212,User shall have view access capability for authorized users within the Disputes System.,FR
1213,User shall have update access capability for authorized users within the Disputes System.,FR
1214,User shall be able to select disputable transactions and initiate disputes on them based on the age of the transaction.,FR
1215,System shall allow the user to initiate a single dispute case on multiple transactions belonging to a single merchant.,FR
1216,User shall have the ability to create or initiate ticket retrieval requests within the Disputes System.,FR
1217,System shall prompt the user to enter all required information for creating a ticket retrieval request.,FR
1218,"System shall prevent external users from requesting original receipts, restricting this action to internal users.",FR
1219,"System shall provide a confirmation to the user upon the creation of a ticket retrieval request, including the dispute case number, type of retrieval requested, and due date for the merchant response.",FR
1220,"The Disputes System shall allow users to create chargeback requests, prompting for required information and resulting in printed notifications sent to merchants if proof of disputed transactions is not provided.",FR
1221,"The Disputes System must provide confirmation upon chargeback request creation, containing dispute case number, type of chargeback requested, and merchant response due date.",FR
1222,The Disputes System shall prevent creation of duplicate dispute requests.,FR
1223,The Disputes System shall accurately provide a list of possible reason codes for transactions based on transaction type and merchant industry.,FR
1224,The Disputes System must provide viewing capability for existing dispute cases.,FR
1225,"The Disputes System must provide Search functionality allowing search by dispute case number, merchant account number, cardmember account number, and issuer number, with filtering options by date range, dispute type, case status, and reason code.",FR
1226,"A list of disputes meeting search criteria must be provided, differentiating by color-coded status.",FR
1227,The Disputes System shall provide users with the ability to view the history of all activities on dispute cases.,FR
1228,"The Dispute System shall enable users to follow up on dispute cases, filtering follow-up actions by case status and user access level.",FR
1229,"The Disputes System shall record user names and dates for all case-related activities, maintaining detailed audit history.",FR
1230,"For any systematic action, such as disputes aging process, a case activity will be generated, and the user who initiated the dispute case must be notified upon next logon.",FR
1231,All letter requests must adhere to formatting guidelines specified by the Print Letter Utility system.,FR
1232,Any disputes cases closed for over 6 months must be purged from the online disputes database.,FR
1233,The product must support Internet Explorer 5.5 and above.,NFR
1234,The product must support Mozilla Firefox 1.0 and above.,NFR
1235,"The product shall interface with the Choice Parts System, providing the feed of recycled parts data.",NFR
1236,The product shall run on existing hardware for all environments.,NFR
1237,The product shall adhere to corporate Architecture guidelines.,NFR
1238,The product shall comply with corporate User Interface Guidelines.,NFR
1239,The product shall comply with corporate color scheme.,NFR
1240,Professional appearance of the product is required.,NFR
1241,"The product must be user-friendly, with 95% of Adjusters and Collision Estimators finding it easy to use.",NFR
1242,"The product should enhance the productivity of Collision Estimators, with 80% agreeing their productivity has increased within one month.",NFR
1243,User satisfaction with the product is targeted at 85%.,NFR
1244,The product must be easily learnable within two days of onsite training for Adjusters and Collision Estimators.,NFR
1245,User help resources should be accessible within 90% of the system.,NFR
1246,The search for recycled parts must be completed within 15 seconds.,NFR
1247,The search for the preferred repair facility should be completed within 8 seconds.,NFR
1248,The recycled parts audit report must be returned within 10 seconds.,NFR
1249,Preferred repair facility ratings should be saved within 5 seconds.,NFR
1250,The product shall adhere to the corporate online availability schedule. The application is brought down only within 98% of the scheduled outages per the availability schedule.,NFR
1251,The product shall achieve a 98% uptime. The product shall not fail more than 2% of the available online time.,NFR
1252,The product shall be able to handle up to 1500 simultaneous users. The system shall perform with 1500 users as a time.,NFR
1253,"The average number of recycled parts records per day shall be 50,000.",NFR
1254,"The product shall be able to handle 10,000 concurrent users within 2 years of the initial launch.",NFR
1255,"For estimators, the product shall be able to be operated in a repair facility during dirty and noisy conditions.",NFR
1256,The product shall interface with the ChoiceParts system once per day at approximately 1:00 AM.,NFR
1257,The maintenance of the product will fall within the established corporate maintenance windows.,NFR
1258,The product shall be supported using the corporate support center.,NFR
1259,Product installations and upgrades shall be handled by the middleware technology team within established launch time frames.,NFR
1260,Only adjusters can request recycled parts audit reports.,NFR
1261,Only adjusters with a supervisor role can update preferred repair facility ratings.,NFR
1262,Only collision estimators shall search for recycled parts. Users without the collision estimator role shall not have access to the search for recycled parts.,NFR
1263,Only valid data shall be entered into the system. No invalid data shall be entered into the system.,NFR
1264,One insurance company shall not be able to view another insurance company's claim data.,NFR
1265,The product shall be free of computer viruses.,NFR
1266,"The system shall prevent malicious attacks, including denial of service.",NFR
1267,The product must comply with Sarbanes-Oxley.,NFR
1268,The product shall comply with the estimatics laws relating to recycled parts usage.,NFR
1269,The product shall comply with insurance regulations regarding claims processing.,NFR
1270,The user shall search for the preferred repair facility using vehicle location and radius in miles.,FR
1271,"The vehicle data shall include vehicle year, make, and model.",FR
1272,"The vehicle location shall include street address, city, state, and zipcode.",FR
1273,"The system shall resolve the zipcode for the street address, city, and state if zipcode is unknown.",FR
1274,The search radius shall be between 1 and 30 miles.,FR
1275,The system shall locate the preferred repair facility with the highest ratings for the input criteria.,FR
1276,The adjuster shall enter the preferred repair facility on the estimate assignment.,FR
1277,The adjuster shall be able to override the preferred repair facility on the estimate assignment.,FR
1278,The preferred repair facility shall be returned to the user.,FR
1279,The system shall return a list of repair facilities within the radius if the preferred repair facility cannot be determined.,FR
1280,The estimator shall search for available recycled parts using damaged vehicle parts information.,FR
1281,The estimator shall search for available recycled parts using a list of preferred parts suppliers.,FR
1282,The system shall search for available recycled parts for the supplied vehicle parts and suppliers.,FR
1283,The estimator shall search by zipcode with a radius of 30 miles if no parts are found for the preferred parts suppliers.,FR
1284,The system shall retain the available recycled parts and suppliers returned from the search.,FR
1285,The available recycled parts information and their suppliers shall be returned to the user.,FR
1286,The estimator shall apply selected recycled parts to the collision estimate.,FR
1287,The estimator shall not apply recycled parts to the collision estimate if no available parts are returned.,FR
1288,The adjuster shall review the collision estimate.,FR
1289,The adjuster shall request a recycled parts audit of the collision estimate.,FR
1290,The recycled parts search results provided to the estimator shall be retrieved by the system.,FR
1291,The system shall generate an audit report based on the available recycled parts and the collision estimate.,FR
1292,The audit report shall include the total number of recycled parts used in the estimate.,FR
1293,The audit report shall include the number of available recycled parts from the original search results.,FR
1294,The audit report shall include the percentage of available recycled parts used in the estimate.,FR
1295,The audit report shall include the total score of the audit which sums the individual line items.,FR
1296,The audit report shall be displayed to the user.,FR
1297,The audit report shall be available to other adjusters at later points in time.,FR
1298,The user shall select to view the preferred repair facility ratings.,FR
1299,The current repair facility ratings shall be displayed to the user.,FR
1300,The system will display a blank set of ratings if there are not ratings yet defined.,FR
1301,The user shall enter new ratings based on the audit report.,FR
1302,The ratings shall be from a scale of 1-10.,FR
1303,The ratings shall include categories for attempted use of recycled parts and actual use of recycled parts.,FR
1304,The user shall select to save the preferred repair facility ratings.,FR
1305,The preferred repair facility ratings shall be saved by the system.,FR
1306,The product must work with most database management systems (DBMS) on the market whether the DBMS is colocated with the product on the same machine or is located on a different machine on the computer network.,NFR
1307,The product will function alongside server software on any operating system where the Java runtime can be installed.,NFR
1308,The product will require collaboration with a database management system (DBMS). The DBMS may be located on the same machine as the product or on a separate machine residing on the same computer network.,NFR
1309,The product must make use of web/application server technology. Open source examples include Apache web server Tomcat and the JBoss application server.,NFR
1310,A database management system such as Oracle DB2 MySql or HSQL will need to be integrated with the product.,NFR
1311,The product’s Look and Feel shall be able to incorporate aspects of the customer’s organization such as logo branding and identity.,NFR
1312,The product shall have a conservative and professional appearance.,NFR
1313,The product shall make the users want to use it. 80% of the users surveyed report they are regularly using the product after the first 2 weeks post-launch.,NFR
1314,The product shall be easy to use. 90% of users will be able to successfully reserve a conference room within 5 minutes of product use.,NFR
1315,The product shall give users feedback when necessary. 80% of the users surveyed report that the product accurately confirms their actions.,NFR
1316,The product shall allow the user to select a chosen language from one of the target market countries.,NFR
1317,The product shall allow for customization of start page and views preferences.,NFR
1318,An employee will be able to successfully use the product within a few minutes.,NFR
1319,The product shall use a standard navigation menu familiar to most web users.,NFR
1320,The product shall allow for intuitive searching of available conference rooms.,NFR
1321,The product shall conform to the Americans with Disabilities Act.,NFR
1322,The response shall be fast enough to avoid interrupting the user’s flow of thought. 90% of tasks shall complete within 5 seconds. 98% of tasks shall complete within 8 seconds.,NFR
1323, Aside from server failure the software product shall achieve 99.99% up time.,NFR
1324,The product shall create an exception log of problems encountered within the product for transmission to our company for analysis and resolution.,NFR
1325,The product shall be capable of handling up to 1000 concurrent requests.,NFR
1326,The concurrency capacity must be able to handle peak scheduling times such as early morning and late afternoon hours.,NFR
1327," The product shall be able to process 10,000 transactions per hour within two years of its launch.",NFR
1328,The product shall be expected to operate for at least 5 years for each customer installation.,NFR
1329,The product shall be used in office environments.,NFR
1330,"When creating a new session, the session creator shall assign one or more moderators.",FR
1331,"When creating a new session, the session creator shall assign the session a name.",FR
1332,"When creating a new session, the session creator shall create a problem description.",FR
1333,"When creating a new session, the session creator shall be able to set an open and close time and date.",FR
1334,"When creating a new session, the session creator shall be able to toggle whether the session is secure or not.",FR
1335,A moderator shall be able to edit a previously created session.,FR
1336,The session shall conclude after the specified amount of time has passed.,FR
1337,The session shall conclude if a specified amount of ideas has been generated.,FR
1338,The moderator shall be able to close a session at any time.,FR
1339,The moderator shall be able to open a closed session.,FR
1340,A moderator shall be able to assign the maximum number of participants to a session.,FR
1341,All sessions shall be able to have multiple moderators.,FR
1342,Session creators and moderators shall be able to import data from previously closed sessions into a currently open session.,FR
1343,All sessions shall be associated with a single EDGE project.,FR
1344,The moderator shall be able to specify a time warning until the current phase is completed.,FR
1345,The moderator shall be able to view a session management screen.,FR
1346,The users shall be able to add/edit/remove their own ideas.,FR
1347,The system shall inform the user if they have reached their limit of created nodes.,FR
1348,A Moderator shall be able to limit the number of nodes that an individual user can create.,FR
1349,A Moderator shall be able to limit the maximum number of nodes that can be created in a session.,FR
1350,All user created nodes shall be filtered for profanity and removed if any exists.,FR
1351,A Moderator shall be able to specify a warning for total ideas remaining.,FR
1352,A Moderator shall be able to specify a warning for total time remaining.,FR
1353,Users shall be verified upon logging in LDAP.,FR
1354,Users shall be able to select a session based on the FACET and the tool they wish to use.,FR
1355,The moderator shall be able to set a warning time to email users how many minutes are left in the current session.,FR
1356,The screen shall allow the moderator to filter/sort/view/edit/close sessions.,FR
1357,Secure sessions will require users to have been guest members before logging in.,FR
1358,A moderator shall be able to enter in teasers.,FR
1359,Teasers shall be tracked in the database the same as ideas are tracked. ,FR
1360,Each idea shall be listed on its own line in a numbered list in the idea phase.,FR
1361,"By default, the page shall not auto scroll when new ideas are added into the list.",FR
1362,There shall be a setting to allow new ideas to be added to the top of the list.,FR
1363,Only a moderator shall be able to group ideas and specify a name for the group.,FR
1364,Users shall be able to flag inappropriate content.,FR
1365,Flagged ideas shall go to a separate moderator page for resolution.,FR
1366,The moderator shall be able to remove/edit any ideas during the idea and grouping phases.,FR
1367,Voters shall not be aware of multiplicity in ideas.,FR
1368,"The moderator shall be able to view all grouped ideas, including duplicates.",FR
1369,The idea field shall be limited to a maximum of 250 characters to match the current EDGE system limitation.,FR
1370,Moderators shall be able to combine groups with other groups.,FR
1371,Moderators shall be able to remove groups.,FR
1372,A Moderator shall be able to assign a number of votes for participants.,FR
1373,Users shall be able to vote for any individual idea or an idea group.,FR
1374,The displayed number of total ideas shall be updated frequently.,FR
1375,The Moderator shall know who has not finished casting their votes.,FR
1376,The Moderator shall be able to send an email to warn users that the session is about to close.,FR
1377,The Disputes System shall preserve user phases even when moderators revert to a previous phase.,FR
1378,All Users will be able to view the next product by swiping left to right.,NFR
1379,All users shall be able to navigate to the Catalogue using the sub navigation icons.,NFR
1380,"The ride coordination system shall prioritize a user-friendly, secure, and reliable experience.",NFR
1381,The carpool system shall allow users to define their availability and automatically assign them as drivers based on pre-determined criteria.,FR
1382,The system shall integrate with Google Maps to provide location and travel time details.,FR
1383,The application shall maintain a list of classes for the user.,FR
1384,Users shall be able to add a class to a list of classes in which they are enrolled.,FR
1385,Users shall be able to remove classes from the list of classes in which they are enrolled.,FR
1386,Users shall be able to completely reset their lists of classes and assignments.,FR
1387,Users shall be able to authenticate to the application using their Radford University username and password.,FR
1388,The application shall be able to automatically download the class schedule of authenticated users.,FR
1389,The user shall be able to view their list of classes.,FR
1390,The app shall maintain a list of assignments associated with each class in the list of classes.,FR
1391,Users shall be able to add an assignment to a list of assignments.,FR
1392,Users shall be able to edit assignments in their list of assignments.,FR
1393,Users shall be able to remove an assignment from their list of assignments.,FR
1394,Users shall be able to clear all assignments for a particular class.,FR
1395,The user shall be able to set the name of an assignment.,FR
1396,The user shall be able to set the description of an assignment.,FR
1397,The user shall be able to set the due date of an assignment.,FR
1398,The user shall be able to set the class which an assignment belongs to.,FR
1399,The user shall be able to set notification parameters for an assignment.,FR
1400,The user shall be able to view their list of assignments ordered by due date.,FR
1401,The user shall be able to view their list of assignments grouped by class.,FR
1402,The user shall be able to view the detailed attributes of a single assignment.,FR
1403,The application shall be able to notify the user when an assignment is close to its due date.,FR
1404,A server shall host the Foodie App and provide system data processing and storage capability.,FR
1405,A surface app page shall provide a customer with all customer system functionality.,FR
1406,An app shall provide a User/Restaurant with all user/restaurant system functionality (according to access control).,FR
1407,A display shall provide a Delivery Boy with all Delivery boy system functionality.,FR
1408,A app shall be capable of interfacing with a register to facilitate the accurate processing of a payment.,FR
1409,"When in billing mode, app shall display a representation of a cash payment for the items ordered.",FR
1410,"When in billing mode, app shall display a representation of a bankcard payment for each customer.",FR
1411,Customer shall able to order item from wallet amount,FR
1412,Customer shall able to cancel order and if cancelled money will be transferred to wallet to order food for next time(If Card Payment),FR
1413,Customer shall able to receive delivery boy details once order picked up,FR
1414,Customer shall able to track the delivery boy details,FR
1415,Customer shall able to give rating for restaurant and delivery boy,FR
1416,Customer shall able to favourite the restaurant,FR
1417,The customer shall receive notifications upon both order acceptance and order delivery.,FR
1418,Customer shall be able to use offers available for the restaurants they have selected.,FR
1419,Delivery boy shall be able to start the shift.,FR
1420,Delivery boy shall be able to receive incoming request from restaurant.,FR
1421,Delivery boy shall be able to acknowledge for the request.,FR
1422,Delivery boy shall be able to acknowledge for request within 3 sec of time.,FR
1423,Delivery boy shall be able to toggle Online/Offline/Break option.,FR
1424,Delivery boy shall be able to reach the restaurant and check with order details.,FR
1425,Delivery boy shall be able to receive customer details from restaurant.,FR
1426,Delivery boy shall be able to pick up and deliver order to customer.,FR
1427,Delivery boy shall be able to receive rating from customers.,FR
1428,"Delivery boy shall be able to receive notification for restaurant details, payment details of customer.",FR
1429,Delivery boy shall be able to receive payment if order is done with cash.,FR
1430,Admin shall be able to Manage users.,FR
1431,Admin shall be able to Manage providers.,FR
1432,Admin shall be able to Mange accounts.,FR
1433,Admin shall be able to CRUD items for restaurant.,FR
1434,Admin shall be able to manage restaurant details,FR
1435,Admin shall be able to manage restaurant rate and reviews.,FR
1436,Admin shall be able to manage Delivery boy details.,FR
1437,Admin shall be able to display top rated restaurant.,FR
1438,Admin shall be able to display offers for specific restaurant.,FR
1439,Admin shall be able to contact between Delivery boy and restaurant to replace or cancel order if items are not available.,FR
1440,Admin shall be able to add promo code/offers. ,FR
1441,"Dispute panel shall be able to reassign order in the case, if delivery boy dint acknowledge the request.",FR
1442,"Dispute panel shall manage, if customer needs replacement of order or cancel order in case of order not available.",FR
1443,"The system shall log every state and state change of action, tablet and display to provision recovery from system failure.",NFR
1444,The system shall be capable of restoring itself to its previous state in the event of failure (e.g. a system crash or power loss).,NFR
1445,The system shall be able to display a menu at all times to facilitate manual order taking should the need arise.,NFR
1446,The system shall utilise periodic 120-second keep-alive messages between mobile and the server to monitor app operational status.,NFR
1447,The system shall be able to use the app in different platforms like different versions of OS mobiles.,NFR
1448,The system shall be able to do authentication process for login and payment through bankcard.,NFR
1449,The user shall be able to do payment with secured bank payment mode which is given by user for login.,NFR
1450,The system shall be able to do encryption and decryption of data for password which is given by user for login.,NFR
1451,Any element of the system will take no longer than 10-seconds to restart.,NFR
1452,Admin must not dismiss an engaged menu unless the customer requests it.,NFR
1453,"The server shall be capable of supporting no less than 200 concurrent connections from any combination of computers, tablets and displays.",NFR
1454,"The server shall be capable of supporting an arbitrary number of active orders, that is, no orders shall be lost under any circumstances.",NFR
1455,User shall be able to store a limited number of snaps using Memories.,FR
1456,"User shall be able to capture photos or videos, apply various effects, and share the resulting snap.",FR
1457,"User shall be able to add other Snapchatters as friends using multiple methods, with a friend request sent upon acceptance.",FR
1458,User shall be able to create and customize a personal emoji avatar through Bitmoji integration.,FR
1459,"User shall be able to view and share friends' stories and global content, with options to take screenshots or report inappropriate content.",FR
1460,User shall be able to apply lenses and filters to snaps before or after capture using AI technology.,FR
1461,User shall be able to use Shazam to identify music by sensing audio and comparing it with a database.,FR
1462,"User shall be able to view real-time location maps with friends' Bitmoji representations, accessible by swiping down on the camera screen.",FR
1463,"User shall be able to send various forms of messages, including text, media, and calls, with recent conversations displayed.",FR
1464,"User shall be able to maintain and view streaks by exchanging snaps with friends, indicated by a fire emoji and number.",FR
1465,"User shall be able to accumulate a Snapchat score based on usage, displayed below the user's selfie.",FR
1466,User shall be able to generate and share a snapcode to share their profile.,FR
1467,"User shall be able to store snaps, stories, and camera roll in a cloud-based platform accessible by swiping up from the camera screen.",FR
1468,"User shall be able to protect selected snaps with a passcode, accessible through Memories, with options to change or forget the passcode.",FR
1469,"User shall be able to search for other users, location-based stories, events, and more, with matched results displayed.",FR
1470,User shall be able to access support guidelines and contact options through the Snapchat support webpage.,FR
1471,"User shall be able to add, modify, or remove user data, with changes reflected successfully.",FR
1472,"User shall be able to sign up and validate credentials, leading to access to the Snap camera screen.",FR
1473,"User shall be able to create and participate in group chats, with options for various forms of communication and information exchange.",FR
1474,"User shall be able to track the status of sent snaps, displaying ""delivered"" or ""received"" as appropriate.",FR
1475,"User shall be able to register for the application using a valid phone number, with a prompt upon installing the app.",FR
1476,Application shall detect contacts from the user's phone book and automatically add WhatsApp contacts to the user's contact list.,FR
1477,"User shall be able to send instant messages to any contact on their WhatsApp list, with delivery notifications displayed.",FR
1478,User shall be able to create groups of contacts and broadcast messages to these groups.,FR
1479,"User shall be able to send audio, video, and image attachments, with supported formats and a maximum file size of 2MB per message.",FR
1480,"User shall be able to track message status to determine if messages have been read by the recipient, indicated by tick marks.",FR
1481,WhatsApp shall distinguish between Wi-Fi and mobile data networks for media download operations.,FR
1482,User shall be able to connect to both Wi-Fi and mobile networks for seamless connectivity.,NFR
1483,User shall be able to exchange data efficiently over the network.,NFR
1484,User shall have the option to input using either touch screen or keypad methods.,NFR
1485,User shall operate efficiently with a minimum processor speed of 500MHz.,NFR
1486,User shall have access to continuous power to ensure uninterrupted operation.,NFR
1487,"User shall be able to utilize the device's camera, gallery, and microphone functionalities.",NFR
1488,User shall perform adequately under adverse conditions such as slow internet and low battery.,NFR
1489,User shall ensure uninterrupted connections and maintain a high data transfer rate.,NFR
1490,User shall benefit from 256-Bit SSL encryption for secure data transmission in WhatsApp.,NFR
1491,"User shall have access to the WhatsApp internal server, which must be available 24/7.",NFR
1492,User shall enjoy maximal security measures implemented in the application to prevent unauthorized access.,NFR
1493,Only maintainers shall be granted access to internal servers for maintenance purposes.,NFR
1494,User shall post intelligence items with required spatial index and optional meta-data.,FR
1495,User shall filter and retrieve intelligence items based on various criteria.,FR
1496,"User shall link intelligence items, such as public transport messages, to crowd-sourced messages.",FR
1497,City endpoint client shall pull and push data between endpoints and cache.,FR
1498,"City endpoint client shall query, filter, and transform data sources.",FR
1499,City endpoint client shall push comments to endpoints.,FR
1500,"Cache shall store relevant intelligence items, expiring after 12 hours or longer if liked by a traveler.",FR
1501,"User database shall persist membership, trajectories, and karma.",FR
1502,"Social travel application shall allow users to select, define, record, or import routes.",FR
1503,Social travel application shall pull intelligence from the cache based on the current route and timespan.,FR
1504,Social travel application shall filter intelligence client-side without additional requests.,FR
1505,Social travel application shall enable social actions on intelligence and export to external social networks.,FR
1506,"Social travel application shall send intelligence to the cache with location, timestamp, and metadata.",FR
1507,"The system shall be designed to handle a load of 20,000 queries per day, particularly during peak traffic hours.",NFR
1508,"Security and privacy in the mobility domain shall be prioritized by the system, ensuring transparency and trust.",NFR
1509,The system shall implement anonymization and aggregation techniques to securely share route information.,NFR
1510,Encryption shall be employed by the system for all privacy-sensitive data stored on the server.,NFR
1511,The system shall disclose security policies and practices to build user trust.,NFR
1512,The system shall allow the use of unverified (anonymous) avatars or aliases.,NFR
1513,"End-users shall be provided with control over their private data, including deletion options, by the system.",NFR
1514,"The system shall ensure multi-lingual support, with English, Turkish, Finnish, and Italian as supported languages due to replication partnerships.",NFR
1515,"User can create profiles with health worker information, attaching usernames for identification, and supporting multiple users on a single device.",FR
1516,User can register working locations of healthcare workers for use in health survey forms.,FR
1517,System downloads disease data offline to minimize typing in surveys.,FR
1518,"System conducts health surveys to identify disease outbreaks, storing data offline if connectivity fails.",FR
1519,System supports offline surveys for uninterrupted data collection.,FR
1520,"User shall access the main menu on the home screen, which includes options like ""Care Give Support"", ""Track your Child"", and ""Hospital Information"".",FR
1521,"User shall input information about their child's routine care, including weight, feedings, and oxygen saturation, on the ""Track Your Child"" page.",FR
1522,User shall be able to view the application logo and affiliate logos upon startup.,FR
1523,"User shall have access to LLU phone numbers, emails, local resources, personal contacts, and healthcare providers on the Contacts page.",FR
1524,"User shall find hospital information, including email and website links, cafeteria hours, daily menu, area map, and shower availability, on the Hospital Information page.",FR
1525,User shall toggle between English and Spanish languages using a switch located in the top right corner of every screen for enhanced accessibility.,FR
1526,User shall navigate back to the previous screen using the back button located in the top left corner of every screen except the Homepage.,FR
1527,System shall generate alert messages for upcoming or overdue vaccination dates.,FR
1528,User shall upload images of prescriptions for illness records.,FR
1529,User shall add vaccination records for each child.,FR
1530,System shall provide pop-up messages prompting profile updates for children.,FR
1531,The system shall allow new patients to register by providing necessary personal and contact information.,FR
1532,The system shall validate and verify the registration details to ensure accuracy and prevent duplicate entries.,FR
1533,Registered patients shall be able to log in to the portal using their credentials.,FR
1534,"Patients shall have the ability to update and manage their profile information, including personal details, medical history, and insurance information.",FR
1535,Patients shall be able to request appointments with healthcare providers based on their availability.,FR
1536,The system shall provide a calendar view of available appointment slots for each healthcare provider.,FR
1537,"Healthcare providers shall have the ability to accept, reschedule, or cancel appointments.",FR
1538,Patients shall receive confirmation and reminder notifications for their scheduled appointments.,FR
1539,"The system shall securely store and manage patient electronic health records, including medical history, diagnoses, treatments, and lab results.",FR
1540,Authorized healthcare providers shall have access to view and update patient EHRs.,FR
1541,The system shall support the integration of external systems for importing and exporting EHR data.,FR
1542,Healthcare providers shall have the ability to create and send electronic prescriptions to pharmacies.,FR
1543,The system shall maintain a record of prescribed medications and dosages for each patient.,FR
1544,Patients shall be able to view and request prescription refills through the portal.,FR
1545,Patients and healthcare providers shall be able to communicate securely through the portal.,FR
1546,The system shall support real-time messaging and notifications for instant communication.,FR
1547,"Attachments and images shall be allowed in messages, subject to file size restrictions.",FR
1548,Patients shall have the option to make payments for services provided through the portal.,FR
1549,The system shall securely process online payments using standard payment gateways.,FR
1550,Healthcare providers shall have access to billing and payment history for each patient.,FR
1551,"The portal shall provide a repository of informative articles, FAQs, and health tips for patients.",FR
1552,The content shall be categorized and easily searchable.,FR
1553,Patients shall have the ability to bookmark and save their favorite resources for future reference.,FR
1554,"The system shall generate analytics and reports for healthcare providers, including patient demographics, appointment statistics, and EHR insights.",FR
1555,The reports shall be accessible through a user-friendly interface and exportable in common formats.,FR
1556,"The healthcare portal shall be accessible and optimized for mobile devices, ensuring a seamless user experience across different screen sizes and orientations.",FR
1557,"The user interface shall be responsive, adapting to various devices and browsers.",FR
1558,The healthcare portal shall employ industry-standard encryption and security measures to protect patient data from unauthorized access.,NFR
1559,"User authentication shall be implemented using strong password policies and, optionally, additional authentication factors.",NFR
1560,Access controls shall be enforced to ensure that only authorized users can view and modify patient data.,NFR
1561,The system shall be capable of handling a large number of simultaneous users without significant performance degradation.,NFR
1562,"Response times for critical operations, such as appointment scheduling and EHR access, shall meet acceptable benchmarks.",NFR
1563,"The healthcare portal shall have high availability, with minimal downtime for scheduled maintenance and updates.",NFR
1564,The system shall include backup and disaster recovery mechanisms to safeguard against data loss.,NFR
1565,"The user interface shall be intuitive, user-friendly, and accessible to users with varying levels of technical expertise.",NFR
1566,Clear instructions and tooltips shall be provided where necessary to guide users through different features and processes.,NFR
1567,"User shall store the starting, closing, intraday high, and intraday low of a stock in the database.",FR
1568,User shall save the dividend released by each company for client information.,FR
1569,"User shall display a tabular representation of the current stock value, highest and lowest values recorded, and the P/E ratio.",FR
1570,User shall plot a graphical representation of time versus stock value using closing rates.,FR
1571,System shall validate Client ID format as AADDMMYYYY99 and reject other formats immediately.,FR
1572,User shall dissolve details from both tables into a single form or make them accessible from one form.,FR
1573,System shall validate Client ID format as AADDMMYYYY99 before proceeding.,FR
1574,System shall use the current stock value in calculations.,FR
1575,User shall calculate transaction amount by multiplying shares by current stock rate.,FR
1576,User shall determine brokerage by multiplying transaction amount by brokerage percentage.,FR
1577,User shall provide an option to set and update brokerage percentage.,FR
1578,"User shall validate Client name to include only alphabets and spaces, rejecting inputs with numbers or other ASCII characters.",FR
1579,"User shall establish Address of Communication using four lines, each 25 characters long, for house name/number, street name/place, and state.",FR
1580,"User shall validate PAN card number format as AAAA9999A, with first five characters as letters, followed by four digits, and ending with a letter.",FR
1581,User shall specify bank details for issuing cheques obtained from selling stocks.,FR
1582,User shall utilize Client ID and Demat account number for quick data retrieval.,FR
1583,System shall lock databases to protect sensitive client information from intrusion and unauthorized modifications.,NFR
1584,Administrator shall have exclusive editing access to databases.,NFR
1585,Authorization login shall be required when the software starts.,NFR
1586,Access to client details shall require Client ID for data protection.,NFR
1587,System shall ensure that transactions reflect accurately in databases without any data loss.,NFR
1588,There shall be no data loss or loss of data integrity during share buying or selling transactions.,NFR
1589,Stock Master shall be reusable and extendable to other exchanges or stock types.,NFR
1590,"Testing of Stock Master shall include traversing all forms, stress testing, and Authorization tests.",NFR
1591,System shall offer a registration form for users.,FR
1592,Users shall input a unique username.,FR
1593,Users shall provide a valid email address.,FR
1594,Users shall set a secure password complying with password constraints.,FR
1595,"Upon submission, the system shall validate and check for duplicate or invalid entries.",FR
1596,System shall present users with a clear login interface requiring username/email and password inputs.,FR
1597,"The login interface shall include a ""Forgot Password?"" link.",FR
1598,System shall cross-verify entered credentials with the stored user database.,FR
1599,"Upon successful login, the system shall create a secure session for the user.",FR
1600,Users shall remain authenticated until they choose to log out.,FR
1601,"After registration, users shall be directed to a profile customization page.",FR
1602,"Users shall input their date of birth, address, and phone number.",FR
1603,System shall provide the option to link social media accounts for easier sharing and connectivity.,FR
1604,Users shall add specific stocks to their portfolio.,FR
1605,"Users shall view a list of their stocks, including current price, change percentage, and total value.",FR
1606,Users shall update the number of shares for each stock in their portfolio.,FR
1607,Users shall remove stocks from their portfolio.,FR
1608,"System shall present users with updated stock prices, percentage changes, and volume for the current day.",FR
1609,Users shall view trending and new stocks on a weekly basis.,FR
1610,Users shall be displayed prominent stock market indices like the S&P500 and NASDAQ.,FR
1611,Users shall search for specific stocks using stock symbols or company names.,FR
1612,"Users shall purchase stocks, specifying the number of shares and order type (e.g., market order, limit order).",FR
1613,Users shall sell their stocks for successful trade.,FR
1614,System shall provide real-time price updates.,FR
1615,"Users shall view a detailed log of all their past trades, including date, price, and quantity.",FR
1616,"Filtering options by date, instrument, or trade type shall be available.",FR
1617,"Users shall specify a timeframe (e.g., one day, one week, one month) for forecasts.",FR
1618,System shall display a prediction graph based on the user-selected timeframe.,FR
1619,Past data up to the present date shall be available for context.,FR
1620,The system shall highlight and provide a numerical value for the predicted price of the next trading day.,FR
1621,Stockify shall achieve a two-second response time for user requests under normal load conditions.,NFR
1622,The system shall support concurrent user access without experiencing performance degradation.,NFR
1623,"User data, especially sensitive financial details, shall be encrypted both in transit and at rest.",NFR
1624,Security audits shall be conducted quarterly to identify potential vulnerabilities.,NFR
1625,The system shall implement comprehensive security measures to safeguard users from harm.,NFR
1626,"Stockify shall seamlessly integrate with various external news sources, stock exchanges, and other financial APIs.",NFR
1627,The system shall react to user input for routine activities in two seconds or less.,NFR
1628,The system shall maintain reaction times of less than 5 seconds even under heavy loads.,NFR
1629,"User data will be encrypted using industry-standard encryption algorithms, including payment information and personal data.",NFR
1630,Only authorized workers will be able to access the administrative panel.,NFR
1631,The system will offer defense against widespread online vulnerabilities like cross-site scripting (XSS) and SQL injection.,NFR
1632,User experience (UX) design best practices will be adhered to by the user interface.,NFR
1638,User shall be able to connect via IP address.,FR
1639,User shall be able to start a game once two users are connected.,FR
1640,User shall be given the choice of playing single or multiplayer.,FR
1641,Each user shall select different modes and maps.,FR
1642,A stable internet connection shall be required for the player.,FR
1643,A player will be able to quit the game at any time.,FR
1644,Quitting will end the game immediately.,FR
1645,"In games, players shall be able to peek, fire, view maps, use vehicles, revive others, and use emotes for conversation.",FR
1651,User shall be able to render the scene at a minimum of 30 frames per second.,NFR
1652,User shall be able to complete matchmaking in less than 3 minutes.,NFR
1653,"User shall be able to load the game within 1 minute on subsequent visits, benefiting from cache optimization.",NFR
1654,System shall be able to ensure that the time elapsed between a player making a move and other players updating the game state is under 5 seconds.,NFR
1655,System shall be able to provide a visual response to user input within 100 milliseconds.,NFR
1656,"User shall find the Gambler Agent application's client side very easy to use and enjoyable, with a simple interface allowing newcomers to quickly start playing.",NFR
1657,"System shall ensure reliability by storing user accounts in the database, preventing users from suffering from errors and maintaining consistent data.",NFR
1658,"System shall ensure availability by implementing precautions against server failures, such as checkpoints and regular backups, to maintain a stable state for users.",NFR
1659,System shall guarantee security by not sharing or selling any personal information to third-party companies.,NFR
1660,System shall ensure maintainability by designing a flexible structure that allows for easy integration of new functionalities.,NFR
1661,"System shall ensure portability by enabling access to the Gambler Agent application from any platform, as it is an online game application.",NFR
1662,"User shall initiate the play function by selecting the play icon, transitioning the menu screen to the play game screen.",FR
1663,System shall match the player with another player upon selection of the play icon.,FR
1664,"Upon finding a matched user, the ingame screen shall prompt the matched user's name.",FR
1665,"Once the prompt disappears, the game shall start in the ingame screen with a two-dimensional environment where all objects rest on the ground.",FR
1666,"Characters in the ingame screen shall be able to move in up, down, right, and left directions.",FR
1667,User shall be able to drag the chosen object and rotate the chosen mirror in the ingame screen.,FR
1668,Only enlightened places shall be visible in the ingame screen.,FR
1669,"Movement shall be facilitated by touching the respective buttons (up, down, left, right) for character movement, with interruptions if there is no light at the destination or if the movement path is blocked.",FR
1670,"Objects shall be chosen by touching them once in the ingame screen, with the selected object brightened and distinct from others.",FR
1671,"Each object shall have its own allowed operations, such as rotating mirrors or firing the torch.",FR
1672,"The torch will be able to be fired up by touching it, and objects will be able to be dropped by leaving them at their initial place.",FR
1673,"Upon touching the how to play button on the menu screen, the how to play screen shall be displayed, and users shall be able to see screenshots of tutorial screens by sliding the windows.",FR
1674,The game shall be closed upon user interaction with the exit icon or the phone's back buttons.,FR
1675,"Choosing the option button from the menu screen shall display the options screen, where users can adjust game music and sounds using horizontal sliders, and change their nicknames from the textbox.",FR
1676,"In the ingame screen, users can choose emote buttons by touching them, and upon selection, the chosen emote shall be displayed to the other user.",FR
1677,"User shall be able to pause the game by touching the pause button, which shall immediately display the pause screen, and the game shall be continued when any player touches the resume button in the pause screen.",FR
1678,User shall be informed about system failures through error messages displayed on the main screen.,NFR
1679,"System shall ensure availability 24/7, informing users and preventing them from continuing in case of unexpected failures.",NFR
1680,Security concerns are mitigated as Light My Way doesn't create user profiles or access credentials.,NFR
1681,Documentation for all system modules shall be provided for maintainability.,NFR
1682,Requirement and change management shall be utilized during the development phase.,NFR
1683,Light My Way shall exclusively run on Android OS without cross-platform compatibility.,NFR
1684,"User shall easily navigate the system with a simple web page design, ensuring accessibility for all users.",NFR
1685,"System shall facilitate quick access to desired content, enabling users to find what they are looking for effortlessly.",NFR
1686,System shall execute recipe searches and recommendations swiftly to enhance performance and user experience.,NFR
1687,System shall prioritize speed in performing actions such as searching for recipes and providing recommendations.,NFR
1688,"System shall implement robust security measures to protect users' personal information, ensuring user data confidentiality and integrity.",NFR
1689,"User shall easily find what they are looking for on the website, with a simple web design ensuring ease of use.",NFR
1690,"All functions, particularly complex ones, shall undergo thorough testing to ensure usability.",NFR
1691,"The system's response time to users and various time measurements, such as refresh time, shall be optimized for efficiency.",NFR
1692,Users' personal information shall be securely stored and kept confidential within the system.,NFR
1693,User shall be able to input a correct last watched title string and validate its presence.,FR
1694,User shall be able to retrieve the correct genre from their title or from a list of genres.,FR
1695,"User shall be able to process data, reloading if necessary, and accurately handle attributes for recommendations.",FR
1696,User shall be able to receive predictions as top 5 recommendations relevant to their data.,FR
1697,User shall be able to maintain data by implementing the latest model and performing regular updates for new titles.,FR
1698,System shall be able to provide general recommendations based on recent trends through administrative functions.,FR
1699,User shall be able to input correct last watched title string with validation for its presence.,NFR
1700,System shall be able to retrieve the correct genre from the user's title or from a list of genres.,NFR
1701,"User shall be able to process data, with reloading if necessary, and accurately handle attributes for recommendations.",NFR
1702,System shall be able to make predictions as top 5 recommendations relevant to the user's data.,NFR
1703,User shall be able to maintain data by implementing the latest model and regular updates for new titles.,NFR
1704,System shall be able to provide general recommendations based on recent trends.,NFR
1705,"Performance of making recommendations and updating them in real-time is crucial, requiring seamless processing to ensure users do not notice data processing.",NFR
1706,"System shall update recommendations at the end of listening to a track or after purchasing a track, aiming for real-time functionality.",NFR
1707,"The database must be securely accessed and its data integrity maintained, especially considering the presence of personal user information.",NFR
1708,System shall ensure that database data remains intact and is only modified through authorized updates.,NFR
1709,"The product shall encompass a broad scope, providing music streaming and downloadable web applications accessible to users of all ages.",NFR
1710,Users from every age group shall find the music streaming and downloading web application easy to navigate and use.,NFR
1711,"The system, designed as a web service, shall ensure portability to facilitate integration across various platforms within enterprise applications.",NFR
1712,"User shall be able to register or sign up, providing necessary information.",FR
1713,The system shall require users to enter correct credentials for authentication.,FR
1714,System shall display input fields for email and password.,FR
1715,"Upon successful login, the system shall redirect the user to the main screen.",FR
1716,The user shall be able to browse different categories of content.,FR
1717,System shall display the categories available to the user.,FR
1718,The system shall allow users to select a specific category to view its contents.,FR
1719,"Upon selecting a category, the system shall show the corresponding content.",FR
1720,User shall have the option to rate or review content.,FR
1721,System shall allow users to rate content on a scale of 1 to 8 and provide reviews.,FR
1722,Content ratings and reviews shall be visible to other users.,FR
1723,Users shall be able to access ratings and reviews for each piece of content.,FR
1724,The system shall accurately display the average rating for each content item.,FR
1725,"System shall provide options to search, filter, and sort content.",FR
1726,User shall be able to search for specific content using keywords.,FR
1727,System shall allow users to filter content based on various criteria.,FR
1728,"User shall have the option to sort content by relevance, rating, or date.",FR
1729,"The system shall display search results, filtered content, and sorted content accordingly.",FR
1730,User shall be able to log in to Ola Cabs by entering their email address and password.,FR
1731,System shall check if the entered account exists in the database.,FR
1732,"If the account does not exist, the system shall prompt the user to sign up.",FR
1733,User shall be authorized to log in if the entered credentials are valid.,FR
1734,System shall verify the entered ID and password against the database.,FR
1735,"Access shall be granted if the credentials are valid; otherwise, access shall be denied.",FR
1736,User shall be able to cancel a ride by tapping on the cancel button.,FR
1737,System shall verify if the ride has not yet been confirmed before allowing cancellation.,FR
1738,"The system shall allow user registration and login, enabling them to provide personal information for associating with requests.",FR
1739,"Upon user login, the system will display personalized information and automatically add certain details to booking requests.",FR
1740,The application and its options will be in US English and Unicode format for globalization support.,FR
1741,"The booking process will be intuitive, with information completion in stages.",FR
1742,"Both employees and clients will be able to update personal details anytime, with clients also able to update booking details.",FR
1743,An email confirmation with original and new details will be dispatched upon confirmation of updates.,FR
1744,Booking will be locked for editing only when an employee is assigned to serve the client.,FR
1745,The administrator will be able to select and update the weekly roster based on employee availability.,FR
1746,"The administrator will be able to print reports annually, weekly, and daily based on selected time frames.",FR
1747,The administrator will be able to check feedback posted by clients and send newsletters regarding promotions.,FR
1748,"The administrator will be able to manage user portfolio, providing access to new users and deleting inactive employees.",FR
1749,The administrator will be able to view system statistics and generate reports based on selected criteria.,FR
1750,User shall be able to perform the weekly roster of employees.,FR
1751,"System shall be able to print reports annually, weekly, and daily based on selected time frames.",FR
1752,User shall be able to check feedbacks.,FR
1753,System shall be able to send newsletters regarding promotions.,FR
1754,"User shall be able to manage the user portfolio, providing access to new users and deleting inactive employees.",FR
1755,System shall be able to change the super password.,FR
1756,Employees shall be able to log into the system.,FR
1757,System shall be able to check their rosters.,FR
1758,Employees shall be able to maintain daily logs.,FR
1759,System shall be able to enable employees to select their availability.,FR
1760,Employees shall be able to check online bookings.,FR
1761,Clients shall be able to make a booking through the system.,FR
1762,System shall be able to provide the status of their booking.,FR
1763,Clients shall be able to calculate fare.,FR
1764,System shall be able to allow clients to view driver history.,FR
1765,Clients shall be able to change their password.,FR
1766,System shall be able to provide a reset option for forgotten passwords.,FR
1767,The system shall authenticate users based on username and password.,FR
1768,The system shall track user activity sessions.,FR
1769,The system shall record client booking requests.,FR
1770,The system shall check vehicle availability for booking.,FR
1771,The system shall maintain a history of course bookings.,FR
1772,The system shall record and analyze feedback received from clients.,FR
1773,Temporary passwords shall be emailed to users if they forget their password.,FR
1774,Newsletters shall be sent to clients' email addresses.,FR
1775,Clients shall be notified via email when their booking is confirmed.,FR
1776,"User shall be able to register by providing username, surname, password, and email.",FR
1777,System shall allow user registration without any preconditions.,FR
1778,User shall be redirected to the main page upon successful registration.,FR
1779,"If any required field in the registration form is not properly filled, the system shall display a warning message.",FR
1780,"If all required fields are properly filled, the user shall be redirected to the main page.",FR
1781,User shall be able to log in by entering username and password.,FR
1782,System shall allow user login without any preconditions.,FR
1783,"If the user forgets their account information, they shall be able to retrieve it via the ""forgot your password?"" panel.",FR
1784,"If the user enters incorrect username or password, the system shall display a warning message.",FR
1785,"If the user enters correct username and password, they shall be redirected to the relevant page of the system.",FR
1786,User shall be able to log out by pressing the log out button.,FR
1787,System shall not mandate logging out.,FR
1788,"Upon logging out, the system shall load the main page.",FR
1789,User shall be able to add transportation routes from the map.,FR
1790,System shall require user to sign in before adding transportation routes.,FR
1791,"After adding a transportation route, the user shall be able to retrieve transportation requests from other users.",FR
1792,User shall be able to delete transportation routes.,FR
1793,User shall only delete routes that they have added.,FR
1794,User shall be able to request transportation routes.,FR
1795,User shall be able to search for transportation routes.,FR
1796,User shall be able to send messages through the system.,FR
1797,User shall be able to reply to incoming messages through the system.,FR
1798,User shall be able to block other users through the system.,FR
1799,User shall be able to rate drivers through the system.,FR
1800,User shall be able to change the language of the system.,FR
1801,The system shall allow users to change the language without any preconditions.,FR
1802,User shall experience page loading times of less than 1 second with an 8Mbits internet connection speed.,NFR
1803,System shall handle over one thousand simultaneous user requests.,NFR
1804,System shall store user information for more than one hundred thousand users.,NFR
1805,User passwords shall be encrypted in the database management system (DBMS) for security.,NFR
1806,System shall implement a CAPTCHA module to prevent spam robots.,NFR
1807,"In the event of a system crash, it shall return to operation within one hour for maintainability.",NFR
1808,"The system shall be compatible with all major web browsers (Chrome, Safari, Mozilla Firefox, etc.) and operating systems (Windows, Linux, Mac Mavericks, etc.).",NFR
1809,"The server shall host the Swiggy Clone App, providing system data processing and storage capability.",FR
1810,A surface app page shall offer customers all system functionality.,FR
1811,The app shall provide users/restaurants with their respective functionalities based on access control.,FR
1812,A display shall offer delivery boys all system functionality.,FR
1813,The app shall interface with a register for accurate payment processing.,FR
1814,Customers shall log in or skip registration to access the menu dashboard.,FR
1815,Customers shall view nearby restaurants within a specified distance.,FR
1816,Customers shall choose their favorite restaurant or the restaurant they wish to order from.,FR
1817,"Customers shall view menus, categories, and subcategories.",FR
1818,Customers shall order food and add items to their cart.,FR
1819,Customers shall remove items from their cart.,FR
1820,Customers shall navigate menus and add items to their cart.,FR
1821,Customers shall finalize payment by cash using the bill mode.,FR
1822,Customers shall cancel the billing process by card using the bill mode.,FR
1823,Customers shall cancel orders.,FR
1824,"During billing mode, the app shall represent cash payment for items ordered.",FR
1825,"During billing mode, the app shall represent bank card payment for each customer.",FR
1826,Customers shall be able to order items using their wallet balance.,FR
1827,Customers shall receive order details once the order is picked up.,FR
1828,Customers shall be able to track delivery boy details.,FR
1829,Customers shall be able to rate restaurants and delivery boys.,FR
1830,Customers shall be able to favorite restaurants.,FR
1831,"Customers shall receive notifications for accepted orders, order pickup, and delivery.",FR
1832,Customers shall use offers for participating restaurants.,FR
1833,Restaurants shall be able to CRUD items from the menu.,FR
1834,Restaurants shall be able to receive orders from customers.,FR
1835,Restaurants shall be able to view orders placed by customers.,FR
1836,Restaurants shall accept or cancel orders based on availability.,FR
1837,Restaurants shall assign delivery boys to deliver orders.,FR
1838,Restaurants shall receive acknowledgment from delivery boys.,FR
1839,Restaurants shall be able to view payments.,FR
1840,Restaurants shall receive notifications once orders are delivered.,FR
1841,Restaurants shall offer discounts.,FR
1842,Delivery boys shall start their shifts.,FR
1843,Delivery boys shall receive incoming requests from restaurants.,FR
1844,Delivery boys shall acknowledge requests within 3 seconds.,FR
1845,Delivery boys shall toggle between Online/Offline/Break options.,FR
1846,Delivery boys shall reach restaurants and check order details.,FR
1847,Delivery boys shall receive customer details from restaurants.,FR
1848,Delivery boys shall pick up and deliver orders to customers.,FR
1849,Delivery boys shall receive ratings from customers.,FR
1850,Delivery boys shall receive notifications for restaurant and customer payment details.,FR
1851,Delivery boys shall receive cash payments upon order completion.,FR
1852,"Admins shall manage users, providers, and accounts.",FR
1853,Admins shall be able to CRUD items for restaurants.,FR
1854,"Admins shall manage restaurant details, ratings, and reviews.",FR
1855,Admins shall manage delivery boy details.,FR
1856,Admins shall display top-rated restaurants and offers.,FR
1857,Admins shall facilitate communication between delivery boys and restaurants for order replacements or cancellations.,FR
1858,Admins shall add promo codes/offers.,FR
1859,The dispute panel shall reassign orders if delivery boys fail to acknowledge requests.,FR
1860,The dispute panel shall manage customer requests for order replacements or cancellations if items are not available.,FR
1861,"The system shall log every state and state change of action, tablet, and display to provision recovery from system failure.",NFR
1862,"The system shall be capable of restoring itself to its previous state in the event of failure (e.g., a system crash or power loss).",NFR
1864,The system shall utilize periodic 120-second keep-alive messages between mobile and the server to monitor app operational status.,NFR
1865,The system shall be able to use the app on different platforms like different versions of OS/Mobiles.,NFR
1866,The system shall perform an authentication process for login and payment through a bank card.,NFR
1867,The user shall be able to make payments with secured bank payment mode.,NFR
1868,The system shall perform encryption and decryption of data for passwords provided by users for login.,NFR
1869,Any element of the system will take no longer than 10 seconds to restart.,NFR
1870,Admins shall not dismiss an engaged menu unless the customer requests it.,NFR
1871,"The server shall be capable of supporting no fewer than 200 concurrent connections from any combination of computers, tablets, and displays.",NFR
1872,"The server shall be capable of supporting an arbitrary number of active orders, meaning no orders shall be lost under any circumstances.",NFR
1873,"The server shall be capable of supporting an arbitrary number of active customer payments, meaning no payments shall be lost under any circumstances.",NFR
1874,User shall be able to log in with a valid login ID and password.,FR
1875,System shall inform the user of failed login attempts due to incorrect credentials.,FR
1876,User shall be able to access the main form after successful login.,FR
1877,User shall be able to input and store personal details of students.,FR
1878,System shall generate a unique Student ID for each student.,FR
1879,User shall be able to enroll a student's biometric data using fingerprint scanning.,FR
1880,User shall be able to update student details.,FR
1881,"User shall be able to reset student details, clearing all stored information.",FR
1882,User shall be able to delete student records.,FR
1883,System shall display attendance reports for individual students in each subject.,FR
1884,System shall provide attendance reports for all students in a class.,FR
1885,System shall generate attendance reports for specific courses.,FR
1886,User shall input eligibility criteria status.,FR
1887,System shall display reports indicating whether students meet the specified eligibility criteria for exams.,FR
1888,User shall/will be able to operate the system with a Dual Core or above processor.,NFR
1889,System shall be able to function with a minimum of 512MB RAM.,NFR
1890,System shall require a minimum of 80GB hard disk space.,NFR
1891,System shall support a monitor with a minimum size of 14 inches and VGA resolution.,NFR
1892,User shall/will be able to interact with the system using a standard keyboard and mouse.,NFR
1893,"User shall/will be able to operate the system on Windows XP, Windows 7, or above operating systems.",NFR
1894,System shall integrate with Netbeans IDE 7.2.1 for Java development and MySQL Query Browser for database management.,NFR
1895,System front end shall be developed using Java.,NFR
1896,System back end shall utilize MySQL.,NFR
1897,System shall interact with SQL Server for server functionalities.,NFR
1898,System development shall utilize JDK-6.,NFR
1899,"System shall be compatible with Internet Explorer, Mozilla Firefox, Google Chrome, and Safari browsers.",NFR
1900,"User shall/will be able to interact with the system using standard input/output devices including keyboard, monitor, printer, and scanner.",NFR
1901,"User shall/will be presented with a login screen featuring fields for username, password, and role selection (Administrator, Student, Teacher).",NFR
1902,System shall operate on any Windows-based operating system.,NFR
1903,System shall utilize Microsoft SQL Server 2008 as the database management system.,NFR
1904,System shall connect to power through an electrical outlet.,NFR
1905,System shall support network connections via Ethernet port and serial port jack.,NFR
1906,System shall enable connection of USB peripheral devices through USB slots.,NFR
1907,User shall/will be able to perform online balance checks.,FR
1908,System shall be able to provide functionality for online balance checks.,FR
1909,User shall/will be able to access online shopping opportunities.,FR
1910,System shall be able to enable access to online shopping opportunities.,FR
1911,User shall/will be able to perform online data entry (staff only).,FR
1912,System shall be able to allow staff to perform online data entry.,FR
1913,User shall/will be able to update data.,FR
1914,System shall be able to facilitate data updating.,FR
1915,User shall/will be able to transfer balances.,FR
1916,System shall be able to process balance transfers.,FR
1919,User shall/will be able to access the system with a Dual Core or above processor.,NFR
1921,User shall/will be able to utilize the system with a minimum requirement of 80GB hard disk space.,NFR
1922,System shall be able to support a monitor with a minimum size of 14 inches and VGA resolution.,NFR
1924,"System shall be able to provide compatibility with Windows XP, Windows 7, or above operating systems.",NFR
1925,User shall/will be able to integrate with Netbeans IDE 7.2.1 for Java development and MySQL Query Browser for database management.,NFR
1926,System shall be able to develop the front end using Java and utilize MySQL for the back end.,NFR
1928,System shall be able to connect to power through an electrical outlet and support network connections via Ethernet port and serial port jack.,NFR
1931,User shall/will be able to register and create accounts in the BMS.,FR
1932,System shall be able to allow new users to register and create accounts.,FR
1933,User shall/will be able to login using username and password.,FR
1934,System shall be able to provide login functionality using username and password.,FR
1935,User shall/will be able to have different levels of access and privileges based on their roles.,FR
1936,System shall be able to assign different levels of access and privileges to users based on their roles.,FR
1937,"User shall/will be able to open various types of accounts like savings, fixed deposit, etc.",FR
1938,System shall be able to allow customers to open different types of accounts.,FR
1939,User shall/will be able to view their transaction history and available balance.,FR
1940,System shall be able to provide access to transaction history and available balance for account holders.,FR
1941,User shall/will be able to transfer funds between their own accounts or to others accounts.,FR
1942,System shall be able to facilitate fund transfers between accounts.,FR
1943,User shall/will be able to apply for loans and view their loan status.,FR
1944,System shall be able to allow customers to apply for loans and check their application status.,FR
1945,"User shall/will be able to access customer support through the system, including email or chat.",FR
1946,"System shall be able to provide channels for users to contact customer support, including email or chat.",FR
1947,User shall/will be able to generate and download account statements.,FR
1948,System shall be able to generate and provide downloadable account statements.,FR
1949,"User shall/will be able to pay bills online, such as utility bills, credit card bills, and loan payments.",FR
1950,System shall be able to securely process online bill payments for various utilities and loans.,FR
1951,User shall/will be able to access the system via web browsers and mobile applications.,FR
1952,System shall be able to provide access to the system through web browsers and mobile applications.,FR
1953,User shall/will be able to receive automatic alerts for unusual or suspicious account activities.,FR
1954,System shall be able to detect and alert users to unusual or suspicious account activities automatically.,FR
1955,User shall/will be able to ensure acceptable response times even during peak times.,NFR
1956,System shall be able to ensure a large number of concurrent users and transactions during peak times.,NFR
1957,Response times shall remain within acceptable limits even during periods of heavy usage.,NFR
1958,"The system shall ensure scalability to accommodate an increasing number of users, accounts, and transactions.",NFR
1959,System shall allow for the addition of new servers or resources as the system grows.,NFR
1960,"The system shall ensure a high level of availability, with minimal downtime for maintenance or upgrades.",NFR
1961,System shall have a mechanism to ensure uninterrupted service in case of hardware or software failures.,NFR
1962,The system shall ensure robust data backup and recovery strategies to prevent data loss in case of system failures.,NFR
1963,Regular backups shall be performed and tested for reliability.,NFR
1964,A disaster recovery plan shall be in place to restore service quickly in the event of a catastrophic failure.,NFR
1965,"The system shall adhere to relevant banking and financial industry regulations, including Know Your Customer (KYC) and Anti-Money Laundering (AML) requirements.",NFR
1966,"System shall comply with data protection and privacy laws, such as GDPR or HIPAA, as applicable.",NFR
1967,"The user interface shall be intuitive and user-friendly, catering to users of varying technical abilities.",NFR
1968,"The system shall be accessible to individuals with disabilities and comply with accessibility standards (e.g., WCAG).",NFR
1969,The system shall be subject to load testing to ensure it can handle expected levels of usage.,NFR
1970,Continuous performance monitoring shall be in place to detect and address performance bottlenecks.,NFR
1971,"User shall be able to navigate the web, load pages, and interact with content.",FR
1972,User shall be able to save and organize favorite websites using bookmarks.,FR
1973,User shall have access to a log of previously visited websites.,FR
1974,User shall be able to open and manage multiple tabs within a single window.,FR
1975,User shall have customization options including homepage selection and privacy settings.,FR
1976,System shall meet performance expectations in terms of page load times and responsiveness.,NFR
1977,"System shall implement security measures such as encryption protocols, sandboxing, and protection against malware.",NFR
1978,System shall maintain uptime as per defined expectations and handle errors effectively.,NFR
1979,System shall ensure usability through intuitive navigation and accessibility features.,NFR
1980,User shall be able to accommodate a high number of books and users without any faults.,NFR
1981,System shall ensure that responses to view information appear on the screen within 5 seconds.,NFR
1982,System shall not cause harm to human users during its use.,NFR
1983,System shall use a secured database for data storage.,NFR
1984,Normal users will have read-only access to information except for their personal and some other specified information.,NFR
1985,System shall enforce access constraints for different types of users.,NFR
1986,LMS product shall handle both expected and unexpected errors to prevent loss of information and minimize downtime.,NFR
1987,"The LMS shall store all information about librarians and patrons, including their access keys and priority.",FR
1988,"The LMS shall allow searching for items by author, title, or keywords.",FR
1989,The LMS shall support 500 patrons and handle 1000 requests per minute simultaneously.,FR
1990,"The LMS shall enable librarians to add, delete, and modify items in the database and check their availability.",FR
1991,"The LMS shall generate daily reports for librarians based on requests, aiding in decision-making regarding item acquisition or retirement.",FR
1992,The LMS shall automatically create notifications and send them to patrons via email when items are overdue.,FR
1993,"The LMS shall provide the capability to search, request, and renew items either through the LMS application on library computers or via the College website from outside the library, utilizing the Internet.",FR
1994,The LMS shall grant access to both the previous Access-based database and online databases.,FR
1995,User shall be able to login to the system as an authorized administrator using a username and password.,FR
1996,System shall allow the administrator to register members by manually inputting their information into the system.,FR
1997,System shall provide an Inbox feature for administrators to view all requests made by active members.,FR
1998,"Administrator shall be able to view pending requests, approve or reject them, and send notifications to requesters upon approval.",FR
1999,"If a request is approved, the status will be marked as ""Borrow"" with an end date.",FR
2000,"Administrator shall be able to check the status of all books, including whether they have been issued or reserved, and view their details.",FR
2001,"System shall provide a search facility for administrators to search for books based on title, subject, author, or publisher.",FR
2002,"Administrator shall be able to add new books to the library based on user requests, inputting all relevant details.",FR
2003,Administrator shall have the capability to remove any book from the library.,FR
2004,User shall be able to login to the system as an authorized user using a username and password.,FR
2005,"Users of the system include four categories: Student (Transaction and view), Faculty (Transaction and view), Author (view), Publisher (view).",FR
2006,"System shall provide a search engine allowing users to search for books by book name, subject, author, and publisher.",FR
2007,"User shall be able to view the list of book details, including Book Id, Book Name, Author, Status (Reserved / Borrowed / Cancelled/ Available), Due date, Reservation date, Borrowed User (if status is ""Borrowed"").",FR
2008,"The user shall make a request to reserve a book, which shall then be sent to the administrator for approval.",FR
2009,"System shall provide an interface for users to request non-availability of a book, which the administrator can accept or reject.",FR
2010,The reservation system shall allow users to reserve books even if they are currently borrowed by other members.,FR
2011,User shall be able to cancel a reservation.,FR
2012,System shall send a notification via email after registering a book.,FR
2013,"System shall track due dates and send reminders at regular intervals, with a static value of 4 days set in the system.",FR
2014,"User shall be able to view the status of books based on predefined statuses such as Pending, Approved, Rejected/Canceled, Borrowed, Available, and Not Available.",FR
2015,System shall maintain the book status as Pending when a member requests a book.,FR
2016,System shall update the book status to Approved when the administrator approves the member request.,FR
2017,System shall maintain the book status as Rejected/Canceled if the administrator rejects the requested book.,FR
2018,"System shall update the book status to Borrowed when the book is borrowed by another member, and the administrator changes the status from Approved.",FR
2019,"System shall set the book status to Available if the book is not currently borrowed, allowing members to reserve it.",FR
2020,System shall mark the book status as Not Available when the book stock is unavailable.,FR
2021,"System shall enable users to search for books based on name, subject, status, author, and publisher.",FR
2022,System shall provide a book listing with all necessary columns and transaction details for both users and administrators.,FR
2023,"User shall have access to the system at all times, ensuring 24/7 availability.",NFR
2024,"System shall secure all information in the library database and transactions, providing authentication for all users and restricting access to authenticated users only.",NFR
2025,"System shall design components with simplicity to avoid complexity, thereby enhancing overall performance.",NFR
2026,"User shall be able to record exercises, repetitions, and the followed diet within the application.",FR
2027,"System shall suggest videos, diets, and schedule them on the calendar for the user.",FR
2028,The application shall track the running activity of the user and convert it into calories burnt.,FR
2029,The application shall score the user globally to provide motivation.,FR
2030,The application shall operate in offline or low data mode.,FR
2031,User shall experience quick and seamless authentication processes facilitated by the application.,NFR
2032,System shall allow users to reset their passwords through a user-friendly and secure method. It should include verifying identity through security questions or sending verification codes to the registered email or phone number.,NFR
2033,"System shall ensure the security of user accounts, employing measures such as encryption, password complexity requirements, and protection against brute-force attacks.",NFR
2034,Users shall not encounter any interruptions or issues when resetting a password.,NFR
2035,Systems shall display password fields such that characters entered by the user are not visible.,NFR
2036,"The system shall provide uninterrupted functionality both with and without an internet connection. In offline mode, users should still be able to access certain features. In online mode, the system should operate smoothly.",NFR
2037,System shall maintain consistent functionality across different devices and platforms.,NFR
2038,The system shall secure itself by limiting access to authorized users and requiring password protection.,NFR
2039,The system shall provide clear instructions and intuitive navigation for ease of use by all users.,NFR
2040,User shall have access to a database in a workable state.,FR
2041,System shall provide secure passwords to each user or client.,FR
2042,"The system shall be designed to be user-friendly, particularly for novice users.",FR
2043,There shall be proper interconnectivity between files to facilitate communication.,FR
2044,Different commands for different functions shall be implemented to ensure reliability.,FR
2045,User shall access the intra mailing system concurrently with multiple users.,NFR
2046,System shall support multiple users simultaneously in the intra mailing system.,NFR
2047,User shall not be able to view other users' details for privacy and security reasons.,NFR
2048,System shall restrict users from viewing other users' details to ensure privacy and security.,NFR
2049,User shall utilize the application across various sectors where file transfer is essential.,NFR
2050,System shall provide versatility and adaptability to be used in different sectors where file transfer is crucial.,NFR
2051,User shall authenticate themselves to access functionalities permitted to them.,NFR
2052,System shall implement authentication checks to prevent unauthorized access to functionalities.,NFR
2053,User shall experience portability between Microsoft Windows and Linux platforms for both intranet and internet versions of the system.,NFR
2054,System shall ensure portability between Microsoft Windows and Linux platforms for both intranet and internet versions of the system.,NFR
2055,"User shall easily maintain the system due to its modular design, especially concerning frequent changes in database contents.",NFR
2056,"System shall facilitate easy maintenance of the system with its modular design, especially regarding changes in database contents.",NFR
2057,User shall have confidence in the system's performance as it supports multiple users simultaneously.,NFR
2058,"System shall support multiple users simultaneously, ensuring high performance of the system.",NFR
2059,"User shall have access to various editing features including video collages, themes, music bank, and sound effects in the VivaVideo app.",FR
2060,System shall provide professional video and photo editing tools within the VivaVideo app.,FR
2061,"User shall be able to create slideshows with additional text art, animated texts, and Photoshop features.",FR
2062,"System shall offer video editing tools such as trim, cut, crop, merge, copy/duplicate, collage, and looping video clips on the storyboard.",FR
2063,"User shall have access to video editing effects including background blur, video speed adjustment, fade in and out, animated texts and fonts, GIFs, Giphy video stickers, and a music editor.",FR
2064,System shall include a fast/slow motion editor for users to choose the best video speed.,FR
2065,"User shall have access to a secure and reliable video/photo editor app, VivaVideo, for creating personalized videos and photos.",NFR
2066,System shall ensure user data and personal information are securely managed and protected within the VivaVideo app.,NFR
2067,"User shall enjoy a versatile editing experience with various editing features including video collages, themes, music bank, and sound effects.",NFR
2068,"System shall restrict access to sensitive features and functionalities to authorized users only, ensuring privacy and data security.",NFR
2069,"User shall create slideshows with additional text art, animated texts, and Photoshop features.",NFR
2070,"System shall provide a seamless experience for merging clips, cutting, cropping, and looping video clips on the storyboard.",NFR
2071,"User shall apply video editing effects such as background blur, video speed adjustment, fade in and out, and animated texts and fonts.",NFR
2072,System shall offer a fast/slow motion editor for users to choose the best video speed.,NFR
2073,"User shall access different modes for adding filters and effects to scenes and images, enhancing versatility and customization options.",NFR
2074,System shall comply with relevant privacy regulations and standards to safeguard user privacy and data security.,NFR
2075,User shall utilize the screen recorder function with a facial tracker to capture live movements.,NFR
2076,System shall enable users to export their stories to their gallery and share them directly to social media platforms with ease.,NFR
2077,"User shall experience seamless access to advanced editing features like video collages, themes, and music bank, enhancing their creativity within the VivaVideo app.",NFR
2078,System shall ensure a user-friendly interface for effortless creation of slideshows with customizable elements such as text art and animated texts in VivaVideo.,NFR
2101,The admin-side business logic shall be completely separate from the student interface to ensure optimal performance.,NFR
2102,The system shall be optimized for high performance by clearly separating the business logic from the UI.,NFR
2103,The system shall be scalable to accommodate numerous concurrent users.,NFR
2104,"The student registration process shall complete in 10 seconds or less, company registration and job posting shall each take no more than 15 seconds, and student applications for jobs shall be processed within 20 seconds.",NFR
2105,The system shall maintain availability 24/7.,NFR
2106,"Errors will be minimized, and users will be provided with appropriate error messages to guide them through the issue.",NFR
2107,Users' inputs shall be validated to ensure data integrity and system security.,NFR
2108,The error recovery time shall be less than 10 seconds.,NFR
2109,The system shall ensure a high level of security and integrity for the data it holds.,NFR
2110,"Authorized personnel only, such as admins, shall access private data, and users shall only view their user page with valid credentials.",NFR
2111,The system shall have high availability. ,NFR
2112,The system shall have a simple yet high-quality user interface.,NFR
2113,The system shall have descriptive and easily understandable error messages.,NFR
2114,Error messages shall be descriptive and easily understandable.,NFR
2115,The system shall only be available for the specified college.,NFR
2116,Users shall access the system using a securely managed login/user-ID and password.,NFR
2117,Each student shall only be recruited by one company.,NFR
2118,"Once a company selects a candidate, they shall not be allowed to reject them; otherwise, the company will be blacklisted.",NFR
2119,Each student shall have only one account.,NFR
2120,User shall be able to maintain different types of specialties.,FR
2121,User shall be able to add a new (unique) specialty.,FR
2122,User shall be able to view and update the details of an existing specialty.,FR
2123,"User shall be able to delete a specialty, provided no doctors are attached to it.",FR
2124,User shall be able to maintain doctors and associate them with specialties.,FR
2125,"User shall be able to add a new (unique) doctor with details such as name, age, sex, qualification, experience, and specialty.",FR
2126,"User shall be able to view and update the details of an existing doctor, with the specialty remaining unchanged.",FR
2127,"User shall be able to delete a doctor, only if no new patient consultation requests are pending.",FR
2128,User shall be able to maintain chemists and labs details.,FR
2129,"User shall be able to add a new chemist or lab, with only one lab allowed per pincode.",FR
2130,"User shall be able to view and update the details of an existing chemist/lab, with pincode remaining unchanged.",FR
2131,"User shall be able to delete a chemist/lab, only if no new prescription is pending.",FR
2132,User shall be able to maintain a master list of symptoms for patient consultation requests.,FR
2133,User shall be able to add a new symptom.,FR
2134,User shall be able to view and update the details of an existing symptom.,FR
2135,"User shall be able to delete a symptom, only if no consultation request has ever used it.",FR
2136,User shall be able to create a patient profile.,FR
2137,"User shall be able to view and update the details of an existing patient profile, with only the latest details maintained by the system.",FR
2138,"User shall be able to delete a patient profile, provided no consultation requests have been made in the last 3 years.",FR
2139,"Registered patients shall have the ability to raise consultation requests, with options for appointment and offline consultation.",FR
2140,"User shall be able to create a consultation request by entering symptoms, uploading reports, and defining the request mode (offline/appointment).",FR
2141,"For appointment requests, an entry shall be created in the patient appointment file if the appointment is for the next day.",FR
2142,A batch program shall run nightly to create an appointment file for the next 5 days and purge existing files.,FR
2143,A batch program shall periodically predict diseases based on consultation requests using a machine learning algorithm and prioritize the requests.,FR
2144,"Doctors shall see prioritized consultation requests, provide diagnosis, prescribe medicines, and suggest lab requests.",FR
2145,"Chemists shall be able to view open prescriptions assigned to them based on pincode and update the status, with medicines delivered offline to patients.",FR
2146,"Lab in-charge shall be able to view open lab requests, update the status, and perform actual sample collection and lab tests offline, with reports submitted to patients offline.",FR
2147,"Patients shall have the facility to view and print prescriptions and invoices, with admins having the option to print and email prescriptions and invoices.",FR
2148,"Quarterly, patient profiles without consultation requests for the last 3 years and consultation requests more than 3 years old shall be archived to improve performance.",FR
2149,"Every night, a full backup of the system (database and code) shall be taken and sent to a remote site for safekeeping, with backups rotated every 30 days.",FR
2150,Administration shall improve the disease prediction database monthly based on the learning from the prior month.,FR
2151,"The system shall have a login functionality for doctors, patients, chemists, and labs, with default passwords set up by the admin, and users can change passwords and log in using their own credentials.",FR
2152,User shall/will be able to access the system using specified pincodes (zones).,NFR
2153,User shall/will access the system using a login/user-id and password managed securely.,NFR
2154,"User shall/will be able to register themselves by filling out a patient profile, generating a unique ID.",NFR
2155,User shall/will be able to request one or more consultation requests linked back to a specialty.,NFR
2156,User shall/will be able to view and print prescriptions and invoices.,NFR
2157,User shall/will be able to view reports such as doctor-wise appointment files and revenue earned per month/quarter/year.,NFR
2158,"User shall/will have access to a simple and intuitive user interface designed for ease of use, especially for elderly patients.",NFR
2159,"System shall be able to scale to 10,000+ users (patients) concurrently.",NFR
2160,"System shall be able to respond to critical processes within defined time limits, including patient registration, consultation requests, and prescription lookup.",NFR
2161,System shall ensure high availability with 99.999% uptime and regular backups with a cycle of 30 days.,NFR
2162,System shall securely manage user login credentials and patient data confidentiality.,NFR
2163,System shall comply with healthcare regulations as defined by the Government of India.,NFR
2164,System shall support emerging needs based on data analysis.,NFR
2165,System shall back up data every night and restore backups daily to ensure completeness and correctness.,NFR
2166,System shall maintain data securely in a fireproof cabinet 25 km away from the hospital.,NFR
2167,System shall ensure that each specialty has one or more associated doctors.,NFR
2168,System shall ensure that each doctor is mapped to one and only one specialty.,NFR
2169,"System shall ensure that each patient consultation request generates one prescription, mapped to one and only one consultation request.",NFR
2170,System shall ensure that prescriptions are mapped to one and only one chemist or lab based on the patient's pincode.,NFR
2171,"User shall be able to record sales transactions, including customer information, medicine name, quantity sold, and unit price.",FR
2172,User shall be able to use a barcode scanner or manual entry for sales processes.,FR
2173,"User shall be able to track and analyze sales performance, including total sales, top-selling medicines, and sales trends.",FR
2174,"User shall be able to create purchase orders for medicines from authorized distributors, specifying details like quantity and expiration dates.",FR
2175,System shall automatically update the available quantity of each medicine after a sale is completed.,FR
2176,System shall generate notifications when the stock of a particular medicine falls below a predefined threshold.,FR
2177,"System shall provide tools for tracking and analyzing sales performance, including metrics such as total sales, top-selling medicines, and sales trends over time.",FR
2178,"User shall be able to process returns of medicines to distributors within the specified time frame, recording relevant details such as reasons for return and quantities returned.",FR
2179,System shall automatically adjust the available quantity of returned medicines in the inventory.,FR
2180,"The return process shall update the inventory system to reflect a decrease in the number of available medicines, ensuring accurate stock levels.",FR
2181,"User shall have a secure login mechanism with role-based access control, ensuring that employees can only access functions relevant to their roles.",FR
2182,"User shall have a detailed activity log maintained, capturing actions such as logins, logouts, sales transactions, purchases, and any system operations.",FR
2183,User shall/will be able to interact with the system with responses within two seconds under normal operating conditions.,NFR
2184,User shall/will be provided with reports generated in a time not exceeding five seconds.,NFR
2185,User shall/will have access to a system with a mean time between failures of at least 500 hours.,NFR
2186,"In the event of a failure, the system shall/will recover within five minutes with minimal data loss.",NFR
2187,User shall/will have sensitive data encrypted during transmission and storage.,NFR
2188,"User shall/will be subject to role-based access control, restricting access based on assigned roles.",NFR
2189,User shall/will have passwords stored securely using industry-standard hashing algorithms.,NFR
2190,User shall/will experience a system capable of supporting the addition of new features without requiring a complete system overhaul.,NFR
2191,User shall/will experience optimal performance under increased loads through scalability tests.,NFR
2192,User shall/will interact with an intuitive user interface requiring minimal training.,NFR
2193,User shall/will receive clear error messages and guidance in case of input errors.,NFR
2194,User shall/will access a system available 100% of the time during regular business hours.,NFR
2195,User shall/will be informed in advance of scheduled maintenance to minimize downtime.,NFR
2196,User shall/will benefit from regular automated backups of the database and system configuration.,NFR
2197,Backup data shall/will be stored in a geographically separate location to ensure recovery in case of a catastrophic event.,NFR
2198,User shall/will experience a system designed with built-in fault tolerance to minimize the impact of failures.,NFR
2199,System shall/will identify dependencies on external services or APIs.,NFR
2200,User shall be able to create a new account and select Free or Premium membership.,FR
2201,User shall be prompted to sign in to access their account.,FR
2202,User shall have the option to sign out or switch between accounts.,FR
2203,"User shall be limited to 1000 calls per day, with total calls being the sum of all user accounts.",FR
2204,User shall search for locations using city names for weather information.,FR
2205,User shall only have access to US cities and locations within the app.,FR
2206,User shall store one location for Free Users and up to five locations for Premium Users.,FR
2207,User shall have the ability to remove stored locations.,FR
2208,"User shall access a 7-day advance weather prediction for searched and stored cities, in addition to current weather data.",FR
2209,User shall expect Weeble to load within 20 seconds for 90% of the time.,NFR
2210,User passwords shall be hashed using a key stretching algorithm before storage in the database.,NFR
2211,The database of Webble shall reliably support up to 20 user accounts and associated data.,NFR
2212,Webble shall allow a maximum of 10 Premium Users with full access to features.,NFR
2213,A maximum of 10 Free Users shall be allowed in Webble with limited access to features.,NFR
2214,Premium Users shall be permitted to make up to 66 calls per day.,NFR
2215,Free Users shall be allowed to make up to 33 calls per day.,NFR
2216,Webble shall depict weather information using graphical icons corresponding to the current weather.,NFR
2217,"An FAQ page shall be provided in Webble to explain terms, functionality, and other relevant information.",NFR
2218,The design of Webble shall ensure that at least 90% of users can navigate and understand the application after training.,NFR
2219,"User shall have the ability to search resumes by keywords, job category, and days since posted.",FR
2220,"User shall be able to post jobs with detailed descriptions including job title, company name, location, salary, job type, work type, and required skills.",FR
2221,User shall have the ability to create and edit a company profile.,FR
2222,User shall be able to add a company logo to job postings.,FR
2223,Password resets shall be retrievable by automated email.,FR
2224,Employers and recruiters shall be able to create multiple resume agents to receive daily emails matching their keywords.,FR
2225,Paid features such as making offers bold or highlighting shall be available.,FR
2226,The search resume facility shall be activated by paying a fee based on requirements.,FR
2227,Employer and agency registration shall be facilitated.,FR
2228,Individual or package job adverts shall be purchasable by credit card.,FR
2229,Information on remaining job posting time and CV access shall be reportable.,FR
2230,Confirmation of remaining credits shall be provided after each job posting.,FR
2231,Payment options shall include invoice or credit/debit card.,FR
2232,Company logos shall be attachable to job adverts.,FR
2233,Information on vacancy viewings and applications shall be provided.,FR
2234,Application forms shall be attachable to job adverts.,FR
2235,Jobs shall be postable via external sites if used by the advertiser.,FR
2236,High-quality applications shall be received from a customized job board.,FR
2237,Internal notes on applicants shall be maintainable.,FR
2238,"Online registration and signup for memberships, job packages, postings, or resume database access shall be available.",FR
2239,Quick employer registration shall be possible using email and password.,FR
2240,Multiple registration accounts for colleagues shall be set up.,FR
2241,Autoresponder messages shall be sent for new account notifications.,FR
2242,Password retrieval shall be possible via automated email.,FR
2243,Profile updates shall be allowed at any time.,FR
2244,Resumes or CVs submitted by job seekers shall be viewable and downloadable.,FR
2245,Employers shall be able to create questions for applicants to respond to when applying.,FR
2246,Search agents shall automatically send resumes matching specified criteria via email daily.,FR
2247,Calendar scheduling for meetings shall be provided.,FR
2248,Newsletter subscription or unsubscription shall be possible.,FR
2249,"Job listings shall be customizable to include company info, job type, category, requirements, wages, benefits, and an apply button.",FR
2250,Statistics on views and applicant counts shall be provided for postings.,FR
2251,Video CVs shall be viewable.,FR
2252,"User shall have the ability to search for jobs by keywords, category, and work status.",FR
2253,User shall be able to upload a Video CV of up to 3 minutes.,FR
2254,Applying for a job shall be facilitated with a single click.,FR
2255,"Resume posting capabilities shall include creation, editing, and expiration.",FR
2256,Candidates shall be able to opt-in and create Job Agents to receive daily notifications of matching jobs.,FR
2257,Saving jobs of interest in a queue shall be possible for candidates.,FR
2258,Password retrieval via email shall be automated.,FR
2259,Job Seeker registration shall allow the addition of CV as a Word file to the CV database.,FR
2260,"Login and profile updates, including password reminders, shall be provided.",FR
2261,Jobs by email and email-a-friend features shall be available.,FR
2262,Viewing application history from the profile shall be possible.,FR
2263,An option to remain anonymous on the CV database while allowing employers/agencies to email candidates shall be provided.,FR
2264,A powerful online job search tool shall be included.,FR
2265,Automated banner ads on email headers shall notify job seekers of relevant jobs.,FR
2266,Job seekers shall control the privacy level of their information visible to employers through resume searches.,FR
2267,"Job searching by location, qualification, categories, company, experience, and keywords shall be enabled.",FR
2268,Resumes will have options for private/public/confidential settings.,FR
2269,Contact information will be optionally hidden.,FR
2270,Resumes will be hidden from specific companies.,FR
2271,Multiple qualifications and experiences will be added and submitted.,FR
2272,Photos and Cover Letters will be added to profiles and job applications.,FR
2273,Newsletter subscription and customization options will be provided.,FR
2274,Jobs will be added to a watchlist for later viewing.,FR
2275,Statistics on resume views by interested employers shall be available.,FR
2276,Automated responses to job applications shall be provided.,FR
2277,"Job Search Agents will be added, edited, activated, or deleted.",FR
2278,Arranging job search results by dates or location shall be possible.,FR
2279,"Admin shall manage job seeker and employer profiles, payments, and services.",FR
2280,Messages will be sent to employers and job seekers for subscription-related matters.,FR
2281,Roles and authentication for users shall be provided by admin.,FR
2282,Admin will set criteria for users and manage static content updates.,FR
2283,Email notifications to users based on account status will be sent from the admin panel.,FR
2284,Recent jobs shall be displayed on the homepage.,FR
2285,Newsletter and email sending functionalities to employers and job seekers shall be provided.,FR
2286,Extensive usage statistics for various categories shall be accessible.,FR
2287,Job categories management console shall be available.,FR
2288,Fully customizable graphic elements and templates shall be editable.,FR
2289,"Fees for various features like job posting, premium membership, etc., shall be configurable.",FR
2290,Billing transactions and reports on system sales shall be viewable.,FR
2291,System administrators shall have control over dropdown lists and list boxes throughout the site.,FR
2292,Job seekers and employers will be searched based on various criteria.,FR
2293,"Multiple membership options with varying prices, time periods, and access levels shall be configurable.",FR
2294,"Invoices can be sent to companies, and featured employer showcases can be managed.",FR
2295,"Reports on total system sales, jobs, job seekers, accounting, and order history shall be viewable.",FR
2296,Full lists of job seekers and employers along with their contact information can be printed.,FR
2297,Resumes will be imported directly from an existing database.,FR
2298,Limits for CV views and alerts for abnormal user activity shall be configurable.,FR
2299,Banner management application for serving and tracking banner ads shall be provided.,FR
2300,Database backup and multiple admin setup with file access privileges shall be available.,FR
2301,"User shall be able to access the control panel based on their role as administrator, employer, or job seeker.",NFR
2302,"User shall be able to subscribe to different membership tiers, such as Silver, Gold, and Diamond, offering varying limits on resume downloads.",NFR
2303,User shall be able to respond to a limited number of profiles per day as a general job seeker.,NFR
2304,"User shall be able to make payments securely through integrated payment gateways like PayPal, InterSwitch, etc.",NFR
2305,"User shall be able to use the application in multiple languages, including English and French.",NFR
2306,User shall experience a fully dynamic interface where data is fetched from the database.,NFR
2307,User shall experience smoother page transitions with AJAX-enabled asynchronous page postbacks.,NFR
2308,"User shall receive clear validation messages on both client and server sides, with failed fields highlighted and focus directed to them.",NFR
2309,User shall be prompted to verify their email upon registration for added security.,NFR
2310,"User shall have the option to connect their social media accounts like Facebook, Twitter, and LinkedIn.",NFR
2311,User shall have a seamless browsing experience across all major web browsers.,NFR
2312,User shall be able to use the application in both English and French languages.,NFR
2313,User shall be able to select from various workout sessions available in the app.,FR
2314,"User shall have their daily calorie goals recorded, and reminders will be sent if a workout is missed.",FR
2315,"User shall have the option to create a customized workout plan, with a detailed graph of the workout displayed.",FR
2316,"User shall access a variety of meal plans based on target calorie intake per day, with options for daily or weekly plans.",FR
2317,User shall be able to integrate their Strava account or Fitbit watch to view fitness-related information within the CrossFit app.,FR
2318,User shall share their progress within the app and have the ability to copy custom workout sessions.,FR
2319,User shall use the barcode scanner feature to retrieve detailed information about food products by scanning their barcodes.,FR
2320,"User shall be alerted if they attempt to enter a custom workout name that already exists in the system, prompting them to choose a different name.",FR
2321,"User shall be alerted if they input incorrect or invalid target calories, such as values below a certain threshold or excessively high values.",FR
2322,"User shall be prompted to sign in again and grant permissions if they do not provide access to their account details, ensuring the app has the necessary information.",FR
2323,"User shall be alerted if they provide incomplete information regarding the mealtime cycle of the plan, indicating which form fields are incomplete for correction.",FR
2324,"User will be prompted to grant permission to access the camera if they initially deny access, allowing the app to utilize camera functionality.",FR
2325,"User will be notified if the barcode output is not generated due to an issue, prompting them to retry or seek assistance if needed.",FR
2326,User shall expect the database to update data in less than 1 second to ensure timely information retrieval.,NFR
2327,User shall experience a UI load time within 30 milliseconds for quick and responsive user interactions.,NFR
2328,User shall anticipate API responses in less than 2.5 seconds to maintain seamless application functionality.,NFR
2329,User shall have their meal planner tailored to accommodate their allergies and food choices for safety and dietary preferences.,NFR
2330,"User shall receive exercise recommendations considering their movement conditions, such as joint pain or fractures, to prevent injury.",NFR
2331,User shall have their data securely stored in the database with privacy features to prevent data loss and ensure confidentiality.,NFR
2332,"User shall benefit from a simple UI design with easily navigable screens and features, facilitating user interaction and understanding.",NFR
2333,"User shall access the application free of charge, as it is non-profit and aimed at benefiting the public without special admin roles or payment gateways.",NFR
2334,"Crafty kids corner shall include safety tips and guidelines for handling art supplies and performing crafting activities, emphasizing the importance of adult supervision.",FR
2335,"Crafty kids corner shall offer printable resources such as coloring pages, templates, and activity sheets for offline use.",FR
2336,"Crafty kids corner shall incorporate educational elements into activities to promote learning in areas like fine motor skills, creativity, problem-solving, and cultural awareness.",FR
2337,"Crafty kids corner shall implement measures to ensure the safety and privacy of users, particularly children, by adhering to relevant regulations and guidelines regarding online data protection.",FR
2338,"Crafty kids corner shall provide an admin panel for content management, allowing admins to add, edit, or delete projects and tutorials.",FR
2339,Crafty kids corner shall offer user management features in the admin panel for managing accounts and permissions.,FR
2340,Crafty kids corner shall include interactive features where users can comment on projects and engage in discussions.,FR
2341,Crafty kids corner shall include a rating system allowing users to rate projects based on their experience.,FR
2342,Crafty kids corner will be compatible with a wide range of web browsers and devices commonly used by kids and their parents/guardians.,NFR
2343,Crafty kids corner will provide cross-platform support to ensure a consistent user experience across different operating systems.,NFR
2344,Crafty kids corner shall have the ability to accommodate increasing numbers of users as the website grows in popularity.,NFR
2345,Crafty kids corner shall utilize scalable hosting solutions that can handle spikes in traffic without sacrificing performance.,NFR
2346,Crafty kids corner shall have a modular architecture to easily add new features or expand functionality as needed.,NFR
2347,Crafty kids corner shall ensure high availability to ensure the website is accessible whenever kids want to engage with it.,NFR
2348,Crafty kids corner shall implement backup and disaster recovery measures to prevent data loss in case of unforeseen events.,NFR
2349,"Crafty kids corner shall ensure secure user authentication and data protection, especially for any personal information collected from users or their guardians.",NFR
2350,Crafty kids corner shall regularly update security measures and patches to protect against vulnerabilities.,NFR
2351,Crafty kids corner shall feature an intuitive user interface design suitable for each age group.,NFR
2352,"Crafty kids corner shall include accessibility features such as easy navigation, clear labels, and high contrast for readability.",NFR
2353,Crafty kids corner shall have a responsive design that adapts to different screen sizes and devices.,NFR
2354,"Crafty kids corner shall provide ways for users to give feedback, such as ratings or comments, to improve the site's offerings.",NFR
2355,Crafty kids corner shall incorporate interactive elements to keep children interested and entertained.,NFR
2356,All content on Crafty kids corner shall be age-appropriate and suitable for children.,NFR
2357,The system shall validate a new user's account upon registration.,FR
2358,"The system shall allow users to create a new account by providing their name, date of birth, and email id.",FR
2359,The system shall check the eligibility criteria in the database during account creation.,FR
2360,The system shall confirm the successful creation of a new user account.,FR
2361,The system shall enable users to search for information online.,FR
2362,The system shall display the searched information to the user.,FR
2363,The system shall allow users to create boards by providing a name for the board.,FR
2364,The system shall display the created board on the dashboard.,FR
2365,The system shall confirm the successful creation of a board with the desired name.,FR
2366,The system shall enable users to create new pins by manually entering the pin details.,FR
2367,The system shall display the created pin on the dashboard.,FR
2368,The system shall confirm the successful creation of a new pin visible to all users.,FR
2369,The system shall allow users to comment on posts they like.,FR
2370,The system shall enable users to write comments on posts.,FR
2371,The system shall process and display the written comment on the post.,FR
2372,The system shall provide the functionality for users to follow other users.,FR
2373,The system shall allow users to select and follow other users.,FR
2374,The system shall display the list of people the user follows on the dashboard.,FR
2375,The system shall display the list of people the user follows to the followers of those users.,FR
2376,The system shall support customization of user-provided information.,FR
2377,The system shall allow users to change their information at any time.,FR
2378,The system shall process and display the changed user information.,FR
2379,The system shall ensure that the changed user information is visible to all followers.,FR
2380,The system shall provide a notification feature for users to check their notifications.,FR
2381,The system shall allow users to open the notification box and select desired notifications.,FR
2382,"The system shall display the selected notification, showing the pins associated with it.",FR
2383,"The system shall be maintainable by highly professional maintainers, who are solely responsible for updating and adding new features.",NFR
2384,"The system shall be responsive, ensuring that it promptly follows every command given by the users.",NFR
2385,"The system shall prioritize usability, aiming for easy use and quick familiarity for end users without the need for training or assistance.",NFR
2386,"The system shall ensure reliability, earning users' trust with their information.",NFR
2387,The system shall utilize a database to store user information and data.,NFR
2388,User shall be able to connect with other people on Quora by sending messages.,FR
2389,"System shall open a new window for users to compose and view messages, retrieving previous messages from the database.",FR
2390,User shall be able to change profile settings or details.,FR
2391,"System shall open a new window with options such as account, privacy, and language settings.",FR
2392,User will be able to log in to their Quora.com account.,FR
2393,"System shall verify user input from the database and proceed accordingly, logging the user into the home page.",FR
2394,User shall be able to sign up for an account on Quora.com.,FR
2395,"System shall display a confirmation popup after the user fills out the form and clicks the submit button, saving the information to the database for further processing.",FR
2396,"The system shall be available at all times, accessible via any web browser, even with low browsing speed.",NFR
2397,The system shall be available as an application on both Android and iOS platforms.,NFR
2398,The system shall be accessible on mobile browsers as well.,NFR
2399,The system shall be compatible with any Windows platform with any version of a web browser.,NFR
2400,The system shall also be accessible on mini browsers for mobile devices.,NFR
2401,The Android application version of the software shall require a minimum Android version of 4.2.,NFR
2402,A commercial database shall be utilized for maintaining the website's database.,NFR
2403,The application server shall be responsible for maintaining the website.,NFR
2404,The software design shall prioritize modularity to facilitate efficient maintainability.,NFR
2405,User will choose between linking a credit or debit card.,FR
2406,System will allow the user to link their card.,FR
2407,"User will input their card details including card number, card type, expiration date, security code, and billing address, and then click on the link card option.",FR
2408,System will display a message indicating that the bank account has been successfully added.,FR
2409,"User will choose from options including searching for their issue, chatting with customer support, asking the community, emailing customer support, or calling customer support.",FR
2410,System will prompt the user to select their issue or write about their problem.,FR
2411,User will submit their issue or problem.,FR
2412,System will display a message confirming that the problem or issue has been submitted successfully.,FR
2413,User will input the email or mobile number associated with their PayPal account.,FR
2414,System will send a one-time password to the provided email or mobile number.,FR
2415,User will input the verification code received.,FR
2416,System will confirm the successful submission of the verification code.,FR
2417,User will input a new password and confirm the password.,FR
2418,System will display a message confirming that the password has been created successfully.,FR
2419,User shall experience a high data transfer rate.,NFR
2420,System shall maintain uninterrupted connections.,NFR
2421,System must perform effectively in adverse conditions.,NFR
2422,System shall automatically log out the user after a period of inactivity.,NFR
2423,Back-end servers shall only be accessible to authenticated users.,NFR
2424,The PayPal network must be available 24 hours a day.,NFR
2425,Only designated maintainers are allowed to connect new users to the PayPal Payment System network and maintain records of all users and transaction status.,NFR
2426,The user shall have the option to sign up using their Facebook account.,FR
2427,The user shall have the option to sign up using their Google account.,FR
2428,The user shall have the option to sign up using their Office 365 account.,FR
2429,"The user shall be able to sign up by tapping the ""Sign Up"" button and using their email address.",FR
2430,The user shall be able to enter their school year tenure.,FR
2431,The user shall be able to submit their school start date.,FR
2432,The user shall be able to submit their school start time.,FR
2433,"The user shall be able to view their upcoming and current tasks, classes, exams, and reminders.",FR
2434,"The user shall be able to add a new task from the dashboard by tapping on ""NewTask"".",FR
2435,The user shall be able to view the Menu from the dashboard.,FR
2436,The calendar shall be viewable in either week or month format by tapping on a drop-down menu.,FR
2437,"The calendar shall display all tasks, exams, and classes with their details.",FR
2438,"Upon tapping a specific date, the calendar shall display detailed descriptions in the lower screen section.",FR
2439,The calendar shall allow jumping to the current date by tapping the calendar icon in the top right corner of the screen.,FR
2440,The Tasks window shall display all current and upcoming tasks to the user.,FR
2441,"The user shall be able to filter tasks by School Year/Term or Subject by tapping the ""Tasks"" filter at the top of the screen.",FR
2442,The user shall be able to search for a task by tapping the search icon on the top of the screen.,FR
2443,The user shall be able to view past tasks by tapping the three-dotted menu widget on the top right corner of the screen.,FR
2444,"The user shall be able to create a new task by tapping the ""+"" icon in the bottom right corner of the screen.",FR
2445,The user shall be able to select a subject from the Subject drop-down menu when creating a new task.,FR
2446,The user shall be able to add a new subject to the Subject drop-down menu.,FR
2447,"The user shall be able to choose the type of task (Assignment, Reminder, Revision) from a drop-down menu.",FR
2448,The user shall be able to select a due date by tapping on the Date field and choosing a date from the pop-up calendar.,FR
2449,The user shall be able to add a title for the new task.,FR
2450,The user shall be able to enter details about the new task in the Detail field.,FR
2451,"In case of a Revision task, the user shall be able to select the exam the revision is for.",FR
2452,"The user shall be able to save the new task by tapping ""Save"" after filling in all the fields.",FR
2453,"A confirmation message box shall appear before discarding a new task if the user taps ""Close"" without saving.",FR
2454,The Exams screen shall display the user's exams.,FR
2455,The user shall be able to filter exams by School Year/Term or Subject.,FR
2456,The user shall be able to view past exams by tapping a designated menu option on the screen.,FR
2457,The user shall be able to view details of a specific exam by tapping on it in the list.,FR
2458,"The user shall be able to create a new exam by tapping the ""Add"" button.",FR
2459,The user shall be able to add a new academic year/term to add the exam.,FR
2460,The user shall be able to select a subject from a drop-down menu or add a new subject.,FR
2461,The user shall be able to enter the Module for the exam.,FR
2462,The user shall be able to add the date and time for the exam.,FR
2463,The user shall be able to set the Duration of the exam.,FR
2464,The user shall be able to enter their Seat number for the exam.,FR
2465,The user shall be able to enter their Room number for the exam.,FR
2466,"The user shall be able to check a box on ""Resit"" if they are giving the exam again.",FR
2467,"The user shall be able to save all the data by tapping on ""Save"".",FR
2468,"The user shall be able to discard all the changes by tapping on ""Close Exam View"".",FR
2469,The user shall be able to see all the details of the Exam in this module.,FR
2470,"The user shall be able to edit the details of the exam by tapping on ""Edit Schedule"".",FR
2471,The user shall be able to view their Class Schedule and Holidays Schedule in the main screen of this module.,FR
2472,The user shall be able to filter their view by Academic Year/Term or Current.,FR
2473,The user shall be able to edit the Academic Year by tapping on the three-dotted menu.,FR
2474,The user shall be able to add a New Academic Year.,FR
2475,The user shall be able to manage Subjects.,FR
2476,"The user shall be able to add a New Class by tapping on ""Add New Class"".",FR
2477,The user shall be able to select the Year/Term or add a new Year/Term for the class.,FR
2478,The user shall be able to select the Subject from a drop-down box for the class.,FR
2479,The user shall be able to add the Module name for the class.,FR
2480,The user shall be able to add the Classroom number for the class.,FR
2481,The user shall be able to mention the building name for the class.,FR
2482,The user shall be able to add their Teacher Name for the class.,FR
2483,The user shall be able to select if their class Repeats or Does not repeat.,FR
2484,The user shall be able to add the Time and Duration of their Class.,FR
2485,The user shall be able to enter the Start and End dates of their Class.,FR
2486,The user shall be able to either Save or Discard their changes for a New/Edit Academic Year.,FR
2487,The user shall be able to edit the Start and End date of the Academic Year.,FR
2488,"The user shall be able to select Scheduling options: Classes occur on the same day every week, Weekly rotations, Daily rotations.",FR
2489,The user shall be able to add a New Term.,FR
2490,The user shall be able to either Save or Discard their changes for a New/Edit Term.,FR
2491,The user shall be able to enter a Term Name.,FR
2492,The user shall be able to select start and end dates of the Term.,FR
2493,The user shall be able to either Save or Discard their changes for Term.,FR
2494,The user shall be able to change the Academic Year/Term of their Subjects.,FR
2495,The user shall be able to delete their Subjects.,FR
2496,The user shall be able to add or make changes to the Subject Name.,FR
2497,The user shall be able to make changes to the Subject Color.,FR
2498,The user shall be able to either Save or Discard their changes for Subjects.,FR
2499,The system shall be designed to be interactive and provide fast updates.,NFR
2500,The system shall scale to accommodate increased usage and data volume over time.,NFR
2501,The system shall respond to highest priority user input or external interrupt and resume previous state upon completion.,NFR
2502,"The user shall be able to navigate the app intuitively, without requiring external instructions.",NFR
2503,The system shall acknowledge user actions with confirmation to ensure application reliability for business purposes.,NFR
2504,"The user shall access the application for installation, updates, and feedback via the Google Play Store.",NFR
2505,"The system shall render its layout adaptively to different screen sizes, including automatic font size and image adjustments.",NFR
2506,The system shall prioritize WiFi connection and automatically switch to mobile network when WiFi is unavailable.,NFR
2507,"The system shall be able to serve 20,000 queries/day, with a significant portion during the 4 peak traffic hours.",NFR
2508,The system shall prioritize traveler privacy regarding location tracking within the mobility domain.,NFR
2509,"The system shall support language agnostic operation for portability, including English, Turkish, Finnish, and Italian for the identified replication partners.",NFR
2510,"The user shall be able to apply lenses, set a timer, enable gridlines, enable flash, and then capture a selfie or photo.",FR
2511,"System shall process the request to the account and upon the other user's acceptance, establish a friendship between these two users.",FR
2512,Snapchat shall utilize Bitmoji app to perform specified actions.,FR
2513,"The system shall allow users to view friends' stories, browse global stories, share stories, take screenshots, and report spam content.",FR
2514,The system shall utilize AI to analyze surroundings and select the appropriate lens based on the analysis.,FR
2515,"The system shall sense any music playing, create an audio fingerprint, and compare it against the database.",FR
2516,"The system shall display a real-time map powered by Mapbox copyrighted by OpenStreetMap and DigitalGlobe, where user's Bitmoji avatar representing them moves according to their location and even simulates driving by entering a car icon.",FR
2517,"Users shall be able to send text messages, pictures, videos, audio recordings, video calls, and play multiplayer games.",FR
2518,The system shall increment the streak counter for daily snapping and reset it to zero upon a break in the chain.,FR
2519,The system shall continuously calculate statistics and update Snapchat scores.,FR
2520,"Upon capturing a selfie, the system shall generate a Snapcode and offer associated actions.",FR
2521,The Memories shall provide cloud-based storage for a limited number of user-uploaded snaps.,FR
2522,"The system shall provide a private section within Memories named ""My Eyes Only"" secured by a user-defined passcode, with the caveat that a forgotten passcode will result in permanent deletion of all data stored within.",FR
2523,"The system shall allow users to search for Snapchatters, location-based stories, and events in their vicinity, along with other functionalities.",FR
2524,"The system shall attempt to match user keywords with its database, displaying related queries and offering a direct contact option for zero matches.",FR
2525,"The system shall allow authorized users to create, update, and delete sensitive user information.",FR
2526,"System shall validate user data, verify credentials, and assign the account to the new user with all new user information upon successful validation.",FR
2527,The system shall provide a social messaging platform where users can create and manage groups with chat functionalities.,FR
2528,User shall be able to determine if a sent snap has been received by the recipient.,FR
2529,Users shall customize their privacy settings to optimize their experience.,NFR
2530,"The system shall enforce strong password management, requiring users to keep passwords confidential and unique for each service.",NFR
2531,The system shall ensure high reliability for its 3 billion+ concurrent users and guarantee secure data storage with appropriate data anonymization techniques.,NFR
2532,"The system shall support Snapchat on Android devices running Android 4.4 or later and iOS devices running iOS 12.4.1 or later, including phones and tablets.",NFR
2533,"Snapchat shall prioritize continuous maintenance, utilize beta testing for new feature acceptance, and deliver frequent updates to surprise users.",NFR
2534,The system shall be designed for intuitive use by first-time users.,NFR
2535,The system shall provide comprehensive and readily accessible help documentation based on user feedback.,NFR
2536,"The system shall provide a backup and automatic restore facility using an online cloud database to store all user data upon permission, with the ability to restore the information on any device.",NFR
2537,"The system shall allow users to report Snapchatters for irrelevant, inappropriate content, misbehavior, or anything uncomfortable and shall take strict action against reported individuals, posts, or spam.",NFR
2538,"The system shall allow users to provide written feedback, rate the app, and share their thoughts after installation.",NFR
2539,Users shall be able to start and manage meetings through both video and audio.,FR
2540,Users shall be able to send messages to each other.,FR
2541,There shall be the ability to form groups or teams.,FR
2542,Users shall be able to send messages to a team of people.,FR
2543,"The system shall support file sharing - Photos, videos, documents, etc.",FR
2544,The Teams app shall be designed to scale based on the size of the organization.,NFR
2545,"There shall be clearly defined uptime targets for the Teams app, along with a documented impact of downtime on performance.",NFR
2546,"The Teams app shall be designed for high availability, ensuring minimal disruption in case of individual service outages.",NFR
2547,Updates to the Teams app shall be delivered through mechanisms that minimize or eliminate impact on ongoing meetings.,NFR
2548,The product shall be designed with very limited graphics usage and shall utilize a simple keypad for user input.,FR
2549,There shall be no sound or animation used in the product.,FR
2550,The hardware and operating system shall be capable of supporting a screen resolution no greater than 320 x 240 pixels due to the small form factor.,FR
2551,"While sound is not essential, it can be considered for future versions of the system. In these future variants, the user shall be greeted by their name upon swiping their card against the reader-writer terminal.",FR
2552,The system shall be designed such that a student can view a page of information by choosing from one of the options given on the welcome screen. Selection shall be performed with a simple keypad.,FR
2553,A staff member shall view a page of information by selecting from the options presented on the welcome screen. Selection shall be performed using a simple keypad.,FR
2554,A student cum staff shall view a page of information upon selection from the welcome screen options using a simple keypad.,FR
2555,The software shall be designed for the smart card reader-writer terminal and shall not run on a standalone desktop PC.,FR
2556,The software will support simultaneous user acces only if there are multiple terminals.,FR
2557,Only textual information will be handled by the software.,FR
2558,"Under normal conditions, 95% of transactions shall be processed in less than 5 seconds.",FR
2559,A server shall host the RMOS and provide system data processing and storage  capability.,FR
2560,A surface computer shall provide a customer with all customer system  functionality.,FR
2561,A tablet shall provide a waiter/supervisor with all waiter/supervisor system  functionality (according to access control).,FR
2562,A display shall provide a chef with all chef system functionality.,FR
2563,"All system functionality shall be accessible through touch sensitive surface  computers, tablets and displays via simple touch gestures.",FR
2564,A tablet shall be capable of interfacing with a register to facilitate the accurate  processing of a payment.,FR
2565,A customer shall be able to engage their menu by double tapping the activated  surface computer in their table.,FR
2566,A customer shall be able to dismiss their menu by double tapping its dismiss  option.,FR
2567,A customer shall be able to create an empty pending order through their  engaged menu.,FR
2568,A customer shall not be able to dismiss their engaged menu while there is a  non-empty pending order associated with the engaged menu.,FR
2569,A customer shall be able to navigate through the available items in their  engaged menu.,FR
2570,A customer shall be able to add an item to a pending order by dragging the  item from the engaged menu onto the order.,FR
2571,A customer shall be able to remove an item from a pending order by dragging  the item off the order.,FR
2572,A customer shall be able to add a special dietary requirement to an order by  dragging the requirement from the engaged menu onto the order.,FR
2573,A customer shall be able to add a wildcard special dietary requirement to an  order in the case that their requirement is not represented by the system.,FR
2574,A customer shall be able to place an order through their engaged menu if it is  pending and not empty.,FR
2575,A customer shall be able to cancel an order through their engaged menu if it is  pending and not yet placed.,FR
2576,A customer shall be able to call for waiter assistance through their engaged  menu.,FR
2577,A customer shall be able to engage bill mode to finalise payment through their  engaged menu.,FR
2578,A customer shall be able to disengage bill mode to cancel the billing process  through their engaged menu.,FR
2579,"When in billing mode, a surface computer shall display a representation of a  cash payment for the whole table.",FR
2580,"When in billing mode, a surface computer shall display a representation of a  bankcard payment for each customer.",FR
2581,"When in billing mode, a surface computer shall display a representation of  every meal ordered that may each be dragged into a payment.",FR
2582,"When in billing mode, a surface computer shall display a representation of tip  denominations that may be dragged into a payment.",FR
2583,A customer shall be able to drag a meal into a bankcard payment or a cash  payment.,FR
2584,A customer shall be able to drag a meal out of a bankcard payment or a cash  payment.,FR
2585,A customer shall be able to drag a tip denomination into a bankcard payment  or a cash payment.,FR
2586,A customer shall be able to drag a tip denomination out of a bankcard payment  or a cash payment.,FR
2587,A waiter shall be able to log into a tablet using their assigned username and  password.,FR
2588,A waiter shall be able to log out of a tablet.,FR
2589,A waiter shall be able to activate a surface computer and consequently open its  associated account through a tablet.,FR
2590,A waiter shall be able to deactivate a surface computer and consequently close  its associated account through a tablet.,FR
2591,A waiter who activates a surface computer shall be assigned to the table that  contains it.,FR
2592,A tablet shall allow a waiter to accept an order placed by a customer through a  surface computer.,FR
2593,A tablet shall allow a waiter to reject an order placed by a customer through a  surface computer.,FR
2594,A tablet shall allow a waiter to indicate the delivery of an item to its customer.,FR
2595,A tablet shall allow a waiter to process a payment using cash.,FR
2596,A tablet shall allow a waiter to process a payment using a bankcard.,FR
2597,A chef shall be able to accept a customers order item through a display.,FR
2598,A chef shall be able to reject a customers order item through a display.,FR
2599,A chef shall be able to indicate that a customers order item is ready to be served through a display.,FR
2600,A supervisor shall be able to do everything a waiter can.,FR
2601,A supervisor shall be able to do everything a chef can.,FR
2602,A supervisor shall be able to abort/purge a customers meal from the active  system with no expectation of payment.,FR
2603,A supervisor shall be able to abort/purge a table's account/meals from the  active system with no expectation of payment.,FR
2604,A supervisor shall be able to issue a refund for one or more items to a  customer.,FR
2605,"The system shall log every state and state change of every surface computer,  tablet and display to provision recovery from system failure.",NFR
2608,The system shall utilise periodic 30-second keep-alive messages between  tablets and the server to monitor tablet operational status.,NFR
2609,The system shall flag tablets that fail to send timely keep-alive messages as  non-operational and disassociate the assigned waiter from the tablet.,NFR
2610,Wireless communication throughout the system will be encrypted using SSLv3  at the application layer and WPA2-PSK at the data link layer.,NFR
2611,The WPA2-PSK password used for wireless communication must have a bit-  strength of at least 80 bits.,NFR
2612,The WPA2-PSK password used for wireless communication must be changed  every three months.,NFR
2613,A waiter password used for tablet login must be changed every three months.,NFR
2614,A waiter shall only be able to log into one tablet at any given instance of time.,NFR
2615,A waiter that attempts to log into a second tablet while already logged into another tablet shall be rejected and notified through both tablets.,NFR
2616,A surface computer shall not require a user to log in.,NFR
2617,A tablet shall require a user to log in using a username and password.,NFR
2618,A display shall not require a user to log in.,NFR
2620,A surface computer must not dismiss an engaged menu unless the customer  requests it.,NFR
2621,"The server shall be capable of supporting no less than 200 concurrent  connections from any combination of surface computers, tablets and displays.",NFR
2622,"The server shall be capable of supporting an arbitrary number of surface  computers, tablets and displays, that is, it shall provide no limit on how many  devices are in the system.",NFR
2623,"The server shall be capable of supporting an arbitrary number of active  meals/orders, that is, no meals/orders shall be lost under any circumstances.",NFR
2624,"The server shall be capable of supporting an arbitrary number of active  customer payments, that is, no payments shall be lost under any  circumstances.",NFR
2625,User shall have control over the database and manage all records of customers and employee details.,FR
2626,System shall enable the administrator to manage the database and track all customer and employee records.,FR
2627,User shall contact vendors and grant permission for selling products on the site after quality testing.,FR
2628,System shall facilitate communication with vendors and authorize them to sell products on the site after quality assessment.,FR
2629,User shall view all employee details and oversee the entire site operation.,FR
2630,System shall provide the administrator with access to view all employee details and manage the site.,FR
2631,User shall be responsible for creating advertisements for the site.,FR
2632,System shall allow the administrator to create advertisements to promote the site.,FR
2633,User must have a valid login ID to access the site.,FR
2634,System shall require customers to log in with a valid ID to access the site.,FR
2635,User shall sign up for a new account to gain access to the site.,FR
2636,System shall enable new users to register for a new ID to access the site.,FR
2637,"User shall view and edit personal details, payment information, and service details.",FR
2638,"System shall allow customers to view and edit their personal details, payment information, and service details.",FR
2639,User shall browse and compare available products before making a purchase.,FR
2640,System shall enable customers to compare and choose products from the available options.,FR
2641,User shall be able to purchase products using a valid credit card.,FR
2642,System shall facilitate product purchases using valid credit card information provided by customers.,FR
2643,User shall provide feedback to the 24X7 customer care service center regarding their experience with the site and services.,FR
2644,System shall allow customers to provide feedback to the customer care service center regarding their experience.,FR
2645,User shall log out of the site after completing product purchases.,FR
2646,System shall prompt customers to log out of the site after completing their purchases.,FR
2647,Visitors shall access the site without registration.,FR
2648,System shall allow visitors to browse the site without the need for registration.,FR
2649,Shop owners shall obtain permission from the administrator before selling their products on the site.,FR
2650,System shall require shop owners to obtain permission from the administrator before selling products.,FR
2651,Shop owners shall consult with the administrator regarding product quality and advertisements.,FR
2652,System shall facilitate communication between shop owners and the administrator for discussing product quality and advertisements.,FR
2653,"Shop owners shall be responsible for advertising their products, and the site shall not be liable for any advertisements.",FR
2654,"System shall allow shop owners to advertise their products, with no liability for the site regarding advertisements.",FR
2655,Sales managers shall view customer details and manage product sales and deliveries.,FR
2656,System shall provide sales managers with access to customer details and manage product sales and deliveries.,FR
2657,Sales managers shall monitor product stocks and notify the administrator when stocks are low.,FR
2658,System shall enable sales managers to monitor product stocks and alert the administrator of low stock levels.,FR
2659,Purchase managers shall obtain permission from the administrator before purchasing products from vendors.,FR
2660,System shall require purchase managers to obtain permission from the administrator before purchasing products.,FR
2661,Purchase managers shall manage product stocks.,FR
2662,System shall allow purchase managers to manage product stocks.,FR
2663,Accounts managers shall track payment transactions and update payment information.,FR
2664,System shall enable accounts managers to track payment transactions and update payment information.,FR
2665,Accounts managers shall validate customer account numbers with banks before processing transactions.,FR
2666,System shall facilitate accounts managers in validating customer account numbers with banks before processing transactions.,FR
2667,Accounts managers shall consult with the administrator regarding payment details for updating the database.,FR
2668,System shall allow accounts managers to consult with the administrator regarding payment details for updating the database.,FR
2669,"Customer care representatives shall receive and address customer complaints, queries, and feedback.",FR
2670,"System shall enable customer care representatives to receive and address customer complaints, queries, and feedback.",FR
2671,Customer care representatives shall provide feasible solutions to customers' complaints and queries.,FR
2672,System shall empower customer care representatives to provide feasible solutions to customers' complaints and queries.,FR
2673,"User shall be able to use the system without experiencing any faults, even with a high number of items and users.",NFR
2674,System shall accommodate a large volume of items and users without encountering faults.,NFR
2675,User shall view information with responses appearing on the screen within 5 seconds.,NFR
2677,System use shall not pose any harm to human users.,NFR
2678,System shall prioritize the safety of human users during operation.,NFR
2679,System shall utilize a secured database to ensure data security.,NFR
2680,System shall employ a secured database for storing information.,NFR
2681,"Normal users shall have read-only access to information, except for their personal and authorized data.",NFR
2682,"System shall restrict normal users to read-only access, allowing modification only for personal and authorized data.",NFR
2683,System shall implement access constraints for different types of users.,NFR
2684,System shall impose access constraints based on user types.,NFR
2685,V Mart shall handle expected and unexpected errors to prevent loss of information and minimize downtime.,NFR
2686,System shall manage expected and unexpected errors to prevent data loss and minimize downtime.,NFR
2687,"The website of V Mart shall be user-friendly for non-technical users, regardless of its size.",NFR
2688,"System shall ensure that the V Mart website is user-friendly for non-technical users, regardless of its size.",NFR
2689,User shall be able to view cancellation charges based on cancellation time availability and receive refunds through their payment gateway.,FR
2690,"System shall display cancellation charges based on cancellation time, availability, and process refunds through the user's payment gateway.",FR
2691,"User shall have the option to modify existing tickets, including parameters such as time, date, route, and availability.",FR
2692,"System shall calculate modification charges based on modifying time, date, route, availability, display new fares, and process payments through the payment gateway.",FR
2693,"After the journey, users shall receive a feedback form to provide feedback based on their journey experience.",FR
2694,System shall send a feedback form to users after the journey for them to share their feedback.,FR
2695,"Admin shall log in by entering admin ID, admin password, and admin name.",FR
2696,System shall display the Admin Home Page upon successful login.,FR
2697,Admin shall be able to add new routes or edit existing bus journey routes.,FR
2698,System shall display newly edited or added routes in the booking section.,FR
2699,"Admin shall update the timing of bus arrival and departure, as well as its location.",FR
2700,"System shall display updated time, location, and bus status on the user pages.",FR
2701,Admin shall have the authority to cancel any bus route or make it unavailable for any reason.,FR
2702,System shall update the cancellation status on the user page upon bus cancellation by the admin.,FR
2703,"Based on user feedback, Admin shall have the ability to change or modify accessibility.",FR
2704,System shall send resolved feedback messages to users via email or SMS.,FR
2705,User shall be able to access all features of the Online Matrimonial Portal accurately implemented as specified in the document.,NFR
2706,System shall ensure that all requirements outlined for the Online Matrimonial Portal are correctly implemented and operational.,NFR
2707,User shall be able to access the application from any web browser and hardware platform.,NFR
2708,System shall ensure the portability of the application across various operating systems and devices.,NFR
2709,"User shall experience high efficiency while using the software, with tasks performed simultaneously across different modules.",NFR
2710,"System shall maintain efficiency even in the event of system failure, with recovery expected within an hour or less.",NFR
2711,"User shall find the user interface of the software simple yet efficient, suitable for users with varying levels of technical expertise.",NFR
2712,System shall ensure usability by providing an intuitive user interface for easy navigation and functionality.,NFR
2713,"User shall experience continuous availability of the system, accessible 24/7 via web browsers.",NFR
2714,"System shall guarantee uninterrupted service, with downtime limited to scheduled server maintenance.",NFR
2715,"User shall be able to rely on the system's redundancy measures, ensuring the reliability of data storage and minimizing the risk of data loss.",NFR
2716,"User shall be able to provide customer details including name, address, and phone number.",FR
2717,System shall request a deposit of Rs. 5000 upon entry of valid customer information and update it temporarily in the customer database.,FR
2718,User shall confirm deposit money receipt.,FR
2719,System shall generate a username and password for the customer upon confirmation and convert temporary data to permanent storage.,FR
2720,"User shall input the date, destination, and duration for car rental.",FR
2721,System shall display all available cars with hourly and per kilometer charges.,FR
2722,User shall select a specific car from the list.,FR
2723,"System shall provide the allotted vehicle number, driver's mobile number, estimated charge, and update the car status to 'rented'.",FR
2724,User shall validate the duty slip and confirm payment.,FR
2725,"System shall generate a bill, update the database upon payment confirmation, and change the car status to 'available'.",FR
2726,User shall input new car information and car statistics.,FR
2727,"System shall update the car information, delete irreparable car data, and adjust car rent accordingly.",FR
2728,"User shall input the current car status ('rented', 'gone to repair', 'available').",FR
2729,System shall update the car status accordingly.,FR
2730,User shall access various car rent statistics stored in the car database.,FR
2731,System shall provide car-wise statistics to assist in predicting profitable new car orders.,FR
2732,User shall be able to interact with the registration window for entering customer details and registering new customers.,NFR
2733,System shall display a registration window containing text fields for customer information and a register button for deposit submission.,NFR
2734,User shall be able to access the login window for entering username and password.,NFR
2735,"System shall provide a login window with fields for username and password, along with buttons for logging in and registering.",NFR
2736,User shall be able to view the customer homepage after logging in.,NFR
2737,"System shall display the customer homepage for online car booking, showcasing available cars and enabling selection for specific time spans.",NFR
2738,User shall be able to access the employee homepage upon login.,NFR
2739,"System shall present the employee homepage for inputting duty slip information, calculating net bills, and updating car status and customer database.",NFR
2740,User shall be able to access the manager homepage after login.,NFR
2741,"System shall show the manager homepage for adding and deleting cars, displaying car statistics, and adjusting car rents.",NFR
2742,The software shall run on Linux or Windows OS.,NFR
2743,The system shall utilize separate databases for cars and customers.,NFR
2744,The software shall require internet access for functionality.,NFR
2745,The hardware requirements include a computer with at least 256 MB RAM and internet connection.,NFR
2746,The system shall communicate through web browser enabling and use HTTP protocol for data transfer.,NFR
2747,"Response time for system operations shall be less than 1 second, except for internet-dependent functions.",NFR
2748,The software shall offer password protection for customer bookings.,NFR
2749,"Access to editing booking, billing, and car information shall be limited to authorized personnel.",NFR
2750,"User shall be able to interact with the text-based command-line interface of the system, which is provided as a method of interaction for users and administrators.",FR
2751,"System shall support multiple command-line interface modes such as Fastkramch, Bcturch, Muhturch, and ]madbtanam, offering different functionalities based on user requirements.",FR
2752,The system shall provide a structured experience for users to navigate through commands tailored to their needs.,FR
2753,System shall help users quickly execute commands by providing autocomplete suggestions for keywords and command options.,FR
2754,"The system shall handle commands entered by users and execute them based on the specified parameters, ensuring proper feedback and response to user actions.",FR
2755,The system shall maintain a history of executed commands for users to reference and repeat or modify as needed.,FR
2756,"The system shall support a wide range of commands and command options for users to perform various tasks, such as data manipulation, configuration, Management, and troubleshooting, etc.",FR
2757,User shall be able to interact with the text-based command-line interface of the system.,NFR
2758,System shall provide a secure environment for user interaction with the command-line interface.,NFR
2759,"The command-line interface shall have a response time of less than 5 seconds, ensuring efficient user interaction.",NFR
2760,"The system shall ensure a high level of security in handling user inputs and commands, protecting against potential threats and vulnerabilities.",NFR
2761,The security requirements of the system shall adhere to industry standards and best practices.,NFR
2762,The system shall authenticate users and authorize their access to specific functionalities based on their role and permissions.,NFR
2763,User inputs and commands shall be validated to prevent unauthorized access or malicious actions within the system.,NFR
2764,The system shall enforce data privacy and confidentiality measures to protect sensitive information handled within the command-line interface.,NFR
2765,User shall be able to set performance expectations for the system.,NFR
2766,System shall meet user-defined performance expectations.,NFR
2767,User shall be able to input data without experiencing delays.,NFR
2768,System shall provide timely responses to user inputs.,NFR
2769,User shall be able to report errors encountered during system use.,NFR
2770,System shall handle errors effectively to prevent system failures.,NFR
2771,User shall be able to rely on the system's stability and robustness.,NFR
2772,System shall avoid or manage potential disasters and errors autonomously.,NFR
2773,User shall be able to run the system on different platforms if necessary.,NFR
2774,System shall ensure compatibility and adaptability across various platforms.,NFR
2775,User shall find the system easy to navigate and use.,NFR
2776,System shall provide a user-friendly interface for seamless interaction.,NFR
2777,User shall be able to ensure compliance with established standards.,NFR
2778,System shall adhere to specified standards for operations and data handling.,NFR
2779,User shall provide hardware specifications and limitations.,NFR
2780,System shall operate within the defined hardware constraints.,NFR
2781,User shall require fault-tolerant system design where necessary.,NFR
2782,System shall implement fault-tolerant mechanisms to ensure system reliability.,NFR
2783,User shall specify security measures and access controls.,NFR
2784,System shall enforce security protocols to safeguard data and operations.,NFR
2785,User shall specify minimum and preferred hardware requirements.,NFR
2786,System shall function optimally within the specified hardware configurations.,NFR
2787,User shall specify software requirements and dependencies.,NFR
2788,System shall operate on compatible software platforms and environments.,NFR
2789,User shall ensure software meets defined quality attributes.,NFR
2790,System shall adhere to specified quality attributes such as security and portability.,NFR
2791,User shall expect secure transactions with SSL encryption.,NFR
2792,System shall automatically log out inactive users.,NFR
2793,User shall not have their passwords stored in cookies.,NFR
2794,System's back-end servers shall only be accessible to authenticated management.,NFR
2795,User shall rely on the overall project's reliability.,NFR
2796,System's reliability depends on continuous backup of the database.,NFR
2797,User shall expect continuous system availability.,NFR
2798,System shall ensure 24/7 availability with minimal downtime.,NFR
2799,User shall have access to a customer-friendly system.,NFR
2800,System shall provide a replacement page in case of hardware failure or database corruption.,NFR
2801,User shall rely on the system's maintainability.,NFR
2802,System shall use a commercial database and application server for maintenance.,NFR
2803,User shall expect efficient re-initialization in case of failure.,NFR
2804,System shall ensure supportability through well-documented code and modules.,NFR
2805,User shall have access to online user documentation and help system.,FR
2806,"User shall be able to move an activity by selecting it on the canvas, performing a mouse down action, dragging it to the desired location, and releasing the mouse.",FR
2807,"Alternatively, the user can push the up, down, right, and left keys of the keyboard to move the activity.",FR
2808,"User shall be able to delete an activity by selecting it on the canvas and clicking the ""Delete"" button on the user GUI.",FR
2809,"Alternatively, the user can push the delete key of the keyboard to delete the activity.",FR
2810,"User shall be able to delete a connection by selecting it and clicking the ""Delete"" button.",FR
2811,"Alternatively, the user can push the delete key of the keyboard to delete the connection.",FR
2812,User shall be able to select items by clicking on an empty place on the canvas and dragging the mouse to select desired items.,FR
2813,"Alternatively, the user can hold the ""Ctrl"" key and click on desired activities and connections to select them.",FR
2814,"User shall be able to cut items by selecting them and clicking the ""Cut"" button.",FR
2815,"Alternatively, the user can push the ""Ctrl+X"" key combination or right-click the mouse and select the ""Cut Item"" button from the context menu.",FR
2816,"User shall be able to copy items by selecting them and clicking the ""Copy"" button.",FR
2817,"Alternatively, the user can push the ""Ctrl+C"" key combination or right-click the mouse and select the ""Copy Item"" button from the context menu.",FR
2818,"User shall be able to paste items by clicking the ""Paste"" button.",FR
2819,"Alternatively, the user can push the ""Ctrl+V"" key combination or right-click the mouse and select the ""Paste Item"" button from the context menu.",FR
2820,"User shall be able to zoom in or out by clicking the ""Zoom In"" or ""Zoom Out"" button.",FR
2821,User shall be able to load a document with 50 activities and 50 connections within 1 second on the client side.,NFR
2822,System shall be able to ensure that common operations on an equivalent document are completed within 0.2 seconds.,NFR
2823,User shall be able to save a document of similar size within 0.5 seconds.,NFR
2824,System shall be able to create a connection between activities within 0.1 second.,NFR
2825,"System shall be able to efficiently write client-side data to the disk and retrieve database data on the server side, with a target time of approximately 0.5 seconds for each operation.",NFR
2826,System shall use C# programming language on the server side for compatibility with WF.Net and ease of manipulation of XAML.,NFR
2827,"System shall employ HTML5, JavaScript, Processing-JS, Ext-JS, and Ajax on the client side for dynamic user interaction and server communication.",NFR
2828,User shall be able to access and interact with the system directly through their web browser without additional tools.,NFR
2829,System shall adhere to usability standards outlined by the World Wide Web Consortium (W3C) for intuitive and user-friendly interface design.,NFR
2830,System shall ensure accessibility across all major web browsers available on the market without restrictions.,NFR
2831,"User shall be able to access all stored data, including student details, faculty members details, student queries and solutions, and course information, from a single centralized database.",FR
2832,System shall provide electronic course study materials to students.,FR
2833,"System shall display course details, fee structure, and notices for students on the site.",FR
2834,"User shall be able to access the site with three different interfaces based on their role: student, faculty, or administrator.",FR
2835,Each user shall have a unique username and password to access their account on the site.,FR
2836,Students shall be able to take mock tests for their courses and evaluate their performance.,FR
2837,Faculties shall be able to upload lectures to the site for students to access.,FR
2838,"User shall be able to access the application on all major web browsers without any slowdown, even during peak hours.",NFR
2839,System shall maintain the quality of service without any compromise on performance.,NFR
2840,The server hosting the E-learning web application shall have its own security measures to prevent unauthorized write/delete access.,NFR
2841,System shall implement advanced secure login algorithms to provide secure login to users.,NFR
2842,System shall grant access only to authorized users to ensure security.,NFR
2843,"User ID and password shall not be shared with anyone, including students, faculty, or any other individuals.",NFR
2844,User shall be able to watch videos by selecting them.,FR
2845,System shall play the selected video.,FR
2846,User shall be able to search for videos or channels by typing their names.,FR
2847,System shall display whether the video/channel is found or not.,FR
2848,User shall be able to like or dislike videos using buttons.,FR
2849,System shall update the likes/dislikes of videos in the database.,FR
2850,User shall be able to share videos on other social media platforms by pressing the share button.,FR
2851,System shall verify the user's social media account details and share the video link.,FR
2852,User shall be able to view videos in full screen mode by pressing the full screen option button.,FR
2853,System shall display the video in full screen resolution.,FR
2854,User shall be able to change the quality of the video by selecting the desired resolution.,FR
2855,System shall change the resolution of the video and display it accordingly.,FR
2856,User shall be able to upload videos to their channel.,FR
2857,System shall display the uploaded videos on the user's channel.,FR
2858,User shall be able to block other users.,FR
2859,System shall add the blocked user to the user's blocked list in the database.,FR
2860,User shall be able to comment on videos.,FR
2861,System shall store and display the user's comments.,FR
2862,User shall be able to view their watch history.,FR
2863,System shall scan the watch history in the database and display it to the user.,FR
2864,User shall be able to remove uploaded videos from their channel.,FR
2865,System shall check the details in the database and perform the delete operation.,FR
2866,User shall receive notifications about new uploads in their channel after logging in.,FR
2867,System shall quickly identify new uploads in other channels and notify the user's channel database.,FR
2868,User shall be able to add interests.,FR
2869,"System shall check the information and process the request, providing regular updates on those interests.",FR
2870,User shall be able to update or edit their profile appearance.,FR
2871,System shall change the edited details in the database and reflect them on the user's profile page.,FR
2872,"User shall be able to manage settings such as alternate email address, phone number, preferred language, or password.",FR
2873,System shall check the information and apply the changes to the user's account.,FR
2874,"User shall be able to manage privacy settings such as who can view their profile, connections, and sharing data with third parties.",FR
2876,"User interface should be attractive and easily understandable, requiring no assistance to use the website.",NFR
2877,"System should be able to operate efficiently on slow connections, ensuring fast and steady data flow.",NFR
2878,Data of the user should be regularly synchronized between their device and the database for auto save functionality.,NFR
2879,"System must ensure safety by protecting from intruders, ensuring unique IDs for each user, and requiring unique admin ID.",NFR
2880,"Website should be multi-platform, capable of running on different operating systems.",NFR
2881,"Users are advised to change their password every 30 days, and maximum 3 login attempts should be allowed.",NFR
2882,Website must be connected to a web server to make it available worldwide.,NFR
2883,User details and data should be stored securely in a database provided by the server.,NFR
2884,"User shall be able to create a Gmail account by providing personal details like name, gender, password, mobile number, and location.",FR
2885,System shall store the user's details in the database for account creation.,FR
2886,User shall be able to log in to Gmail using their email id and password.,FR
2887,"Upon successful login, user shall be able to send and receive emails.",FR
2888,"User shall be able to compose emails by clicking on the compose button and entering recipient email, subject, and message.",FR
2889,"User shall have the option to attach files to emails, with a file size limit of 25 MB.",FR
2890,User shall be able to send composed emails by clicking on the send button.,FR
2891,User shall be able to archive emails to hide them from the inbox.,FR
2892,User shall be able to mark suspicious emails as spam by clicking on the spam button.,FR
2893,System shall automatically move some emails to the spam folder and may block the sender of spam messages.,FR
2894,"User shall be able to differentiate between primary, social, and promotional emails based on email tabs.",FR
2895,"System shall analyze emails and categorize them automatically into primary, social, or promotional categories.",FR
2896,User shall be able to delete emails from their inbox or other folders.,FR
2897,System shall provide an option for users to organize emails into folders or labels for better management.,FR
2898,User shall have the ability to search for specific emails using keywords or filters.,FR
2899,System shall allow users to create drafts of emails that can be saved and edited later before sending.,FR
2900,User shall be able to forward received emails to other email addresses.,FR
2901,System shall provide an option for users to set up automatic email forwarding rules.,FR
2902,User shall have the ability to mark emails as important or star them for future reference.,FR
2903,System shall provide a feature to schedule emails to be sent at a later time.,FR
2904,User shall be able to set up email signatures to be automatically added to outgoing emails.,FR
2905,System shall offer keyboard shortcuts for efficient navigation and operation within Gmail.,FR
2906,User shall have the option to customize the layout and appearance of their Gmail inbox.,FR
2907,"System shall provide notifications for new incoming emails, calendar events, and other relevant updates.",FR
2908,User shall be able to access Gmail from multiple devices and platforms seamlessly.,FR
2909,System shall ensure data security and privacy by encrypting emails and implementing robust authentication mechanisms.,FR
2910,User shall have the option to enable two-factor authentication for added security.,FR
2911,System shall regularly update and maintain the Gmail platform to ensure optimal performance and security.,FR
2912,User shall be provided with a comprehensive help and support system to address any issues or queries related to Gmail usage.,FR
2913,"System shall offer integration with other Google services such as Google Drive, Google Calendar, and Google Contacts for enhanced productivity.",FR
2914,The product shall implement caching mechanisms to optimize load times and reduce server requests.,NFR
2915,The system shall support content delivery networks (CDNs) to distribute content efficiently across different geographic locations.,NFR
2916,The system shall implement secure authentication protocols such as OAuth or OpenID Connect for user authentication.,NFR
2917,User passwords shall be stored securely using industry-standard hashing algorithms with salt.,NFR
2918,"Access to sensitive user data, such as credit card information, shall be restricted to authorized personnel only, with proper access controls in place.",NFR
2919,The user interface shall adhere to responsive design principles to ensure optimal viewing and interaction experience across various devices and screen sizes.,NFR
2920,"Accessibility features, such as keyboard navigation and screen reader compatibility, shall be implemented to cater to users with disabilities.",NFR
2921,Automated testing procedures shall be implemented to detect and mitigate software bugs and errors before deployment.,NFR
2922,The system shall have failover mechanisms in place to switch to backup servers seamlessly in the event of hardware failures or network disruptions.,NFR
2923,Regular maintenance and monitoring procedures shall be established to identify and address potential reliability issues proactively.,NFR
2924,Load balancing techniques shall be employed to distribute incoming traffic evenly across multiple servers and prevent server overload.,NFR
2925,The system shall have redundant power supplies and backup generators to ensure uninterrupted service during power outages.,NFR
2926,"Automated backup procedures shall be implemented to create regular backups of critical data and configurations, reducing the risk of data loss in case of hardware failures or disasters.",NFR
2927,"These additional non-functional requirements aim to further enhance the performance, security, user experience, reliability, and availability of the system.",NFR
2928,User shall be able to create a new account by entering personal details.,FR
2929,System shall be able to register new users and store their information securely in the database.,FR
2930,User shall be able to create an account using their Google or Facebook credentials.,FR
2931,System shall be able to authenticate users using their Google or Facebook accounts and register them accordingly.,FR
2932,User shall be able to view product details upon selection.,FR
2933,System shall be able to display relevant information about selected products.,FR
2934,"User shall be able to view the price of selected products, including any applicable discounts.",FR
2935,System shall be able to calculate and display the cost of products along with any discounts offered by vendors.,FR
2936,User shall be able to log in with valid credentials.,FR
2937,System shall be able to authenticate user credentials and grant access to the user account.,FR
2938,User shall receive a notification if login credentials are invalid.,FR
2939,System shall alert users if login credentials are incorrect or if the account does not exist.,FR
2940,"User shall be able to complete transactions, including managing the shopping cart.",FR
2941,"System shall facilitate the process of adding, removing, and managing items in the shopping cart during transactions.",FR
2942,"User shall be able to generate reports, including stock, order, and delivery reports.",FR
2943,"System shall provide functionalities to generate comprehensive reports on stock availability, orders, and deliveries.",FR
2944,User shall be able to view order reports displaying product details and customer information.,FR
2945,System shall generate order reports containing information about ordered products and customers' details for undelivered orders.,FR
2946,User shall be able to track delivery status by providing necessary information.,FR
2947,"System shall enable users to track the status of their deliveries by entering relevant details such as name, age, mobile number, and address.",FR
2948,User shall be able to log out securely.,FR
2949,"System shall ensure users can log out of their accounts securely, preventing unauthorized access.",FR
2950,"User shall have uninterrupted access to the system via a web browser, subject only to server downtime.",NFR
2951,System shall display a replacement page in case of hardware failure or database corruption.,NFR
2952,System shall retrieve backups of the database from the server and save them in case of hardware failure or database corruption.,NFR
2953,System shall use SSL (secured socket layer) in all transactions involving confidential customer information.,NFR
2954,System shall automatically log out users after a period of inactivity.,NFR
2955,System shall not store any cookies containing user passwords on the customer’s computer.,NFR
2956,System’s back-end servers shall only be accessible to authenticated administrators.,NFR
2957,System shall store all databases on redundant computers with automatic switchover for enhanced reliability.,NFR
2958,The overall reliability of the system depends on the reliability of individual components.,NFR
2959,System shall continuously maintain and update backups of the database to reflect the most recent changes.,NFR
2960,"System shall utilize a commercial database for database maintenance, with the application server managing the site.",NFR
2961,"In case of failure, the system shall undergo reinitialization.",NFR
2962,System design shall prioritize modularity to facilitate efficient maintenance.,NFR
2963,User shall be able to log in to theaa.com by providing a valid user ID and password.,FR
2964,System shall display a login window on the theaa.com website for each user.,FR
2965,User shall be required to input valid user ID and password to access the website.,FR
2966,"Upon successful login, the system shall redirect the user to the home page of theaa.com.",FR
2967,User shall be able to register on STM by providing valid information.,FR
2968,"System shall display a registration window on the STM website for each user (pedestrians, vehicle owners, traffic police).",FR
2969,User shall provide valid details to create an account on the STM website.,FR
2970,"Upon successful registration, the system shall redirect the user to the validation page of the Admin on STM.",FR
2971,User shall be able to issue complaints to traffic police as pedestrians or vehicle owners.,FR
2972,System shall provide a Complaints Issued dialog box on the website for every user.,FR
2973,"User (vehicle owners, pedestrians) shall provide valid information to traffic police through the admin.",FR
2974,"After submitting the complaint, the system shall display a validation form for every user.",FR
2975,User shall have secure access to confidential data (user's details) using SSL encryption.,NFR
2976,"System shall ensure 24x7 availability, allowing users to access the system at any time.",NFR
2977,System shall be designed with better component design to ensure better performance during peak times.,NFR
2978,A flexible service-based architecture shall be implemented to facilitate future extensions.,NFR
2979,User shall enter the mobile number and receive an OTP for verification.,FR
2980,System shall verify the mobile number and prompt for first name and last name.,FR
2981,Email input shall be optional during sign-up.,FR
2982,"Upon successful verification, the app home page shall be opened.",FR
2983,User shall enter registered name and mobile number for login.,FR
2984,System shall verify the details and navigate to the home page upon correct input.,FR
2985,"User shall provide name, date of birth, place of birth, and time of birth for reading details.",FR
2986,System shall display a successful message after reading and storing the details in the database.,FR
2987,User shall interact with astrologers through calls or chats by selecting required time and type of interaction.,FR
2988,System shall display available astrologers for interaction based on user input.,FR
2989,Astrologers shall sign up by providing personal and skill details and completing an assignment.,FR
2990,"Upon successful signup, the system shall navigate to the app home page with different options.",FR
2991,User shall input current location for displaying today's Panchang.,FR
2992,"System shall display sunrise and sunset timings, nakshatra, sunsign, moonsign, and lagna chart based on the location.",FR
2993,"Settings shall include notification settings, app language change, and help menu.",FR
2994,System shall display information and settings related to the required setting based on user input.,FR
2995,System shall be able to handle a large number of users concurrently.,NFR
2996,Connections for chats and calls must remain uninterrupted.,NFR
2997,User accessibility and information must be secured through appropriate measures.,NFR
2998,Verification of users signing up as astrologers must be ensured.,NFR
2999,Interaction between users must be secured to maintain privacy.,NFR
3000,The system must be recoverable in case of any failures or problems.,NFR
3001,The system should perform its intended function without failure for a specified period.,NFR
3002,Performance must meet specified requirements even under high user load.,NFR
3003,The system must comply with specifications and maintain an acceptable level of performance.,NFR
3004,User shall be able to access the login screen.,FR
3005,User shall be prompted to enter email and password.,FR
3006,System shall verify the entered credentials in the database.,FR
3007,"If the validation fails, system shall prompt ""Wrong email or password"".",FR
3008,"If the validation succeeds, user shall be redirected to the user-home page.",FR
3009,"User shall be able to access the ""forgot password"" page from the login screen.",FR
3010,User shall input their email for password reset.,FR
3011,System shall send OTP to the user's mobile and email.,FR
3012,User shall enter the received OTP.,FR
3013,System shall validate the entered OTP.,FR
3014,"If the validation succeeds, user shall be redirected to the ""Password reset"" page.",FR
3015,"If the validation fails, system shall prompt ""Wrong OTP"".",FR
3016,User shall input a new password.,FR
3017,System shall validate the new password according to specified criteria.,FR
3018,"If the password meets the criteria, system shall prompt ""Password Changed"".",FR
3019,"If the password does not meet the criteria, system shall prompt ""Enter 8 characters"".",FR
3020,User shall be able to create an account by providing personal details.,FR
3021,System shall validate the provided details.,FR
3022,System shall generate and send OTP for mobile and email verification.,FR
3023,User shall input the received OTP for verification.,FR
3024,System shall validate the OTP.,FR
3026,"If the validation fails, system shall prompt ""OTP doesn’t match"".",FR
3027,"User shall provide additional details such as voter ID, bank account number, etc.",FR
3029,"System shall prompt ""OTP sent to mobile and email"" for verification.",FR
3030,"User shall upload necessary files such as birth proof, residence proof, etc.",FR
3031,System shall validate the selected files according to specified criteria.,FR
3032,User shall select the type of passport (Tatkaal or normal).,FR
3033,System shall display the processing fee for the selected type of passport.,FR
3034,User shall enter their full name and date for last time authorization.,FR
3035,"System shall save the application status as ""Payment Pending"" in the database.",FR
3036,System shall redirect the user to the payment gateway for payment.,FR
3037,User shall select the mode of payment.,FR
3038,System shall process the payment and save the transaction number to the database.,FR
3039,System shall display the transaction number for reference.,FR
3040,System shall display the submitted application form with all entered data.,FR
3041,User shall be able to search for recent transactions using the transaction number.,FR
3042,System shall display the payment amount and corresponding application number on successful search.,FR
3043,User shall check the current status of their application using the application number.,FR
3044,System shall display the status of the application on successful search.,FR
3045,User shall be asked for re-submission of documents if necessary.,FR
3046,User shall be able to log out by clicking on the logout button.,FR
3047,System shall destroy the browser session upon logout.,FR
3048,"System shall display a message ""Logged Out"" upon successful logout.",FR
3049,User shall be able to access the login screen for authorized users.,FR
3050,User shall input their email and password.,FR
3051,System shall validate the entered credentials in the database.,FR
3053,"If the validation succeeds, user shall be redirected to the authorized-user-home page.",FR
3054,"User shall have the option to choose to view ""tatkaal"" or ""normal"" applicants.",FR
3055,User shall select from the dropdown menu.,FR
3056,System shall redirect to a page with respective selected type.,FR
3057,System shall display all data for pending passport approvals.,FR
3058,User shall be able to list all pending applied passports date wise.,FR
3059,System shall load data from the database.,FR
3061,"User shall have a ""check"" option corresponding to every passport.",FR
3062,User shall click on any particular passport for checking data.,FR
3063,System shall load the data corresponding to the particular passport reference number.,FR
3064,"System shall display all necessary data, including full name, email, mobile, etc.",FR
3065,"User shall have access to an ""Edit application status"" page.",FR
3066,User shall select from a dropdown menu containing various application status options.,FR
3067,System shall update the status of a particular application number with the selected status.,FR
3068,"System shall display a message ""Status updated"" upon successful update.",FR
3072,User shall be able to perform tasks even if thousands of applicants are applying simultaneously.,NFR
3074,System shall ensure high data transfer rate.,NFR
3075,System shall maintain a quick response rate.,NFR
3076,Applicants' accessibility shall be ensured in all possible ways.,NFR
3077,Applicants shall be advised to change their passwords monthly.,NFR
3078,System shall utilize SSL (Secured Socket Layer) certificate for protection.,NFR
3079,System shall perform proper validation of data before sending it to the database.,NFR
3080,System shall prioritize security and performance as software quality attributes.,NFR
3081,The passport management website must be available 24 hours a day.,NFR
3082,The passport management website should provide maximal security.,NFR
3083,New features can be added to the passport management system.,NFR
3084,Corrective Maintenance: Any unidentified bugs need to be fixed promptly.,NFR
3085,Adaptive Maintenance: The software should be compatible with all web-browsing capable browsers.,NFR
3086,Perfective Maintenance: New features may be added post product delivery.,NFR
3087,User shall be able to add new patients to the system.,FR
3088,System shall allow front-desk staff to assign a unique ID to each patient and add it to the patient’s record.,FR
3089,Administrative staff in the ward shall be able to delete the patient's ID from the system upon checkout.,FR
3090,Administrative staff in the ward shall be able to update the beds-available list with recently vacated beds.,FR
3091,"HPIMS shall generate patient reports including patient’s PHN, name, ward name, bed number, and assigned doctor’s name.",FR
3092,"HPIMS shall generate bed availability reports including ward name, bed number, and status (occupied/unoccupied).",FR
3093,"Each patient shall have mandatory information including first name, last name, phone number, personal health number, address, postal code, city, country, and patient identification number.",FR
3094,HPIMS shall allow users to update any patient information as necessary.,FR
3095,The system shall provide a login form for users to access the system.,FR
3096,The homepage of Apollo hospitals system shall serve as the main interface for users.,FR
3097,In Patient Registration Form shall capture necessary information for registering patients.,FR
3098,User shall experience response times of 1 second or less when accessing patient information.,NFR
3099,System must support concurrent access by up to 1000 users simultaneously.,NFR
3100,User interface screens shall respond to user inputs within 5 seconds.,NFR
3101,The system must conform to Microsoft Accessibility standards for accessibility compliance.,NFR
3102,The user will select the add task option.,FR
3103,Add task page will be opened consisting of minimum three fields.,FR
3104,First field will be add task name.,FR
3105,Second field will be date of task completion.,FR
3106,Third field will be time of task completion.,FR
3107,"When the user presses add, system must check if the the name, date and time fields are completed.",FR
3108,The fields shall be typed-in or entered through voice command.,FR
3109,The task shall be stored in database.,FR
3110,The system shall warn the user that the particular field is mandatory and allow the user to continue completing.,FR
3111,"The user shall be able to select any task for the previously existing tasks and shall be able to edit its name, date or day.",FR
3112,The user shall select the edit task option.,FR
3113,Edit task page will be opened.,FR
3114,"User shall be able to change name, date or day of the existing task.",FR
3115,Edited task cannot be saved if the new name of it is empty.,FR
3116,System shall prevent saving edits to a task unless a task is selected first.,FR
3117,The user shall select and delete a task in one action.,FR
3118,The system shall confirm deletion of the selected task.,FR
3119,If user answers positive then this task will be deleted else the deleted command will be cancelled.,FR
3120,The user shall be able to view tasks.,FR
3121,User shall select the option of view completed tasks.,FR
3122,System must show any task that is completed in the task list.,FR
3123,"User shall not be able to choose show completed tasks, if these tasks are already shown.",FR
3124,The user shall be able to select the option of view incompleted tasks.,FR
3125,"Upon utilizing this feature, the system shall display all pending tasks.",FR
3126,"If all the tasks are already completed, no task will appear in the view option. ",FR
3127,The system shall smartly categorize tasks and group all similar ones together.,FR
3128,The user shall choose their desired alarm tone.,FR
3129,The system shall remind the user of the task with their chosen ringtone.,FR
3130,The program shall be free software for maximum public benefit through unrestricted redistribution.,NFR
3131,"For copyright safety, all files shall include at least the copyright line.",NFR
3132,The user shall be contactable by both electronic and paper mail.,NFR
3133,Databases shall be protected by username and password authentication.,NFR
3134,The program shall provide the user ease and functionality without any charge.,NFR
3135,This program shall be your one-stop shop for getting things done and achieving peace of mind.,NFR
3136,software shall be eco-friendly.,NFR
3137,"It shall be usable by professionals, the unemployed, and students.",NFR
3138,System shall find diverse applications.,NFR
3139,This software shall be a great means for the ecosystem.,NFR
3140,Developing this product native-first enables cross-platform functionality.,NFR
3141,"Tasks shall be CRUDable (Create, Read, Update, Delete) across Windows PC, mobile apps (future implementation), and car systems (future implementation), with primary focus on the Windows PC experience.",NFR
3142,The software shall offer an essential non-functional requirement highlighting its operation.,NFR
3143,The software will only be operational when a user is registered.,NFR
3144,Guest accounts shall not be allowed.,NFR
3145,There shall be a feature to locate affiliated cinemas based on user's location for a chosen day.,FR
3146,"Shall a city be selected, all theatres and movies showing on that day shall be listed.",FR
3147,"If a movie is selected, there shall be a list of all theatres in that city where it is playing, along with show times.",FR
3148,Users shall be able to book a movie through the service.,FR
3149,"The service shall be able to show the seating arrangement and available seats, allowing users to book the desired number of seats.",FR
3150,Users shall be able to put a hold on selected seats for five minutes before finalizing and making payment.,FR
3151,There shall be an option for users to wait if they would like to see if tickets for a particular show might become available.,FR
3152,Waiting customers shall be serviced in a fair First-Come-First-Served (FCFS) manner.,FR
3153,The system shall use SSL in all transactions that include any confidential customer information.,NFR
3154,The system shall automatically log out all customers after a period of inactivity.,NFR
3155,The system shall not leave any cookies on the customers computer containing the users password.,NFR
3156,The systems back-end servers shall only be accessible to authenticated administrators.,NFR
3157,Sensitive data will be encrypted before being sent over insecure connections like the internet.,NFR
3158,The system shall store all databases on redundant computers with automatic switchover.,NFR
3159,The overall program shall be as reliable as its least reliable component.,NFR
3160,The system's reliability shall be primarily dependent on a continuously maintained and updated database backup that reflects the latest changes.,NFR
3161,"For the system to be stable, the container and its underlying operating system shall be stable.",NFR
3162,"The system shall be designed for high availability and accessible via a web browser, with the only access interruptions occurring during scheduled server downtime.",NFR
3163,"In the event of hardware failure or database corruption, a replacement page shall be displayed.",NFR
3164,"Upon hardware failure or database corruption, administrator shall retrieve and save backups, followed by service restart for 24/7 availability.",NFR
3165,A commercial database shall manage the data while the application server handles the website.,NFR
3166,"In case of a failure, a re-initialization of program will be done.",NFR
3167,The software shall be designed modularly to ensure efficient maintainability.,NFR
3168,"The system shall run on PC, Laptops, and PDA etc.",NFR
3169,"The system shall define what data can be entered, how it should be formatted, and any rules for validating the data.",FR
3170,"The system shall document the functionality of each screen, how users interact with it, and how the system responds.",FR
3171,The system shall outline the step-by-step process for completing tasks within the system.,FR
3172,"The system shall specify the content, format, and criteria for generating reports and other data outputs.",FR
3173,The system shall document who can enter data by defining user roles and permissions.,FR
3174,The system shall be designed and implemented to meet relevant regulations and document how it complies.,FR
3175,The system shall restrict the field to accept only numeric data entry.,FR
3176,The system shall restrict the entry of dates in a specific field to only those prior to the current date.,FR
3177,The system shall provide a mechanism for users to print the displayed data on a selected printer.,FR
3178,The system shall require data entry to be completed before a request can be approved.,FR
3179,The system shall move the request to the Approval Workflow upon clicking the Approve Button.,FR
3180,All personnel using the system will be trained according to internal SOP AA-101.,FR
3181,The database will have a functional audit trail.,FR
3182,The system will limit access to authorized users.,FR
3183,The system shall enable securing data within spreadsheets using electronic signatures.,FR
3184,The system shall allow Data Entry group members to create requests but restrict approval and deletion permissions.,FR
3185,The system shall allow the Managers group to enter/approve requests but deny deletion privileges.,FR
3186,The system shall allow Administrators to delete requests but not enter or approve them.,FR
3187,The system shall give the mediator privileges to schedule location and equipment resources.,FR
3188,The system shall allow the mediator to negotiate a meeting date.,FR
3189,The system shall allow the mediator to solve a date conflict.,FR
3190,The system shall allow the mediator to negotiate a location / equipment.,FR
3191,The system shall allow the mediator to solve a location conflict.,FR
3192,The system shall allow the mediator to send and receive messages from users.,FR
3193,The system shall allow the initiator to view the information of any meetings which they initiated.,FR
3194,The system shall allow the initiator to cancel any meetings which they initiated.,FR
3195,The system shall allow the initiator to send and receive messages from users.,FR
3196,The system shall authenticate users at the beginning each session.,FR
3197,The system shall allow the user to view their schedule.,FR
3198,The system shall notify the user of any schedule changes.,FR
3199,The system shall allow users to send and receive messages.,FR
3200,The system shall request a user response to initiator or mediator messages.,FR
3201,The system shall allow the user to modify the date preference set of an already submitted meeting response.,FR
3202,The system shall allow the user to modify the location preference set of an already submitted meeting response.,FR
3203,The system shall allow the user to modify the equipment requirement set of an already submitted meeting response.,FR
3204,The system shall allow the user to modify the date exclusion set of an already submitted meeting response.,FR
3205,The system shall allow the user to change the password.,FR
3206,The system shall allow the user to view past attended meetings.,FR
3207,The system shall allow the user to view pending meetings.,FR
3208,The system shall show the meetings to the user in ascending time order by default.,FR
3209,The system shall allow users to view equipment information.,FR
3211,The system shall allow the user to change following personal contact information:,FR
3212,The system shall allow the user to customize the following interface settings.,FR
3215,1.1.1.1 The system shall allow user to specify custom meeting locations.,FR
3216,The system shall allow users to view location information.,FR
3217,The system shall allow users to search for available distributed location templates(if any).,FR
3218,The system shall allow the user to specify an ascending or descending sorting order when viewing meetings.,FR
3219,The system shall notify all involved participants if any the following information about the meeting is modified.,FR
3220,The system shall allow users to act on behalf of another user.,FR
3221,The system shall allow users to view information concerning the available distributed location templates(if any).,FR
3222,Users shall be required to log into the system for all operations except the operations on the login page.,FR
3223,The system shall restrict the user's operation within its user role.,FR
3224,The system shall run on Windows Server 2003.,FR
3225,The system shall be compatible with IIS6.0 and above or Apache 2.0 and above.,FR
3226,"The system shall conform to HTML standards and therefore support different web browsers including, but not limited to Internet Explorer, Firefox, Opera and Safari.",FR
3227,"The system shall define data for monitoring digital wellbeing metrics (e.g., app usage, sleep patterns).",FR
3228,"The system shall provide screens to view tracked metrics, set goals, and configure monitoring settings.",FR
3229,"The system shall allow users to track app usage, monitor sleep patterns, and manage screen time limits.",FR
3230,The system shall prompt users to take breaks based on predefined settings or usage patterns.,FR
3231,The system shall generate reports and visualizations to track progress towards digital wellbeing goals.,FR
3232,"The system shall implement user authentication and access controls based on user roles (e.g., standard user, administrator).",FR
3233,The system shall respond to user interactions with minimal latency.,NFR
3234,The system shall be highly available and minimize downtime.,NFR
3235,The system shall be scalable to accommodate a growing user base.,NFR
3236,"The system shall protect user data with robust security measures (e.g., encryption).",NFR
3237,The system shall provide an intuitive and user-friendly interface.,NFR
3238,The system shall collect and store user data in accordance with privacy regulations and user consent.,NFR
3239,The system (PowerPoint) shall allow users to create and edit text content for slides.,FR
3240,"The system shall allow users to import and manage various data formats like images, videos, and audio files within presentations.",FR
3241,The system shall allow users to define layouts and themes for presentations.,FR
3242,The system shall allow users to create new presentations or open existing ones.,FR
3243,"The system shall allow users to insert, edit, and delete slides within a presentation.",FR
3244,"The system shall provide various formatting options for text, images, and other content elements on slides.",FR
3245,The system shall allow users to define transitions and animations for slides within a presentation.,FR
3246,The system shall allow users to insert speaker notes for slides.,FR
3247,"The system shall allow users to create a presentation by adding slides, defining content, and applying formatting.",FR
3248,The system shall allow users to collaborate on presentations by sharing and editing them with others.,FR
3249,"The system shall allow users to deliver presentations in various modes, including full-screen mode and slide sorter view.",FR
3250,"The system shall allow users to export presentations in various file formats like PPTX, PPT, PDF, and video formats.",FR
3251,The system shall allow users to print presentations with customizable layouts and settings.,FR
3252,The system shall be intuitive and easy to learn for users with varying levels of experience.,NFR
3253,The system shall operate smoothly and respond to user actions with minimal delay.,NFR
3254,The system shall protect presentations from unauthorized access and modification.,NFR
3255,The system shall be compatible with various operating systems and file formats.,NFR
3256,The system shall be available for use with minimal downtime.,NFR
3257,"The system (Microsoft Excel) shall allow users to enter various data types including numbers, text, dates, and formulas.",FR
3258,"The system shall define data formats for cells (e.g., currency, percentages, dates) and enforce those formats.",FR
3259,"The system shall offer validation rules to ensure data entered meets specific criteria (e.g., positive numbers only).",FR
3260,The system shall allow users to enter data into cells arranged in a grid (rows and columns).,FR
3261,"The system shall allow users to perform basic mathematical operations (+, -, *, /) on data in cells.",FR
3262,"The system shall offer a wide range of functions for calculations, data analysis, and manipulation (e.g., SUM, AVERAGE, VLOOKUP).",FR
3263,The system shall allow users to create charts and graphs to visualize data.,FR
3264,"The system shall allow users to format cells and worksheets for presentation purposes (e.g., fonts, borders, colors).",FR
3265,The system shall allow users to create new spreadsheets or open existing ones.,FR
3266,"The system shall allow users to save spreadsheets in various file formats (e.g., XLSX, XLS).",FR
3267,The system shall allow users to collaborate on spreadsheets with others (may require additional configurations).,FR
3268,The system shall allow users to print spreadsheets or specific ranges of data.,FR
3269,"The system shall allow users to export data to other formats (e.g., CSV, PDF).",FR
3270,The system shall allow for password protection of spreadsheets to restrict access.,FR
3271,The system shall operate efficiently and respond to user actions within a reasonable timeframe.,NFR
3272,The system shall be able to handle large and complex spreadsheets without significant performance degradation.,NFR
3273,The system shall save user data frequently and offer options for automatic backups to minimize data loss.,NFR
3274,"The system shall recover gracefully from crashes or errors, minimizing data corruption.",NFR
3275,"The system shall have a user-friendly interface with clear menus, buttons, and icons.",NFR
3276,The system shall offer comprehensive online help and documentation for users of all skill levels.,NFR
3277,The system shall protect user data from unauthorized access or modification.,NFR
3278,The system shall offer options for data encryption to further enhance security.,NFR
3279,The system shall be compatible with various operating systems and hardware configurations.,NFR
3280,The system shall be able to open and work with spreadsheets created in previous versions of Excel (with potential limitations).,NFR
3281,"The system (MS Forms) shall define the data types allowed for each question (e.g., text, number, date).",FR
3282,"The system shall allow for setting validation rules on data entry (e.g., required fields, format restrictions).",FR
3283,"The system shall allow users to create new forms with various question types (e.g., multiple choice, Likert scale).",FR
3284,The system shall allow users to edit and modify existing forms.,FR
3285,The system shall allow users to preview forms before publishing.,FR
3286,The system shall allow users to publish forms and share them with specific audiences.,FR
3287,The system shall allow users to collect responses and view submitted data.,FR
3288,The system shall allow users to analyze responses through charts and graphs.,FR
3289,The system shall guide users through the process of creating and publishing a form.,FR
3290,The system shall provide a clear workflow for collecting and analyzing responses.,FR
3291,"The system shall allow users to export collected data in various formats (e.g., Excel, CSV).",FR
3292,The system shall provide basic data visualizations like charts and graphs for response analysis.,FR
3293,"The system shall allow defining user roles and permissions for form access (e.g., create, edit, view).",FR
3294,"The system shall comply with relevant data privacy regulations based on usage (e.g., GDPR, HIPAA).",FR
3295,The system shall respond to user actions within a reasonable timeframe.,NFR
3296,The system shall be able to handle a high volume of form submissions without performance degradation.,NFR
3297,The system shall be highly available and accessible to users most of the time.,NFR
3298,The system shall be able to scale to accommodate an increasing number of users and forms.,NFR
3299,The system shall implement security measures to protect user data from unauthorized access.,NFR
3300,The system shall employ encryption for sensitive data transmission and storage.,NFR
3301,The system shall be user-friendly and intuitive for users of all technical abilities.,NFR
3302,The system shall be capable of supporting multiple languages for user interface and data presentation.,NFR
3303,"The system shall allow adding, editing, and deleting medicine information (name, composition, dosage, etc.).",FR
3304,The system shall maintain an inventory of medicines with stock levels and track expiration dates.,FR
3305,The system shall allow processing of prescriptions received electronically or manually.,FR
3306,The system shall validate prescriptions against doctor's licenses and patient profiles.,FR
3307,The system shall perform drug interaction checks to ensure patient safety.,FR
3308,The system shall allow processing of medicine orders by patients.,FR
3309,The system shall integrate with inventory to check stock availability and prevent overselling.,FR
3310,"The system shall offer various order fulfillment options (in-store pickup, delivery).",FR
3311,The system shall allow creating and managing patient profiles with medical history and allergies.,FR
3312,The system shall ensure patient data privacy and comply with HIPAA regulations (if applicable).,FR
3313,"The system shall generate reports on sales, inventory, prescriptions dispensed, etc.",FR
3314,The system shall allow filtering and exporting reports for further analysis.,FR
3315,"The system shall respond to user actions within an acceptable time frame (e.g., 2 seconds).",NFR
3316,The system shall handle high volumes of concurrent users without performance degradation.,NFR
3317,The system shall implement strong authentication and authorization mechanisms.,NFR
3318,"The system shall encrypt sensitive data (patient information, prescriptions) at rest and in transit.",NFR
3319,The system shall maintain audit logs to track user activity and data changes.,NFR
3320,The system shall be highly available with minimal downtime for maintenance.,NFR
3321,The system shall have a disaster recovery plan to ensure data integrity and system functionality in case of outages.,NFR
3322,"The system shall be scalable to accommodate future growth in the number of users, medicines, and transactions.",NFR
3323,The system shall have a user-friendly interface that is easy to learn and navigate for both staff and patients (if applicable).,NFR
3324,The system shall provide clear instructions and error messages to guide users.,NFR
3325,The system shall accept user input for origin and destination stations.,FR
3326,The system shall search for train schedules based on the provided origin and destination.,FR
3327,The system shall display a list of matching train schedules to the user.,FR
3328,"The system shall allow users to select a specific train schedule for further details (e.g., departure time, platform number).",FR
3329,The system may optionally provide real-time train location information if available.,FR
3330,"The system shall respond to user queries within a reasonable timeframe (e.g., 2 seconds).",NFR
3331,The system shall be available to users 24/7 with minimal downtime.,NFR
3332,The system interface shall be user-friendly and easy to navigate for users with varying technical skills.,NFR
3333,The system shall be secure and protect user privacy by following data security best practices.,NFR
3334,The system shall display information clearly and accurately.,NFR
3335,"The system shall store car information including make, model, year, and color.",FR
3336,"The system shall allow users to search for cars by make, model, or year.",FR
3337,The system shall allow authorized users to add new car information.,FR
3338,The system shall allow authorized users to edit existing car information.,FR
3339,The system shall allow authorized users to delete car information.,FR
3340,The system shall display car information in a user-friendly format.,FR
3341,The system shall have a response time of less than 5 seconds for basic operations.,NFR
3342,The system shall be available 99.5% of the time.,NFR
3343,The system shall be secure and protect user data with appropriate access controls.,NFR
3344,The system user interface shall be user-friendly and easy to navigate.,NFR
3345,The system shall generate reports on car information upon request.,NFR
3346,The system shall create a complete copy of data from the source phone to the target phone.,FR
3347,"The system shall allow users to select specific data to clone (e.g., contacts, messages, call history).",FR
3348,The system shall securely transfer data between the source and target phones.,FR
3349,The system shall provide progress indicators during the cloning process.,FR
3350,The system shall offer the option to erase data on the source phone after cloning (optional).,FR
3351,"The system shall be compatible with a variety of phone models (e.g., specify Android and/or iOS).",NFR
3352,The system shall complete the cloning process within a reasonable timeframe (define reasonable timeframe).,NFR
3353,The system shall be user-friendly and easy to navigate.,NFR
3354,The system shall be secure and protect user data throughout the cloning process.,NFR
3355,"The system shall define data formats (e.g., ePUB, PDF) for uploading and displaying ebooks.",FR
3356,"The system shall allow users to search for ebooks by title, author, genre, etc. and browse curated collections.",FR
3357,"The system shall provide features for adjusting font size, background color, and text-to-speech functionality.",FR
3358,"The system shall allow users to highlight text, add notes, and create bookmarks.",FR
3359,"The system shall enable users to organize ebooks into collections, download for offline reading, and track reading progress.",FR
3360,The system shall facilitate secure purchase of ebooks and manage downloads with progress indicators.,FR
3361,The system shall maintain responsiveness during peak usage with minimal loading times for ebook browsing and opening.,NFR
3362,"The system shall employ encryption for user data and financial transactions, following industry security standards.",NFR
3363,"The system shall be highly available with minimal downtime, ensuring access to ebooks for users.",NFR
3364,The system shall be scalable to accommodate a growing user base and data volume.,NFR
3365,"The user interface shall be intuitive and accessible, catering to users with varying levels of technical expertise.",NFR
3366,"The system shall support multiple languages for user interface elements, potentially including multilingual ebooks.",NFR
3367,"The system shall scan documents and convert them into digital files (e.g., PDF, JPG, PNG) as specified by the user.",FR
3368,The system shall allow users to select the desired output format for the scanned document.,FR
3369,"The system shall offer functionalities for enhancing scanned documents (e.g., adjusting brightness, contrast).",FR
3370,The system shall enable users to save scanned documents in a designated location.,FR
3371,"The system shall accept documents through various methods (e.g., camera capture, file upload).",FR
3372,The system shall be user-friendly and easy to navigate for users with varying technical skills.,NFR
3373,The system shall have a fast scanning and conversion speed to minimize user wait time.,NFR
3374,The system shall produce high-quality scanned documents with clear and legible text.,NFR
3375,The system shall be secure and protect scanned documents from unauthorized access using encryption and access controls.,NFR
3376,The system shall be scalable to accommodate increasing document volumes without performance degradation.,NFR
3377,The system shall be reliable and function consistently with minimal downtime.,NFR
3378,"The system shall allow users to add expenses with details including amount, date, payer, and optional split among participants.",FR
3379,"The system shall allow users to specify how an expense is split among participants (e.g., equally, proportionally, custom).",FR
3380,"The system shall allow users to create, join, and leave groups for shared expense management.",FR
3381,The system shall automatically calculate and display individual balances (IOUs) among group members based on expenses.,FR
3382,"The system shall offer functionalities for users to mark debts as settled (e.g., by cash payment) and update balances accordingly.",FR
3383,"The system shall generate reports summarizing group expenses, individual balances, and settlement history.",FR
3384,"The system shall respond to user actions promptly and efficiently, even with a large number of users and expenses.",NFR
3385,The system shall be highly available and accessible to users most of the time with minimal downtime.,NFR
3386,"The system shall protect user data (financial information, group details) with robust security measures and access controls.",NFR
3387,The system shall be scalable to accommodate a growing user base and increasing amount of data without performance degradation.,NFR
3388,The system shall have a user-friendly interface that is intuitive and easy to navigate for users with varying technical skills.,NFR
3389,The system shall be adaptable to different languages and currencies to cater to a global user base (optional).,NFR
3390,"User shall be able to create a new account by providing their email address and password, which must meet specific criteria.",FR
3391,System shall authenticate users using Django's authentication module and session-based authentication.,FR
3392,"User shall be guided to a login page after successfully registering, where they can enter their credentials to access the application.",FR
3393,User shall be redirected to the landing page upon successful login.,FR
3394,User shall have the option to log out by clicking on a logout button in the navigation bar.,FR
3395,User shall be able to add properties to the website by providing all necessary information about the property.,FR
3396,System shall validate the information provided by the user using JavaScript on the client side.,FR
3397,User shall have the option to add photographs of the property using either drag-and-drop functionality or by selecting images from their files.,FR
3398,System shall utilize the Dropzone JavaScript library for drag-and-drop functionality.,FR
3399,User shall be able to add the location of the property by clicking on the map to add a marker.,FR
3400,System shall use Mapbox APIs for geolocation functionality.,FR
3401,"User shall be able to search for properties based on specific criteria such as location, area, and number of bedrooms.",FR
3402,System shall utilize Mapbox APIs to display locations of properties on the map.,FR
3403,User shall have the ability to shortlist or save properties they are interested in for future reference.,FR
3404,"System shall use AJAX calls for shortlisting properties, employing jQuery on the client side.",FR
3405,User shall be able to delete properties they have added to the system.,FR
3406,"System shall use AJAX calls for deleting properties, utilizing jQuery on the client side.",FR
3407,User shall be able to remove properties from their list of shortlisted properties.,FR
3408,"System shall use AJAX calls for removing shortlisted properties, employing jQuery on the client side.",FR
3409,User shall have the option to add advertisements on the website by providing necessary specifications about the property.,FR
3411,"User shall be able to access the application without interruption, demonstrating scalability.",NFR
3412,Backup power supply must be available for the server to ensure continuous operation in case of power failure.,NFR
3413,API keys utilized by the application shall remain confidential and not be exposed as open source.,NFR
3414,Regular backups of the code shall be taken at defined intervals to prevent data loss.,NFR
3415,User passwords shall be hashed before storage in the database to maintain security.,NFR
3416,"Passwords must meet specific criteria, including a minimum length of 8 characters, at least one uppercase character, one digit, and one special symbol.",NFR
3417,The website shall utilize HTTPS protocol to enhance security during data transmission.,NFR
3418,"POST requests shall be used for transferring sensitive information, such as authentication details and property data, through forms.",NFR
3419,The user interface should prioritize simplicity and avoid cluttering with excessive information to enhance usability.,NFR
3420,"The system should maintain high availability, ensuring uninterrupted operation at all times.",NFR
3421,Reliability shall be ensured to prevent data loss in case of server failure during ongoing operations.,NFR
3422,The codebase shall be well-maintained with clean coding practices and thorough documentation to facilitate ease of maintenance.,NFR
3423,Comments shall be included in the codebase to aid new programmers and developers in making modifications.,NFR
3424,The code shall be accompanied by proper test cases to identify and address any errors during production.,NFR
3425,The administrator of the application shall possess full control over system management and operations.,NFR
3426,User shall be able to create a profile and set credentials for authentication.,FR
3427,System shall authenticate user credentials to grant access to the profile.,FR
3428,User shall be able to update profile information as needed.,FR
3429,User shall enter search text on the screen to find matching products based on the search.,FR
3430,User shall have the option to select multiple search criteria.,FR
3431,User shall navigate between search results to view different products.,FR
3432,System shall notify the user when no matching product is found during the search.,FR
3433,System shall provide a shopping bag feature during online purchase.,FR
3434,User shall add or remove products from the shopping bag as desired.,FR
3435,User shall confirm orders from the shopping bag to proceed with the purchase.,FR
3436,System shall display available payment methods for the user to choose from during checkout.,FR
3437,"User shall select a preferred payment method, such as credit card or cash on delivery.",FR
3438,"User shall enter card details for online payment, with the system verifying their validity.",FR
3439,"If paying by cash on delivery, user shall enter address details for order confirmation.",FR
3440,System shall allow user to track shipments by entering order information.,FR
3441,"System shall display current tracking information about the order, including location and delivery time estimation.",FR
3442,System shall notify the seller about the delivery of the product to the customer.,FR
3443,User shall access the e-store in multiple languages for enhanced accessibility.,NFR
3444,User shall have access to handicap-friendly features for improved accessibility.,NFR
3445,User shall interact with the e-store through icons and toolbars for a user-friendly experience.,NFR
3446,User shall experience a consistent look and feel across all web pages of the e-store.,NFR
3447,User shall view pictures related to each product in the product details for better understanding.,NFR
3448,The reliability of the e-store depends on the reliability of its separate components.,NFR
3449,The database backup shall be continuously maintained and updated for reliability.,NFR
3450,System shall replicate databases to off-site storage locations for backup.,NFR
3451,System shall store all databases on redundant computers with automatic switchover for reliability.,NFR
3452,System shall utilize RAID V Disk Stripping on all database storage disks for reliability.,NFR
3453,System shall have a contractual agreement with an internet service provider for T3 access with 99.9999% availability.,NFR
3454,System shall have a contractual agreement with an internet service provider for 99.999% availability through their network facilities.,NFR
3455,All transactions with the customer's web browser shall be confirmed by the system for secure data transfer.,NFR
3456,System shall not store any cookies containing the user's password or confidential information on the customer's computer.,NFR
3457,System shall use secure sockets for all transactions involving confidential customer information.,NFR
3458,System shall automatically log out customers after a period of inactivity for security.,NFR
3459,"Customer's password shall not be displayed in plain text in the web browser, only represented by special characters.",NFR
3460,Customer's credit card number shall only display the last 4 digits after retrieval from the database.,NFR
3461,"System's back-end servers shall not display the customer's password, only reset it if necessary.",NFR
3462,System's back-end servers shall only be accessible to authenticated administrators for security.,NFR
3463,System's back-end databases shall be encrypted to protect customer data.,NFR
3464,User shall sign up or sign in using their email ID and password.,FR
3465,System shall create a new database and register the user upon sign up.,FR
3466,System shall authenticate user credentials from the database upon sign in.,FR
3467,User shall search for videos by entering keywords.,FR
3468,System shall display videos related to the entered keywords.,FR
3469,User shall share videos with friends and family by selecting them from the friend list.,FR
3470,System shall notify the user upon successful sharing of the video.,FR
3471,User shall download videos by clicking on the download button.,FR
3472,System shall display a pop-up confirming the successful download of the video.,FR
3473,User shall upload videos by clicking on the upload button and selecting the file to upload.,FR
3474,System shall display a pop-up confirming the successful upload of the file.,FR
3475,"User shall navigate to different sections: Home, Trending, and Subscription.",FR
3476,"System shall display options for Home, Trending, and Subscription upon selecting the navigation section.",FR
3477,"Upon selecting Home, system shall display videos based on user history, subscription, and search.",FR
3478,"Upon selecting Trending, system shall display location-based most popular videos.",FR
3479,"Upon selecting Subscription, system shall display videos from channels subscribed by the user.",FR
3480,"User shall access the Library section containing History, Watch Later, and Liked Videos options.",FR
3481,System shall display History section showing all the videos watched by the user.,FR
3482,System shall display Watch Later section showing all the videos added by the user for later viewing.,FR
3483,System shall display Liked Videos section showing all the videos liked by the user.,FR
3484,User will need a device capable of playing a 144p resolution video.,NFR
3485,User will require a minimum internet connection speed of 500kbps to play videos without buffering.,NFR
3486,"In case of extensive database damage, a backup method will restore a previous copy of the database and switch to backup servers to keep the site operational.",NFR
3487,"All private data uploaded by users will be strictly confidential to other users, and users will be able to report suspicious activity to the security department.",NFR
3488,The site will be available to users 24/7.,NFR
3489,Maintenance and updates of the site will be carried out by developers and a team of software engineers.,NFR
3490,The site should be usable anywhere with internet connectivity and a compatible device.,NFR
3491,"User shall be able to create a LeetCode account with their email, username, and password.",FR
3492,System shall be able to display a confirmation message upon successful registration.,FR
3493,User shall be able to log in to their LeetCode account using their email and password.,FR
3494,System shall be able to grant access to the user's dashboard upon successful authentication.,FR
3496,System shall be able to display the problem statement and coding environment based on the user's selection of problem category and difficulty level.,FR
3498,"System shall be able to provide submission status (Accepted, Wrong Answer, Time Limit Exceeded, etc.) for user's code solutions.",FR
3500,System shall be able to display forum threads and replies.,FR
3502,System shall be able to display the user's profile with options to edit information.,FR
3503,"User shall be able to interact with the platform to create a LeetCode account, providing their email, username, and password.",NFR
3504,System shall display a confirmation message upon successful registration of the LeetCode account.,NFR
3505,User shall be able to log in to their LeetCode account using their email and password credentials.,NFR
3506,System shall grant access to the user's dashboard upon successful authentication.,NFR
3508,System shall display the problem statement and coding environment based on the user's selection of problem category and difficulty level.,NFR
3510,"System shall provide submission status (Accepted, Wrong Answer, Time Limit Exceeded, etc.) for the user's code solutions.",NFR
3512,System shall display forum threads and replies for user engagement.,NFR
3514,System shall display the user's profile with options to edit information.,NFR
3515,User shall be able to click on an address to open Google Maps in a new tab.,FR
3516,"User shall be able to anonymously view public information, such as recycling centers near their location, before creating an account.",FR
3517,User shall be able to enter their zip code to receive a list of nearby recycling facilities.,FR
3518,User shall be able to view the operating hours of each recycling facility.,FR
3519,User shall have the option to select flexible pick-up times for recycling services.,FR
3520,"User shall be able to select different types of recyclable waste and view a list of facilities that accept each type, along with their opening hours.",FR
3521,User shall be able to add donation centers as favorites on their profile.,FR
3522,User shall be able to provide their email ID to receive notifications for new events.,FR
3523,User shall be able to view a map display of public recycling bins and special waste drop-off sites in their area.,FR
3524,User shall be able to view ongoing safe disposal events in their area.,FR
3526,User shall be able to create an account to access additional features and create their own profile.,FR
3527,Admin shall be able to add or remove recycling facility information to ensure users have access to the most recent information.,FR
3528,Admin shall be able to read users' feedback and complaints to improve the service provided.,FR
3529,User shall be able to check transaction history and keep records.,FR
3530,User shall experience a great UI and UX for a pleasant navigation experience.,FR
3531,User shall be able to access the site on all electronic devices.,FR
3532,Developer shall access an API from the website for integration into other applications.,FR
3533,User shall receive tempting rewards for using the website.,FR
3534,User shall link their email account to their profile for password recovery.,FR
3535,User shall be able to contact administrators for feedback or assistance.,FR
3536,Admin shall be able to add recycling center information to keep the database up-to-date.,FR
3537,Admin shall view user error logs to address issues faced by users.,FR
3538,Admin shall onboard recycling centers on the platform to increase information accuracy.,FR
3539,Superuser shall update recycling center information to provide the latest details.,FR
3540,Superuser shall view users' stats to monitor website usage.,FR
3541,Superuser shall reply to user questions to provide assistance.,FR
3542,Admin shall have a dashboard showing usage stats and locations for insights.,FR
3543,Admin shall communicate directly with facilities to keep them updated about website features.,FR
3544,Recycling facility representative shall update facility information and accepted materials to avoid miscommunication.,FR
3545,Recycling facility representative shall access user stats and schedules to adjust operations.,FR
3546,Recycling facility shall communicate directly with site admin to address any issues or concerns.,FR
3547,All data shall be encrypted to prevent theft during server breaches or attacks.,NFR
3548,User's personal information shall be securely stored to prevent identity theft.,NFR
3549,Admin shall handle all users' activities for efficient management.,NFR
3550,Company shall have an easy-to-use website for step-by-step uploading or deleting of content.,NFR
3551,Employee shall receive quick notifications for prompt action.,NFR
3552,Company accountant shall view all available activity fees online for easy billing.,NFR
3553,Developer shall use Bootstrap during development for easy website design.,NFR
3554,Developer shall attend UI/UX lessons for developing a visually appealing website.,NFR
3556,Admin shall be able to block specific users based on IP address to prevent spamming.,NFR
3557,Admin shall have access to a dashboard monitoring all site statuses and user activities.,NFR
3558,Executive shall have full access to company-related data for performance evaluation.,NFR
3559,User shall be able to view the updated date and time in the header information box.,FR
3560,User shall receive a more helpful file-level error message when uploading a file with the wrong extension.,FR
3561,Tester shall have access to test features in environments other than Staging.,FR
3562,FABS user shall have submission errors accurately represent FABS errors.,FR
3563,Agency user shall be able to accurately see who created a submission.,FR
3564,Agency user shall be able to understand file-level errors better.,FR
3565,Developer shall provide FABS groups that function under the FREC paradigm.,FR
3566,Tester shall ensure that FABS properly derives fields through robust testing.,FR
3567,Broker user shall be able to submit records for individual recipients without receiving a DUNS error.,FR
3568,User shall receive more information about the number of rows to be published before deciding to publish.,FR
3569,Developer shall prevent duplicate transactions from being published and address the time gap between validation and publishing decision.,FR
3570,Broker user shall have updated error codes that accurately reflect logic and provide enough information.,FR
3571,Agency user shall be able to leave off the last 4 digits of the ZIP without an error.,FR
3572,Data user shall access two additional fields from the FPDS data pull.,FR
3573,FABS user shall have additional helpful information in the submission dashboard.,FR
3574,FABS user shall be able to download the uploaded FABS file.,FR
3575,Developer shall quickly access Broker application data for investigation.,FR
3576,Developer shall determine the best way to load historical FPDS data.,FR
3577,FABS user shall have appropriate language on FABS pages.,FR
3578,FABS user shall not receive DABS banner messages and vice versa.,FR
3579,FABS user shall have read-only access to DABS.,FR
3580,FABS user shall have validations run in a reasonable amount of time.,FR
3581,FABS user shall see correct status labels on the Submission Dashboard.,FR
3582,Agency user shall know when the submission periods start and end.,FR
3583,Agency user shall have a landing page to navigate to either FABS or DABS pages.,FR
3584,Agency user shall submit data elements surrounded by quotation marks to prevent Excel from stripping leading and trailing zeroes.,FR
3585,User shall view the header information box showing the updated date and time.,NFR
3586,User shall receive more helpful file-level error messages for better troubleshooting.,NFR
3587,Tester shall access test features in environments other than Staging for comprehensive testing.,NFR
3588,FABS user shall receive submission errors accurately reflecting FABS errors for efficient problem resolution.,NFR
3589,FABS user shall access frontend URLs accurately reflecting the accessed page for clarity.,NFR
3590,Agency user shall have all historical Financial Assistance data loaded for FABS go-live for completeness.,NFR
3591,Developer shall ensure the historical FPDS data loader includes both extracted historical data and FPDS feed data for comprehensive data analysis.,NFR
3592,Agency user shall accurately see who created a submission for accountability and collaboration purposes.,NFR
3593,Agency user shall receive File F in the correct format to prevent data formatting issues.,NFR
3594,Agency user shall have a better understanding of file-level errors to streamline data submission processes.,NFR
3595,Developer shall provide FABS groups functioning under the FREC paradigm for consistency and efficiency.,NFR
3596,Tester shall ensure FABS properly derives fields through robust testing for accurate data processing.,NFR
3597,Broker user shall submit records for individual recipients without receiving a DUNS error for smooth data submission.,NFR
3598,User shall receive information about the number of rows to be published before deciding whether to publish for informed decision-making.,NFR
3599,Developer shall prevent duplicate transactions from being published and manage the time gap between validation and publishing decision for data integrity.,NFR
3600,FABS user shall successfully submit a citywide as a PPoPZIP and pass validations for comprehensive data submission.,NFR
3601,Broker user shall have updated error codes reflecting logic and providing sufficient information for fixing submissions for efficient troubleshooting.,NFR
3602,Agency user shall leave off the last 4 digits of the ZIP without encountering an error for seamless data submission.,NFR
3603,FABS user shall ensure historical data includes all necessary columns for correct database information to prevent data inconsistencies.,NFR
3604,Data user shall access two additional fields from the FPDS data pull for comprehensive data analysis.,NFR
3605,FABS user shall have additional helpful info in the submission dashboard for better management and oversight of submissions.,NFR
3606,FABS user shall download the uploaded FABS file for record-keeping and review purposes.,NFR
3607,Developer shall quickly access Broker application data to investigate issues and improve system performance.,NFR
3608,Developer shall determine the best way to load historical FPDS data since 2007 for comprehensive data integration.,NFR
3609,FABS user shall have appropriate language on FABS pages for better user experience and understanding.,NFR
3610,FABS user shall not receive DABS banner messages and vice versa for clear communication and information presentation.,NFR
3611,FABS user shall have read-only access to DABS for reference and information retrieval purposes.,NFR
3612,FABS user shall have validations run in a reasonable amount of time for efficient data processing.,NFR
3613,FABS user shall see correct status labels on the Submission Dashboard for quick submission history overview for better tracking and monitoring.,NFR
3614,Agency user shall know the submission periods' start and end dates for timely data submission.,NFR
3615,Agency user shall have a landing page to navigate to either FABS or DABS pages for easy access to different functionalities.,NFR
3616,Agency user shall submit data elements surrounded by quotation marks to prevent Excel from stripping leading and trailing zeroes for data integrity.,NFR
3617,A Data Publishing User shall be able to edit a published dataset.,FR
3618,A Data Publishing User shall be able to edit the model of imported data .,FR
3619,A Data Publishing User shall be able to delete a published dataset.,FR
3620,A Data Publishing User shall be able to edit the data source of imported data.,FR
3621,"A Data Publishing User shall be able to import data in various formats (Excel, JSON, Google Spreadsheet, Fiscal Data Package).",FR
3622,A Data Publishing User shall be able to provide additional GeoJSON sources.,FR
3623,A Data Publishing User shall have a view of all their published datasets.,FR
3624,A Data Publishing User shall be able to add a dataset in a hidden state.,FR
3625,A Data Publishing User shall be able to hide a public dataset.,FR
3626,A Data Publishing User shall be able to validate a CSV file before publishing.,FR
3627,A Data Publishing User shall have a functioning Python Client for bulk data uploads.,FR
3628,"A Data Consuming User shall be able to filter, sort, and aggregate data.",FR
3629,A Data Consuming User shall be able to download data as CSV.,FR
3630,A Data Consuming User shall be able to change currency display.,FR
3631,A Data Consuming User shall be able to see descriptions for visualizations.,FR
3632,A Data Consuming User shall be able to share visualizations via URL.,FR
3633,A Data Consuming User shall be able to download view state images.,FR
3634,A Data Consuming User shall be able to share view state images on social media.,FR
3635,A Data Consuming User shall be able to zoom into maps.,FR
3636,A Data Consuming User shall be able to search for datasets by title and metadata.,FR
3637,A Data Consuming User shall have default visualizations for multi-year datasets.,FR
3638,A Platform Administrator shall be able to hide public datasets.,FR
3639,A Platform Administrator shall have a view of all published datasets,FR
3640,A Platform Administrator shall be able to delete any dataset.,FR
3641,An API User shall be able to identify Data Publishers.,FR
3642,An API User shall be able to identify Administrators.,FR
3643,An API User shall be able to retrieve bordering regions/cities.,FR
3644,An API User shall be able to request dynamic polygons based on queries.,FR
3645,An API User shall be able to use HASC codes for data visualization.,FR
3646,An API User shall be able to download cube-based queries as CSV.,FR
3647,An API User shall be able to convert monetary measures to different currencies.,FR
3648,An API User shall be able to use metadata to retrieve data from multiple datasets.,FR
3649,An API User shall be able to use data to retrieve data from multiple datasets.,FR
3650,An API User shall be able to normalize measures by population.,FR
3651,An API User shall be able to normalize measures by geographical area.,FR
3652,An API User shall be able to normalize measures by GDP.,FR
3653,An API User shall be able to normalize measures by GINI and related indexes.,FR
3654,An API User shall be able to calculate relative percentages within datasets.,FR
3655,An API User shall be able to persistently store visualization states.,FR
3656,A Data Publishing User shall be able to update their dataset automatically with source file changes.,NFR
3657,The platform shall have a blog highlighting open fiscal projects.,NFR
3658,Users shall be able to set their usernames for data discoverability.,NFR
3659,The platform shall offer a Python Client for data uploads.,NFR
3660,The platform shall have a community app showcasing data visualization examples.,NFR
3661,The platform shall offer embedded visualization color customization.,NFR
3662,The platform shall allow embedded viewer styling customization.,NFR
3663,The platform shall allow translation of data type hierarchies for embedded viewers.,NFR
3664,"The system shall allow users to import Data Packages into various platforms like Node.js, Julia, R, Excel, SPSS, STATA, LibreOffice/OpenOffice, Python, Clojure, C++.",FR
3665,The system shall allow users to translate EML datasets to Data Packages.,FR
3666,The system shall allow users to export Data Packages from their Excel spreadsheets and NetCDF files.,FR
3667,The system shall allow users to import data from MS-SQL databases.,FR
3668,The system shall allow users to save new visualizations created within the platform. ,FR
3669,"The system shall integrate with analysis tools like Elasticsearch, SPSS, EPrints, Mongo, and DAT. ",FR
3670,The system shall allow users to reference a remote-controlled vocabulary for their datasets.,FR
3671,The system shall allow users to add type information to their data. ,FR
3672,The system shall allow users to include visualizations within Data Packages. ,FR
3673,The system shall allow users to validate Data Packages to ensure data conformity. ,FR
3674,The system shall provide feedback on invalid data points within Data Packages. ,FR
3675,"The system shall allow users to add general reference data (e.g., country names, inflation data) to their datasets. ",FR
3676,The system shall allow users to integrate reference data with their datasets for geographic mapping. ,FR
3677,The system shall integrate with data repositories like CKAN and Zenodo for publication and storage. ,FR
3678,The system shall allow users to import/export data from MS-SQL databases using Data Packages.,FR
3679,The system shall allow users to store Data Packages in GitHub and automatically publish them to CKAN. ,FR
3680,The system shall allow users to customize data packaging wizards for specific data types. ,FR
3681,The system shall allow users to add or modify metadata and data columns within Data Packages.,FR
3682,The system shall allow users to package reproducible steps for data acquisition. ,FR
3683,The system shall allow users to generate basic data summaries for Data Packages. ,FR
3684,The system shall allow users to create embeddable data summaries for websites. ,FR
3685,The system shall allow users to create proxy Data Packages for reliable data sources. ,FR
3686,The system shall provide a match-making service to connect data owners with packagers.,FR
3687,The system shall allow users to collaborate on creating and editing Data Packages.,FR
3688,The system shall allow for quick import and export of Data Packages into various platforms.,NFR
3689,"The system shall provide a user-friendly interface for creating, editing, and managing Data Packages.",NFR
3690,The system shall integrate with various data analysis and storage platforms.,NFR
3691,The system shall ensure the secure storage and transmission of data within Data Packages.,NFR
3692,The system shall be highly available and accessible for data access and management.,NFR
3693,The system shall ensure the long-term availability and accessibility of published data.,NFR
3694,The system shall allow users to specify funding sources for datasets. ,NFR
3695,The system shall allow users to assign DOIs to datasets for citation purposes.,NFR
3696,The system shall allow users to preview data within Data Packages before download.,NFR
3697,The system shall track user data preview statistics.,NFR
3698,The system shall allow site members to create profiles.,FR
3699,"The system shall allow members to specify their role (Practitioner, Trainer, etc.). ",FR
3700,"The system shall allow members to control the privacy of their profile information (entire profile, email address).",FR
3701,The system shall allow administrators to approve/reject applications for Certified Scrum Practitioner (CSP) and Certified Scrum Trainer (CST) status.,FR
3702,The system shall allow administrators to edit any member profile.,FR
3703,The system shall allow members to create and edit their profile descriptions.,FR
3704,The system shall allow certified members to showcase additional details on their profiles (experience etc.).,FR
3705,The system shall allow members to write articles for the site with an associated graphic.,FR
3706,The system shall allow trainers to list their upcoming classes with links to detailed pages.,FR
3707,The system shall allow site administrators to create news articles with designated publishing dates and expiry dates.,FR
3708,The system shall allow site editors to manage the FAQ section.,FR
3709,"The system shall allow site editors to add, edit, and set publishing dates for articles.",FR
3710,The system shall allow trainers to create new courses and events.,FR
3711,"The system shall allow trainers to mark courses/events as ""Other"" and charge a listing fee.",FR
3712,"The system shall allow administrators to create ""Other"" courses/events without a listing fee.",FR
3713,The system shall allow trainers to update or delete their courses/events.,FR
3714,The system shall allow administrators to delete any course/event.,FR
3715,The system shall allow editors to update any course/event.,FR
3716,The system shall allow trainers to convert courses to events and vice versa.,FR
3717,"The system shall allow site administrators to set listing fees for ""Other"" courses/events.",FR
3718,The system shall allow members to download training materials and methodology PDFs (if applicable based on membership level).,FR
3719,The system shall allow visitors to download Scrum-related presentations and PDFs.,FR
3720,The system shall allow recruiters to post job advertisements.,FR
3721,The system shall allow administrators to approve job advertisements before publishing.,FR
3722,"The system shall allow administrators to manage job advertisements (edit, delete).",FR
3723,The system shall automatically stop publishing job ads 30 days after posting.,FR
3724,The system shall allow recruiters to extend job ad listings for another 30 days.,FR
3725,The system shall allow editors to add articles to the site.,FR
3726,The system shall allow editors to designate whether articles are publicly available or for members only.,FR
3727,The system shall allow site visitors to search for member profiles based on specific criteria.,FR
3728,"The system shall allow visitors to view a list of all upcoming courses, categorized (Certification, Other, Events).",FR
3729,The system shall allow visitors to search for upcoming courses and events using an advanced search option.,FR
3730,The system shall allow visitors to search for articles using a full-text search.,FR
3731,"The system shall allow visitors to subscribe to RSS feeds for news, courses/events, and articles.",FR
3732,The system shall allow visitors to easily navigate back to the home page.,FR
3733,The system shall display a list of the most popular site items for visitors.,FR
3734,The system shall allow members to send emails to other members through a contact form.,FR
3735,The system shall allow visitors to post comments on articles.,FR
3736,The system shall allow trainers to view course survey results.,FR
3737,The system shall allow members to renew their memberships.,FR
3738,The system shall allow members to request password resets.,FR
3739,The system shall send email notifications to administrators whenever a job ad is submitted.,FR
3740,The system shall send reminder emails to recruiters before job ad expiry.,FR
3741,The system shall send welcome emails to newly registered CSMs and Product Owners with instructions to activate their membership.,FR
3742,The system shall display article teasers with links to the full articles.,FR
3743,The system shall display trainer ratings on their profile pages.,FR
3744,"The system shall include a ""What is Scrum"" section for visitors.",FR
3745,"The system shall display a list of Certified Scrum Masters, Practitioners, Trainers, and Product Owners.",FR
3746,The system shall display the logos of corporate sponsors on a dedicated page and potentially on the homepage (configurable).,FR
3747,The system shall be responsive and perform actions promptly.,NFR
3748,The system shall be highly available with minimal downtime.,NFR
3749,The system shall have robust security measures to protect user data.,NFR
3751,The system shall have a user-friendly and intuitive interface.,NFR
3752,The system shall be adaptable to different languages and currencies.,NFR
3753,A CMS administrator shall have roles to assign to users.,FR
3754,A content editor shall be able to easily find content to edit.,FR
3755,A content editor shall be able to add videos from Brightcove.,FR
3756,An author shall be able to indent/outdent content.,FR
3757,A user researcher shall develop the user research protocol for internal workflows.,FR
3758,A user researcher shall recruit for the last round of user research.,FR
3759,A user researcher shall continue scheduling interviews for hypothesis #1.,FR
3760,A user researcher shall identify interview participants.,FR
3761,A user researcher shall begin drafting a research plan.,FR
3762,A user researcher shall conduct a user definition workshop with NSF.,FR
3763,A team member shall meet with DIS/cloud.gov to determine requirements for the beta.nsf.gov ATO.,FR
3764,A Visual Designer shall create a moodboard to aid with visual design concepts for the nsf.gov website.,FR
3765,A Visual Designer shall demonstrate the value of visual design to the NSF project team.,NFR
3766,A content designer shall demonstrate the value of user-centered content design.,NFR
3768,The user research plan shall test the user research plan.,NFR
3769,"The system shall allow public users to search for information on properties, county services, processes, and general information.",FR
3770,The system shall allow prospective applicants to research requirements and select relevant services or applications to initiate online.,FR
3771,The system shall allow applicants to Request pre-application assistance.,FR
3772,"The system shall allow to Submit applications with information, plans, and documents.",FR
3773,The system shall allow to Submit supporting documentation for applications.,FR
3774,The system shall allow to Pay fees associated with services requested.,FR
3775,The system shall allow to Check the status of their transactions.,FR
3776,The system shall allow to Modify information on existing applications.,FR
3777,The system shall allow applicants to request a plan review meeting with plan review staff.,FR
3778,The system shall allow applicants to resubmit revised plans.,FR
3779,The system shall allow applicants to complete building development projects and receive posted bonds or occupancy permits.,FR
3780,The system shall allow applicants to request inspections.,FR
3781,The system shall allow applicants to satisfy hearing requirements before a hearing.,FR
3782,The system shall allow customers to create user accounts for the customer portal to perform authorized transactions.,FR
3783,The system shall allow staff members to perform completeness reviews for applications.,FR
3784,The system shall allow staff members to record internal notes for collaboration on records.,FR
3785,The system shall allow staff members to assign applications for detailed review.,FR
3786,The system shall allow staff members to apply and remove holds on applications to manage workflow.,FR
3787,The system shall allow staff members to send formal responses to applicants.,FR
3788,The system shall allow staff members to track draft proffers submitted by applicants.,FR
3789,The system shall allow staff members to manage approved proffers to ensure compliance.,FR
3790,The system shall allow staff members to manage ordinances to maintain accurate information.,FR
3791,The system shall allow staff members to schedule meetings.,FR
3792,The system shall allow staff members to denote applications with a final action status to finalize them.,FR
3793,The system shall allow staff members to conduct and track plan amendments and planning studies.,FR
3794,The system shall allow staff members to generate planning-related reports.,FR
3795,The system shall allow staff members to evaluate consistency with the comprehensive plan during application reviews.,FR
3796,The system shall allow staff members to perform staff reviews to validate application compliance with zoning ordinances.,FR
3797,The system shall allow staff members to process requests for zoning information.,FR
3798,The system shall allow staff members to issue zoning-related permits upon eligibility and compliance.,FR
3799,The system shall allow staff members to develop staff reports for publication and distribution.,FR
3800,The system shall allow staff members to manage hearing calendars to track activities and deadlines.,FR
3801,The system shall allow staff members to assign hearing dates for applications.,FR
3802,The system shall allow staff members to manage affidavits to ensure compliance before hearings.,FR
3803,The system shall allow staff members to capture hearing decisions for enforcement.,FR
3804,The system shall allow staff members to process appeals to track outcomes and record impacts.,FR
3805,The system shall allow staff members to assign plans for review to appropriate plan reviewers.,FR
3806,"The system shall allow staff members to review plans for compliance and approve, fail, or deny them, recording any conditions or corrections needed.",FR
3807,The system shall allow staff members to review code modifications submitted by applicants and associate approved modifications with projects.,FR
3808,"The system shall allow staff members to track completion of required plan reviews, ensuring results are sent to applicants and downstream steps are initiated.",FR
3809,The system shall allow staff members to issue development-related permits.,FR
3810,The system shall allow staff members to manage bonds throughout their lifecycle.,FR
3811,"The system shall allow staff members to search for property information, including owners, permits, and applications.",FR
3812,The system shall allow staff members to create custom queries/reports for specific needs.,FR
3813,The system shall allow staff members to create condo units and associate them with child parcels and addresses.,FR
3814,The system shall allow staff members to update transactional parcel pins to reference the GIS layer for split or merged parcels.,FR
3815,The system shall allow staff members to send or post citations and fines.,FR
3816,The system shall allow inspection staff to create inspections.,FR
3817,The system shall allow inspection staff to assign inspections.,FR
3818,The system shall allow inspection staff to conduct inspections to validate customer compliance with codes and regulations.,FR
3819,The system shall allow inspection staff to provide results to customers.,FR
3820,The system shall allow inspection supervisor to assign inspections to ensure appropriate inspectors receive the work.,FR
3821,The system shall allow inspection supervisor to manage inspector workload to meet service level and quality requirements.,FR
3822,The system shall be secure and protect user data.,NFR
3823,The system shall be performant and respond promptly to user actions.,NFR
3824,The system shall be available and accessible to users most of the time.,NFR
3826,The system shall have a user-friendly interface that is intuitive and easy to navigate.,NFR
3827,The system shall comply with relevant regulations and standards.,NFR
3828,The system may be adaptable to different languages and currencies.,NFR
3829,The system shall allow camp administrators to add campers with details for tracking purposes.,FR
3830,The system shall allow camp administrators to remove campers who no longer attend the camp.,FR
3831,The system shall store camper records from previous years for reference.,FR
3832,The system shall allow camp administrators to upload consent forms for easy access.,FR
3833,The system shall track which campers submitted which forms to ensure compliance.,FR
3834,The system shall allow camp administrators to schedule activities for campers.,FR
3835,The system shall automatically generate nametags for campers.,FR
3836,The system shall allow camp administrators to suspend campers for behavioral issues.,FR
3837,The system shall allow camp administrators to set reminders for specific tasks.,FR
3838,The system shall allow camp administrators to assign different positions to staff members.,FR
3839,The system shall allow camp administrators to send warnings to staff members.,FR
3840,The system shall allow camp administrators to create and modify rules for campers and staff.,FR
3841,The system shall track the usage of internal camp facilities to avoid scheduling conflicts.,FR
3842,The system shall provide an avenue for parents to submit feedback and concerns.,FR
3843,The system shall securely store campers' emergency information for easy access.,FR
3844,The system shall store camper's immediate parent/guardian's information for contact purposes.,FR
3845,The system shall allow camp administrators to send bi-weekly feedback reports to parents.,FR
3846,The system shall allow camp administrators to create registration forms for staff and campers.,FR
3847,The system shall allow camp administrators to store their information for future reference.,FR
3848,The system shall allow camp administrators to view medical forms for allergy preparedness.,FR
3849,The system shall allow camp administrators to send mass notifications to parents.,FR
3850,The system shall allow camp administrators to quickly log daily attendance.,FR
3851,The system shall allow camp administrators to add parents for camper enrollment.,FR
3852,The system shall allow camp administrators to create groups and assign campers.,FR
3853,The system shall allow camp administrators to view camp group schedules and notify counselors.,FR
3854,The system shall allow camp administrators to schedule tasks/activities for specific camp groups.,FR
3855,The system shall allow camp administrators to delete and modify scheduled tasks/activities.,FR
3856,The system shall allow camp administrators to modify enrolled campers' information.,FR
3857,The system shall allow camp administrators to delete campers from the database.,FR
3858,The system shall allow camp administrators to modify added parents' information.,FR
3859,The system shall allow camp administrators to delete parents from the database.,FR
3860,The system shall allow camp administrators to modify camp group information.,FR
3861,The system shall allow camp administrators to filter the event calendar for specific groups.,FR
3862,The system shall allow parents to track their submitted consent forms.,FR
3863,The system shall allow parents to track their child's activities and schedule at camp.,FR
3864,The system shall allow parents to submit various types of forms to camp management.,FR
3865,The system shall allow parents to create an account for online camper registration.,FR
3866,The system shall allow parents to view counselors assigned to their children.,FR
3867,The system shall allow parents to message their child's counselors.,FR
3868,The system shall allow parents to sign and submit consent forms electronically.,FR
3869,The system shall allow parents to view their payment history.,FR
3870,The system shall allow parents to share camp photos of their children (with proper permissions).,FR
3871,The system shall provide a way for parents to connect with staff in case of emergencies.,FR
3872,The system shall allow parents to enroll their children for camp.,FR
3873,The system shall allow parents to view and edit their enrolled children's information.,FR
3874,The system shall allow parents to view a schedule of their child's activities at camp.,FR
3875,The system shall allow creating a new game with a name and optional description.,FR
3876,The system shall allow inviting estimators to a game via a unique URL.,FR
3877,The system shall allow starting a round by entering an item in a multi-line text field.,FR
3878,The system shall display all items planned for estimation in the current session.,FR
3879,The system shall allow selecting an item for estimation or re-estimation.,FR
3880,The system shall allow adding new items to the estimation list during a session.,FR
3881,The system shall allow editing items in the estimation list.,FR
3882,The system shall allow deleting items from the estimation list.,FR
3883,"The system shall allow revealing all estimates immediately, even before everyone submits.",FR
3884,The system shall allow accepting the average of all submitted estimates.,FR
3885,"The system shall automatically populate the ""estimate"" field if all estimators reveal the same card.",FR
3886,The system shall allow entering a custom agreed-upon estimate.,FR
3887,The system shall allow re-estimating a previously estimated item.,FR
3888,The system shall allow importing stories from a spreadsheet.,FR
3889,The system shall allow copying and pasting stories from a spreadsheet.,FR
3890,The system shall allow browsing through previous games.,FR
3891,The system shall allow viewing a transcript of a game (stories and estimates).,FR
3892,The system shall allow exporting transcripts as HTML files.,FR
3893,The system shall allow exporting transcripts as CSV files.,FR
3894,The system shall allow deleting games.,FR
3895,"The system shall allow creating an account with name, email, password, and username.",FR
3896,The system shall allow logging in using account credentials.,FR
3897,The system shall allow editing account details.,FR
3898,The system shall allow deleting user accounts.,FR
3899,The system shall display dates and times in the user's local timezone.,FR
3900,The system shall offer a password reminder via email.,FR
3901,The system shall allow selecting the estimation scale (modified Fibonacci or powers of 2).,FR
3902,The system shall limit inviting estimators to a maximum of 15.,FR
3903,The system shall allow joining a game by entering a name on the provided URL.,FR
3904,The system shall display the current item being estimated.,FR
3906,The system shall show an indication when an estimator submits an estimate.,FR
3907,The system shall show all estimates simultaneously after everyone submits.,FR
3908,The system shall allow changing estimates until the final reveal.,FR
3909,The system shall display each estimator's prior estimates for the current story.,FR
3910,The system shall show who submitted each estimate in the current round.,FR
3911,The system shall allow initiating a two-minute countdown timer visible to all participants.,FR
3912,The system shall automatically reset the countdown timer after a round completion.,FR
3913,The system shall allow scrolling through past stories and estimates.,FR
3914,The system shall maintain consistent card order across estimation draws.,FR
3915,The system shall allow changing estimates before a draw is complete.,FR
3916,The system shall comply with XHTML and CSS standards (Developer).,NFR
3917,The system shall have a glossary of commonly used terms (Developer).,NFR
3918,The system shall utilize database indexing for performance optimization (Developer).,NFR
3919,The system shall function in specific legacy browsers (Developer).,NFR
3920,The system shall strive for accessibility compliance (Developer).,NFR
3921,The system shall have a responsive user interface (User).,NFR
3922,The system shall support Unicode characters (User).,NFR
3923,The system shall use clear and predictable URLs (User).,NFR
3924,The system shall provide informative error messages (User).,NFR
3925,The system shall store estimation results anonymously for research purposes (Researcher).,NFR
3926,The system shall provide basic usage metrics for administrators,NFR
3927,The system shall allow publishers to sign up for an account to publish data packages.,FR
3928,The system shall allow publishers to import data packages for online storage.,FR
3929,The system shall allow publishers to configure clients for data package publishing.,FR
3930,The system shall allow publishers to publish data packages using a publish command.,FR
3931,The system shall allow publishers to unpublish data packages to hide them from view.,FR
3932,The system shall allow publishers to permanently delete data packages.,FR
3933,The system shall allow publishers to validate data packages before publishing.,FR
3934,The system shall allow publishers to publish data packages with cached resources on the registry server.,FR
3935,The system shall allow publishers to publish data packages in the user interface.,FR
3936,The system shall allow publishers to create data packages in the user interface.,FR
3937,The system shall allow publishers to restore deleted data packages using the command-line interface.,FR
3938,The system shall allow publishers to preview data package views before publishing.,FR
3939,The system shall allow publishers to tag data packages to create snapshots.,FR
3940,The system shall warn publishers when overwriting existing tags.,FR
3941,The system shall allow publishers to overwrite previously tagged data packages.,FR
3942,The system shall allow publishers to version data packages and maintain older versions.,FR
3943,The system shall allow publishers to access previous tagged versions of data packages.,FR
3944,The system shall allow consumers to view data packages online.,FR
3945,The system shall allow consumers to download data packages as a single file.,FR
3946,The system shall allow consumers to search for data packages.,FR
3947,The system shall allow consumers to download data packages in specific versions.,FR
3948,The system shall allow consumers to be notified of changes to specific data packages.,FR
3949,The system shall allow consumers to browse and find publishers.,FR
3950,The system shall allow consumers to view publisher profiles.,FR
3951,The system shall allow consumers to search for data packages by publisher.,FR
3952,The system shall allow admins to invite users to join the platform.,FR
3953,The system shall allow admins to view key usage metrics.,FR
3954,The system shall allow admins to set key configuration parameters for the site.,FR
3955,The system shall allow users to sign up via GitHub or Google.,FR
3956,The system shall provide guidance to new publishers after signup.,FR
3957,The system shall ensure downloaded data is reliable and usable.,FR
3959,The system shall be performant and handle large datasets efficiently.,NFR
3964,The system may be equipped with a pricing plan and billing system.,NFR
3965,"The system shall allow curators to create, manage, and map collections.",FR
3966,The system shall allow curators to set embargo dates and access permissions for collections and items.,FR
3967,The system shall allow curators to configure deposit forms specific to collections.,FR
3968,The system shall allow batch ingest of ETDs with embargo and permission settings.,FR
3969,The system shall allow curators to perform author and item authority control.,FR
3970,The system shall allow curators to move items between collections.,FR
3971,The system shall allow administrators to create and manage deposit groups with access controls.,FR
3972,The system shall allow curators to manage user groups and permissions for collections.,FR
3973,The system shall allow curators to require authentication for object access.,FR
3974,The system shall allow administrators to restore previous versions of objects.,FR
3975,The system shall define data formats accepted for deposit.,FR
3976,The system shall validate data integrity and format compliance during ingest.,FR
3977,The system shall record embargo and access control metadata for items.,FR
3978,The system shall encrypt collection data and maintain checksums for verification.,FR
3979,The system shall track financial responsibility for each item.,FR
3980,The system shall record publication and unpublication events with details.,FR
3981,The system shall allow searching by date range for items.,FR
3982,The system shall display embargo status and release date for items.,FR
3983,The system shall expose descriptive records for ETDs for external use.,FR
3984,The system shall allow browsing collections and viewing item metadata.,FR
3985,The system shall generate reports on storage consumption by financial contact.,FR
3986,The system shall display collection-level replication status on the curator dashboard.,FR
3987,The system shall track and record audit events for repository actions.,FR
3988,The system shall provide administrators with user activity reports.,FR
3989,The system shall provide curators with a dashboard widget for recent submissions.,FR
3990,The system shall allow administrators to download embargo metadata for ETDs.,FR
3991,The system shall integrate with Fedora 4 event auditing services (if feasible).,FR
3992,The system shall integrate with Symplectic Elements for bidirectional communication (if needed).,FR
3993,The system shall support OAI-PMH for repository content exposure.,FR
3994,The system shall provide a Linked Data interface for repository data.,FR
3995,The system shall allow deposit of data in documented folder structures.,FR
3996,The system shall respond to user actions promptly and efficiently.,NFR
3997,The system shall be highly available and accessible to users with minimal downtime.,NFR
3998,The system shall protect user data and repository content with robust security measures.,NFR
4000,The system shall have a user-friendly interface for various user roles.,NFR
4001,The system shall provide continued access in case of server failure.,NFR
4002,User shall include the code of a dataset type in their app artifact and create a dataset of that type when deploying the app.,FR
4003,System shall ensure that dataset instances of a type created during app deployment start using the new code when a new version of the dataset type is deployed.,FR
4004,User shall deploy a new version of a dataset type as part of an app artifact without affecting other datasets of this type.,FR
4005,User shall explore a dataset instance of a type deployed as part of an app.,FR
4006,User shall share a dataset type across multiple applications that include the dataset type's code in their artifacts.,FR
4007,"User shall ensure that when deploying a new version of an app including a shared dataset type, only dataset instances created by that app start using the new code.",FR
4008,"User shall ensure that when deploying a new version of an app including an older version of a dataset type deployed by another app, dataset instances created by this app use the included dataset type code.",FR
4009,"User shall ensure that when deploying a new version of an app including a different version of a dataset type deployed by another app, and if this app shares a dataset instance with the other app, the deployment fails with a version conflict error.",FR
4010,User shall share a dataset type previously deployed as part of an app.,FR
4011,User shall deploy a dataset type independent from any app and allow apps to create and use dataset instances of that type.,FR
4012,System shall provide an archetype to help dataset developers package dataset types properly.,NFR
4013,System shall separate the interface from the implementation of a dataset type.,NFR
4014,System shall ensure that apps can depend on the interface of a dataset type and have the system inject the implementation at runtime.,NFR
4015,System shall allow dataset developers to assign explicit versions to the code of a dataset type.,NFR
4016,System shall ensure that dataset instances created by apps are available as sinks and sources for pipelines.,NFR
4017,System shall provide meaningful error messages when dataset creation or reconfiguration fails due to incompatible properties.,NFR
4018,System shall ensure that all steps required to reconfigure a dataset must be done as a single atomic action.,NFR
4019,System shall tolerate existing datasets if their properties are different but compatible when creating a dataset as part of app deployment.,NFR
4020,System shall provide meaningful error messages when pipeline creation fails due to an existing dataset being incompatible with the pipeline requirements.,NFR
4021,System shall ensure that enabling or disabling explore for a dataset does not result in silent loss of data or data available for explore.,NFR
4022,User shall install the Neurohub node onto a virgin Ubuntu operating system using a script.,FR
4023,User shall test the functionality of a Neurohub installation with a script.,FR
4024,User shall execute acceptance tests against a Neurohub installation and view the results.,FR
4025,User shall digitally record responses made by subjects when completing paper-based forms.,FR
4026,User shall navigate forwards and backwards between log books and log book pages without using the browser's back button.,FR
4027,User shall theme the Web interface graphics/colours as a lab administrator.,FR
4028,User shall install Neurohub dependencies into an Ubuntu 10.04 LTS machine using Ubuntu package management tools.,FR
4029,User shall create log book pages for experiments and attach files or directories to them as a researcher.,FR
4030,User shall upload files prior to attaching them to a log book page via web interface or a mapped network drive.,FR
4031,User shall attach non-attached files to a log book page and receive alerts for unattached files.,FR
4032,User shall download attached files from experiments using a web browser or a network drive.,FR
4033,User shall create log book page templates with bespoke metadata fields as a lab administrator.,FR
4034,User shall have a managed backup protocol for the Neurohub system as a system administrator.,FR
4035,User shall specify metadata for an experiment protocol before creating a file.,FR
4036,User shall move multiple files using the Neurohub file browser.,FR
4037,User shall search and download human-readable experimental protocols.,FR
4038,User shall modify or branch experimental protocols while retaining the original.,FR
4039,User shall view events and equipment bookings within the group as a lab member.,FR
4040,User shall have the system forward important news items to an external mailing list.,FR
4041,User shall view and update an inventory of equipment and consumables.,FR
4042,User shall have a spreadsheet hosted within Neurohub for collaborative editing and cost calculation.,FR
4043,User shall create feedback forms within Neurohub for course feedback.,FR
4044,User shall push posted content to their Twitter feed via Neurohub.,FR
4045,User shall either keep log book entries private or share them with individuals.,FR
4046,"User shall view the workflow plan, execution history, and results recorded in Neurohub while executing a workflow.",FR
4047,System shall provide a seamless and reliable installation process for the Neurohub node.,NFR
4048,System shall ensure the stability and accuracy of acceptance tests executed against Neurohub installations.,NFR
4049,System shall generate comprehensive and easily understandable reports for acceptance test results.,NFR
4050,System shall ensure the security and privacy of log book entries and attached files.,NFR
4051,System shall facilitate easy customization of the Web interface graphics/colours for lab administrators.,NFR
4052,System shall maintain backward compatibility and smooth dependency installation for Ubuntu 10.04 LTS.,NFR
4053,System shall facilitate efficient backup and recovery of Neurohub data for system administrators.,NFR
4054,System shall provide intuitive and user-friendly interfaces for creating log book page templates.,NFR
4055,System shall ensure data integrity and reliability during file uploads and attachments.,NFR
4056,System shall provide robust search functionality for retrieving experimental protocols and files.,NFR
4057,"System shall ensure seamless integration with external tools and services, such as Twitter and Google Calendar.",NFR
4058,System shall provide efficient storage and retrieval mechanisms for large files and datasets.,NFR
4059,System shall enforce access controls and permissions for sharing and managing data.,NFR
4060,System shall support version control and revision history tracking for files and log book entries.,NFR
4061,System shall ensure high availability and reliability of remote access to the Neurohub node.,NFR
4062,System shall provide comprehensive documentation and training resources for users and administrators.,NFR
4063,User shall be able to know exactly what ALFRED does with their personal data and share it only with specific permission.,FR
4064,User shall be able to receive information from ALFRED through speech technology.,FR
4065,User shall be able to use only well-visible buttons.,FR
4066,User shall be able to use ALFRED as much as possible with speech interaction.,FR
4067,User shall always keep control over the activities of ALFRED.,FR
4068,User shall be able to manage privacy and data settings.,FR
4069,"User shall have ALFRED preinstalled, eliminating the need for manual setup.",FR
4070,"User shall have a small, wearable ALFRED device for easy portability.",FR
4071,"User shall have ALFRED installed on all their computers, tablets, and phones.",FR
4072,User shall have ALFRED integrated into a wearable device like a bracelet or necklace.,FR
4073,User shall have access to clear instructions and post-sales service for using ALFRED.,FR
4074,User shall have an ALFRED device that speaks slowly and clearly.,FR
4075,User shall have an ALFRED device that reacts only to their voice.,FR
4076,User shall have an ALFRED device that listens only when prompted.,FR
4077,User shall have an introductory conversation with ALFRED to learn about its functionalities.,FR
4078,User shall be able to purchase ALFRED from senior shops with dedicated client support.,FR
4079,User shall be able to purchase ALFRED at an affordable price.,FR
4080,"User shall receive visual support, especially when viewing lists, maps, or agendas.",FR
4081,User shall be able to use ALFRED for small payments.,FR
4082,User shall have a long-lasting battery for all-day use of ALFRED.,FR
4083,User shall receive alerts from ALFRED about low battery levels when leaving the house.,FR
4084,User shall have an ALFRED device easily adaptable for users with visual or hearing impairments.,FR
4085,User shall have an ALFRED device with options for customization.,FR
4086,User shall be able to zoom into visual content.,FR
4087,User shall have access to new apps in the ALFREDO platform to meet changing demands.,FR
4088,User shall be able to use ALFRED to communicate with friends and family.,FR
4089,User shall have video conversations with others.,FR
4090,User shall have access to a videophone feature.,FR
4091,User shall have ALFRED encourage real interaction between users and not just ICT tools.,FR
4092,User shall receive suggestions for existing apps matching their interests.,FR
4093,User shall be able to customize preferences in ALFRED's functionalities.,FR
4094,System shall provide a seamless and reliable installation process for ALFRED.,NFR
4095,System shall ensure stability and accuracy in acceptance tests for ALFRED.,NFR
4097,System shall ensure security and privacy of log book entries and attached files.,NFR
4098,System shall facilitate easy customization of the Web interface graphics/colors.,NFR
4099,System shall maintain backward compatibility and smooth dependency installation.,NFR
4100,System shall facilitate efficient backup and recovery of ALFRED data.,NFR
4104,System shall ensure seamless integration with external tools and services.,NFR
4107,System shall support version control and revision history tracking.,NFR
4108,System shall ensure high availability and reliability of remote access to ALFRED.,NFR
4109,System shall provide comprehensive documentation and training resources.,NFR
4110,"User shall be able to view a list of sponsors, so that they can thank all the awesome sponsors.",FR
4111,"User shall be able to view a list of user profiles, so that they know who is attending the conference.",FR
4112,"User shall be able to email all the trainers at once from the website for info and updates, so that it is easier to use.",FR
4113,"User shall be able to view a very clear map showing the buildings and rooms, so that they can make it to class on time.",FR
4114,"User shall be able to edit their training node themselves, including links to slides, so that training coordinators don't have to.",FR
4115,"User shall be limited to one registration per day per authenticated user, to prevent duplicate spaces.",FR
4116,"User shall have an admin view to track registration status for each attendee, so that attendance status can be monitored.",FR
4117,"User shall be able to be added to a training waitlist, to be considered for a class.",FR
4118,"User must accept the cancellation terms with a checkbox, to be accountable.",FR
4119,"User shall have a cancellation deadline tied to registration/cancellation workflow, to avoid financial loss.",FR
4120,"User shall be able to add events to ""my schedule"" if there is a schedule feature on the site, to schedule their event experience.",FR
4121,"User shall be able to see which trainings they have signed up for, to plan their event experience.",FR
4122,"User shall have a view showing all attendee information attached to their training node, so trainers can see class attendance.",FR
4123,"User shall have an admin view to show all trainee information, filterable by training session, for easy management.",FR
4124,"User shall have a dedicated page for each class with specific information displayed, for easy class selection.",FR
4125,"User shall have training options clearly marked with all necessary information listed, for easy browsing and selection.",FR
4126,"User shall have a training landing page with an intro section and a list of all training offerings, to easily shop for training.",FR
4127,"User shall have a link on the home page to a list of training options, for easy access.",FR
4128,"User shall be able to find information about the coding lounge location and opening hours, for coding sessions.",FR
4129,"User shall be able to refund sponsorship money processed via Stripe, for financial transactions.",FR
4130,"User shall be able to find a link on the sponsorships page to become a $350 level sponsor, for sponsorship opportunities.",FR
4131,"User shall be able to see a list of attendees associated with a specific company, to identify attendees from the same organization.",FR
4132,"User shall be able to identify and pay for a $350 company sponsorship, for easy sponsorship registration.",FR
4133,"User shall be able to create and maintain venues, to provide location details for events.",FR
4134,"User shall be able to view venue details, to get a sense of the location and see events happening there.",FR
4135,"User shall be able to see a list of sessions associated with sponsor attendees, to engage with sponsors.",FR
4136,"User shall be able to see all events, trainings, and summits sponsored by a specific sponsor, to engage with the sponsor's offerings.",FR
4137,"User shall be able to enter payment information and have their card charged for an individual sponsorship, for easy sponsorship payment.",FR
4138,"User shall be able to link BADCamp attendees to their sponsorship page, to showcase attendance.",FR
4139,"User shall be able to update their user profile, to connect with other Drupalists at BADCamp.",FR
4140,"User shall be able to sign up for the BADCamp newsletter, to stay informed about communications.",FR
4141,"User shall be able to tag blog posts for consumption by Drupal Planet, for increased visibility.",FR
4142,"User shall be able to create blog posts to share information about BADCamp, for public outreach.",FR
4143,"User shall be able to read the blog, to stay informed about BADCamp happenings.",FR
4144,"User shall be able to sponsor a summit matching their brand, for exposure and recognition.",FR
4145,"User shall be able to register for a summit, to reserve a seat.",FR
4146,"User shall be able to get detailed directions to the summit venue, for easy navigation.",FR
4147,"User shall be able to see which summits they're signed up for, to confirm attendance.",FR
4148,"User shall be able to see a list of attendees signed up for a specific summit, for communication purposes.",FR
4149,"User shall be able to list basic information about their summit, to inform potential attendees.",FR
4150,"User shall be able to list sponsors for their summit, to acknowledge support.",FR
4151,"User shall be able to list an agenda for their summit, to entice attendees and presenters.",FR
4152,"User shall be able to see how many seats are left for a summit, to ensure timely registration.",FR
4153,"User shall be able to see specific details on summits, to learn more and register.",FR
4154,"User shall be able to see a list of all summits, to explore available options.",FR
4155,"User shall be able to learn about sponsorship levels, to determine appropriate sponsorship.",FR
4156,"User shall be offered several choices of individual sponsorship on the second page of registration, for easy selection.",FR
4157,"User shall be able to easily find a link in the menu to the registration form, for quick access.",FR
4158,"User shall be able to fill out a user registration form, to register for BADCamp and create an account.",FR
4159,"User shall be able to find session information, to explore available sessions.",FR
4160,System shall provide a user-friendly interface for viewing sponsors and user profiles.,NFR
4161,System shall ensure efficient email communication for trainers via the website.,NFR
4162,System shall provide a clear and easily navigable map interface.,NFR
4163,System shall enable trainers to edit their training nodes independently.,NFR
4164,System shall enforce limitations on duplicate registrations to maintain system integrity.,NFR
4165,System shall offer an intuitive admin view for tracking registration status.,NFR
4166,System shall implement a waitlist feature for training classes.,NFR
4167,System shall include a checkbox for users to accept cancellation terms.,NFR
4168,System shall integrate cancellation deadlines into registration workflows.,NFR
4169,"System shall provide a customizable ""my schedule"" feature.",NFR
4170,System shall offer a comprehensive view of signed-up trainings for users.,NFR
4171,System shall ensure privacy while displaying attendee information to trainers.,NFR
4172,System shall support efficient filtering and management of trainee information for admins.,NFR
4173,System shall generate dedicated pages for each training class.,NFR
4174,System shall clearly mark training options with all necessary information.,NFR
4175,System shall provide a user-friendly landing page for browsing training offerings.,NFR
4176,System shall offer quick access to training options from the home page.,NFR
4177,System shall provide clear information about the coding lounge.,NFR
4178,System shall ensure secure and efficient refund processing via Stripe.,NFR
4179,System shall facilitate easy sponsorship registration and payment.,NFR
4180,System shall enable easy creation and maintenance of venue details.,NFR
4181,System shall offer detailed venue information for user understanding.,NFR
4182,System shall provide comprehensive session information associated with sponsors.,NFR
4183,System shall ensure visibility of all sponsored events for user engagement.,NFR
4184,System shall facilitate convenient payment processing for individual sponsorships.,NFR
4185,System shall enable sponsors to link attendees to their sponsorship page.,NFR
4186,System shall provide a user-friendly interface for updating user profiles.,NFR
4187,System shall facilitate easy signup for the BADCamp newsletter.,NFR
4188,System shall ensure seamless integration with Drupal Planet for blog posts.,NFR
4189,System shall provide an intuitive blog creation interface for administrators.,NFR
4190,System shall offer easy access to the blog for user consumption.,NFR
4191,System shall support sponsorship opportunities matching sponsor brands.,NFR
4192,System shall facilitate smooth registration for summits.,NFR
4193,System shall provide clear directions to summit venues.,NFR
4194,System shall enable users to view their signed-up summits for confirmation.,NFR
4195,System shall offer convenient access to attendee lists for summit coordinators.,NFR
4196,System shall provide a user-friendly interface for listing summit information.,NFR
4197,System shall ensure visibility of sponsors associated with summits.,NFR
4198,System shall enable easy listing of summit agendas.,NFR
4199,System shall display available seats for summits for user convenience.,NFR
4200,System shall provide detailed information on summits for user understanding.,NFR
4201,System shall offer a comprehensive list of available summits for exploration.,NFR
4202,System shall provide clear information on sponsorship levels for user understanding.,NFR
4203,System shall offer multiple individual sponsorship choices during registration.,NFR
4204,System shall ensure easy access to the registration form from the menu.,NFR
4205,System shall provide a user-friendly registration form for ease of registration.,NFR
4206,System shall ensure accessibility to session information for user exploration.,NFR
4207,User shall be able to properly record all metadata for the project.,FR
4208,System shall be able to store metadata accurately and comprehensively.,FR
4209,User shall be able to indicate where data will be stored during and after the project.,FR
4210,System shall be able to manage and track data storage locations throughout its lifecycle.,FR
4211,User shall be able to import metadata captured with a metadata tool into a Data Management Plan (DMP).,FR
4212,System shall be able to seamlessly integrate metadata from external sources into DMPs.,FR
4213,User shall be able to plan the types of data to record and store for the project.,FR
4214,System shall provide guidance and support for recording various data types in the DMP.,FR
4215,User shall be able to document the security requirements of the data.,FR
4216,System shall provide information and tools for users to specify security measures for data.,FR
4217,User shall be able to describe collected datasets used or updated during the project.,FR
4218,System shall maintain updated descriptions of datasets throughout the project lifecycle.,FR
4219,User shall be able to record information about the DMP for review by an Ethics Committee.,FR
4220,System shall store and organize DMP details for ethics compliance review.,FR
4221,User shall be able to access persistent identifiers of datasets provided in the DMP.,FR
4222,System shall facilitate access to persistent identifiers for datasets referenced in the DMP.,FR
4223,User shall be able to prepopulate DMP information from other institutional systems.,FR
4224,System shall automatically populate relevant DMP fields with existing institutional data.,FR
4225,User shall be able to know when the DMP was created or last updated.,FR
4226,System shall display creation and modification timestamps for DMPs.,FR
4227,User shall be able to know who is responsible for the DMP.,FR
4228,System shall provide information on the responsible party for each DMP.,FR
4229,User shall be able to access project proposal references from the DMP.,FR
4230,System shall link project proposal information to corresponding DMPs.,FR
4231,User shall be able to extract administrative information into the DMP for prepopulation.,FR
4232,System shall facilitate the import of administrative data to streamline DMP creation.,FR
4233,User shall be able to access reports containing details of research projects classified as sensitive or highly sensitive.,FR
4234,System shall generate reports on sensitive data classifications for access by designated personnel.,FR
4235,System shall prioritize user-friendly interfaces for easy navigation and data entry.,NFR
4236,System shall ensure data security and compliance with relevant regulations and standards.,NFR
4237,System shall support interoperability with external metadata tools and systems.,NFR
4238,System shall provide robust backup and recovery mechanisms for data reliability.,NFR
4239,System shall facilitate collaboration and data sharing among project stakeholders.,NFR
4240,System shall offer scalability to accommodate varying project sizes and complexities.,NFR
4241,System shall maintain high availability to ensure continuous access to DMPs and associated data.,NFR
4242,System shall provide documentation and support resources for users to effectively utilize DMP functionalities.,NFR
4243,System shall adhere to data preservation standards to ensure long-term accessibility and usability.,NFR
4244,System shall employ role-based access control to safeguard sensitive DMP information.,NFR
4245,System shall facilitate integration with institutional repositories and data catalogues.,NFR
4246,System shall support multilingual capabilities for diverse user needs.,NFR
4247,System shall ensure data integrity and accuracy throughout the DMP lifecycle.,NFR
4248,System shall provide notification and reminders for DMP updates and reviews.,NFR
4249,System shall offer customization options to adapt to different project requirements and workflows.,NFR
4250,System shall facilitate data citation and attribution to promote research integrity and transparency.,NFR
4251,User shall be able to view a finding aid for a particular collection/Resource.,FR
4252,System shall provide functionality to display finding aids for collections/Resources.,FR
4253,User shall be able to reset a User's password for them.,FR
4254,System shall provide an interface for Application Administrators to reset user passwords.,FR
4255,User shall be able to authenticate using LDAP.,FR
4256,System shall support LDAP authentication for user login.,FR
4257,User shall be able to authenticate locally.,FR
4258,System shall provide a local authentication mechanism for user login.,FR
4259,User shall be able to add additional properties for repositories.,FR
4260,System shall allow users to add custom properties to repository records.,FR
4261,User shall be able to create and edit Event records.,FR
4262,System shall provide functionality to create and edit Event records.,FR
4263,User shall be able to manage Digital Objects.,FR
4264,System shall provide tools for managing Digital Objects within the application.,FR
4265,User shall be able to upload an EAD for import from within the frontend application.,FR
4266,System shall support EAD import functionality accessible from the frontend.,FR
4267,User shall be able to import EAD data.,FR
4268,System shall facilitate the import of EAD data into the application.,FR
4269,"User shall be able to create, update, and delete archival descriptions in their repository.",FR
4270,System shall provide CRUD functionality for archival descriptions.,FR
4271,User shall be able to create and update basic archival description information.,FR
4272,System shall support basic archival description creation and updates.,FR
4273,User shall be able to view archival descriptions in their repository.,FR
4274,System shall provide read-only access to archival descriptions.,FR
4275,User shall be able to log in.,FR
4276,System shall provide login functionality for users.,FR
4277,User shall be able to associate an Instance with a Container.,FR
4278,System shall allow users to link Instances with Containers.,FR
4279,User shall be able to assign Location information to a Container.,FR
4280,System shall provide functionality for users to assign Location information to Containers.,FR
4281,System shall ensure secure password reset functionality to protect user accounts.,NFR
4282,System shall support backend changes for managing enum lists efficiently and reliably.,NFR
4283,System shall provide error handling and logging to identify and communicate import errors effectively.,NFR
4284,System shall facilitate bulk updates of enum values with efficient backend changes.,NFR
4285,System shall provide contextual help links accessible to authenticated users.,NFR
4286,System shall display Dates and Extents consistently in both read and edit views for Accessions and Resources.,NFR
4287,System shall offer keyboard-based navigation for rearranging hierarchy elements in the frontend.,NFR
4288,System shall prevent inadvertent overwriting of concurrent changes to records during editing.,NFR
4289,System shall support the creation and editing of Rights Management statements with appropriate permissions.,NFR
4290,System shall allow System Administrators to configure the location of the demo database and implement backup procedures.,NFR
4291,"System shall provide robust search functionality for locating resource, accession, and digital object records within repositories.",NFR
4292,System shall ensure data integrity and reliability during the import and export of archival data.,NFR
4293,System shall support custom importer development for flexible data import options.,NFR
4294,System shall prioritize performance and scalability in managing large datasets and complex record structures.,NFR
4295,System shall enable role-based access control to enforce appropriate permissions for different user roles.,NFR
4296,System shall offer customizable configuration options to meet diverse user needs and preferences.,NFR
4297,System shall ensure compatibility with various data formats and standards for interoperability.,NFR
4298,System shall provide comprehensive documentation and support resources for users and administrators.,NFR
4299,System shall adhere to best practices for data security and privacy protection throughout the application.,NFR
4300,"User shall be able to deposit and maintain datasets through a simple web interface, facilitating ease of use.",FR
4301,System shall provide a user-friendly web interface for depositors to submit and manage datasets without requiring additional software installation.,FR
4302,"User shall be able to deposit datasets through Pure, ensuring a centralized platform for managing research outputs.",FR
4303,System shall integrate with Pure to enable dataset deposition and management within the platform.,FR
4304,User shall be able to deposit datasets through Virtual Research Environments and other workflow tools.,FR
4305,System shall support dataset deposition and management through integration with Virtual Research Environments and other familiar workflow tools.,FR
4306,User shall be able to deposit files without extensive format conversion or version searching.,FR
4307,System shall accept file deposits without requiring complex format conversion and support direct submission of files.,FR
4308,User shall be able to place data under embargo to protect rights of first use and confidentiality responsibilities.,FR
4309,System shall provide functionality for depositors to apply embargoes to datasets.,FR
4310,User shall be able to apply licenses to datasets to protect intellectual property rights.,FR
4311,System shall enable depositors to specify and apply licenses to datasets during deposition.,FR
4312,User shall be able to grant privileged access to collaborators for efficient collaboration.,FR
4313,System shall support privileged access management to enable efficient collaboration among depositors and collaborators.,FR
4314,User shall be able to deposit arbitrarily large files without limitations.,FR
4315,System shall accommodate deposits of arbitrarily large files without size restrictions.,FR
4316,User shall be able to link datasets to publications in Opus for improved discoverability.,FR
4317,System shall provide functionality to link datasets with associated publications in Opus.,FR
4318,User shall be able to mint DOIs for datasets to facilitate discoverability and citation tracking.,FR
4319,System shall facilitate the minting of DOIs for deposited datasets to enhance discoverability and citation tracking.,FR
4320,User shall have metadata automatically filled from University systems and remembered from previous deposits.,FR
4321,System shall automatically populate metadata fields from University systems and remember metadata from previous deposits to streamline deposition.,FR
4322,User shall be able to link datasets to external repositories to avoid duplication of deposition.,FR
4323,System shall support linking datasets to external repositories to streamline deposition processes and avoid duplication.,FR
4324,User shall be able to specify disposal policies for datasets to ensure compliance with laws and agreements.,FR
4325,System shall enable depositors to specify disposal policies for datasets to ensure legal and contractual compliance.,FR
4326,User shall be able to track downloads and citations of deposited datasets to demonstrate impact.,FR
4327,System shall provide tracking mechanisms for downloads and citations of datasets to demonstrate impact.,FR
4328,User shall be able to attach subject-specific metadata to datasets for improved discoverability.,FR
4329,System shall support the attachment of subject-specific metadata to datasets to enhance discoverability within specific research disciplines.,FR
4330,User shall be able to link datasets with project Data Management Plans (DMPs) for compliance demonstration.,FR
4331,System shall facilitate linking datasets with associated project DMPs to demonstrate compliance with data management requirements.,FR
4332,User shall be able to manage and share live research data to maintain workflow continuity.,FR
4333,System shall support the management and sharing of live research data to ensure seamless workflow integration.,FR
4334,User shall be able to manage multiple versions of datasets transparently to maintain research integrity.,FR
4335,System shall provide version control functionality to enable transparent management of multiple dataset versions.,FR
4336,User shall be able to delegate deposition tasks to others on their behalf.,FR
4337,System shall support delegation of deposition tasks to enable efficient management of research data.,FR
4338,"System shall provide a user interface familiar to depositors, integrating seamlessly with existing University systems.",NFR
4339,System shall ensure accessibility of the web interface in the user's native language to eliminate language barriers.,NFR
4340,System shall allow users to examine deposited files and metadata to assess usefulness without downloading entire datasets.,NFR
4341,System shall provide example citations and DOIs for datasets to facilitate correct referencing and future access.,NFR
4342,System shall generate persistent URLs for datasets to ensure easy future access.,NFR
4343,"System shall integrate with Primo for unified search functionality across books, articles, and datasets.",NFR
4344,System shall display different versions of datasets clearly to aid users in selecting the appropriate version.,NFR
4345,"System shall support privileged access for external collaborators, ensuring effective collaboration.",NFR
4346,System shall guarantee protection of IP rights for external collaborators to mitigate collaboration risks.,NFR
4347,System shall provide access to Bath data for external collaborators off-campus to support collaboration.,NFR
4348,"System shall enable direct deposition of facility data into the archive on behalf of researchers, eliminating the need for separate facility archives.",NFR
4349,"System shall perform checks on deposited datasets for quality, compliance, and licensing before public release.",NFR
4350,System shall enforce a minimum set of metadata requirements to ensure consistent metadata quality.,NFR
4351,System shall require approval for scheduled data disposal to prevent accidental loss of required data.,NFR
4352,System shall enable querying of the entire archive for reporting and analysis purposes.,NFR
4353,System shall support wholesale import of Bath data from external data centers to prevent data loss.,NFR
4354,System shall promote the use of open standards for deposition to maximize data reusability.,NFR
4355,System shall integrate with CRIS for impact analysis and funding linkage purposes.,NFR
4356,System shall include records for externally held data to maintain a complete record of the University's data holdings.,NFR
4357,System shall track citation counts for datasets to demonstrate academic impact.,NFR
4358,System shall segment view and download statistics by country and sector to demonstrate broader impact.,NFR
4359,System shall link datasets with project metadata for reporting on project-related data deposits.,NFR
4360,System shall store archived data on existing storage systems for consistency and maintainability.,NFR
4361,System shall integrate with existing University systems such as LDAP for cost-effective administration.,NFR
4362,System shall store archived data directly on the HCP object store to leverage its features.,NFR
4363,System shall allow export of all data to different systems to prevent vendor lock-in.,NFR
4364,System shall support dataset deposition and management via SWORD2 API for interoperability.,NFR
4365,System shall enable persistent web links between articles and underlying datasets for robust research referencing.,NFR
4366,System shall reassure funding bodies of robust archival plans for funded research data to justify investments.,NFR
4367,System shall harvest metadata on funded research outputs for analysis and strategy refinement.,NFR
4368,"The system shall allow repository managers to create, describe, and update collections.",FR
4369,The system shall allow repository managers to define access controls for collections.,FR
4370,The system shall allow curators to compose collections based on various criteria.,FR
4371,The system shall allow curators to establish relationships between collections.,FR
4372,The system shall allow listing and browsing of collections by users and repository managers.,FR
4373,"The system shall allow repository managers to create, describe, and update objects.",FR
4374,"The system shall allow associating names, subjects, and rights information with objects.",FR
4375,The system shall allow indicating external descriptions and versions of objects.,FR
4376,The system shall allow listing and browsing of objects by users and repository managers.,FR
4377,The system shall allow repository managers to define and describe object components.,FR
4378,The system shall allow linking components to objects and other components.,FR
4379,"The system shall allow associating names, subjects, and rights information with components.",FR
4380,The system shall allow listing and browsing of object components by users and repository managers.,FR
4381,The system shall allow repository managers to associate content files with objects and components.,FR
4382,The system shall track checksums for content files.,FR
4383,The system shall provide preservation managers with information for monitoring file integrity.,FR
4384,The system shall allow users to access content files based on access permissions.,FR
4385,"The system shall support various metadata elements for collections, objects, components, and files.",FR
4386,The system shall track changes made to metadata over time.,FR
4387,The system shall allow searching for resources based on various metadata criteria.,FR
4388,"The system shall allow repository managers to define access controls for collections, objects, and components.",FR
4389,The system shall restrict access to resources based on user roles and permissions.,FR
4390,The system shall allow indicating relationships between collections and objects.,FR
4391,"The system shall allow users to search for collections, objects, and components by various criteria.",FR
4392,The system shall allow users to browse collections and view object and component details.,FR
4393,"The system shall track events related to collections, objects, components, and files.",FR
4394,"The system shall record details about events, including agents, timestamps, and outcomes.",FR
4396,The system shall protect repository content and user data with robust security measures.,NFR
4397,The system shall be scalable to accommodate a growing volume of data and users.,NFR
4399,The system shall allow archivists to apply licenses and rights statements to files.,FR
4400,The system shall allow archivists to mark individual and groups of files as restricted.,FR
4401,"The system shall allow archivists to set restrictions based on dates, IP addresses, or users.",FR
4402,The system shall allow archivists to upload single and groups of files.,FR
4403,The system shall allow archivists to automatically create access copies and technical metadata for files.,FR
4404,The system shall allow assistant archivists to upload staff-generated working papers.,FR
4405,The system shall allow archivists to distinguish between preservation and access digital objects.,FR
4406,The system shall allow archivists to link electronic publications to citations.,FR
4407,The system shall allow archivists to create quality scans and automatically generate access derivatives.,FR
4408,The system shall allow archivists to automatically assign unique identifiers and embed metadata in files.,FR
4409,The system shall allow archivists to rotate images and perform basic image adjustments.,FR
4410,The system shall allow donor representatives to submit incremental accruals to collections.,FR
4411,The system shall allow archivists to manage scans of archival material and loan documentation.,FR
4412,The system shall allow researchers to generate citations and share links to files.,FR
4413,The system shall display copyright status and clear citation information for files.,FR
4414,"The system shall allow researchers to download files, reports, and locate materials for social media sharing.",FR
4415,The system shall allow researchers to request analog versions and order copies of digital objects.,FR
4416,The system shall notify researchers if requested materials are already digitized.,FR
4417,The system shall allow researchers to stream audio/video files and export descriptive data.,FR
4418,"The system shall allow searching files by keyword, tag, and across collections.",FR
4419,The system shall allow browsing through files in collections.,FR
4420,The system shall allow researchers to search OCRed text in digitized documents.,FR
4421,The system shall display the date of digitization for files.,FR
4422,The system shall allow keyword searching across scanned diaries.,FR
4423,The system shall allow researchers to view thumbnails and film clips.,FR
4424,The system shall allow archivists to search images by various criteria.,FR
4425,The system shall allow archivists to search non-public finding aids and view collection files.,FR
4426,The system shall allow archivists to search by material type and image using image upload.,FR
4427,The system shall allow archivists to track file usage and provide access to unprocessed materials.,FR
4428,"The system shall allow administrators to create user groups, roles, assign users, and manage access rights.",FR
4429,The system shall allow integration with Active Directory for user login and password resets.,FR
4430,The system shall allow administrators to control the visibility of specific metadata fields for different user groups.,FR
4431,"The system shall be user-friendly for various user roles (archivists, researchers, donors).",NFR
4432,The system shall provide clear and informative messages to users.,NFR
4433,"The system performance shall be responsive for uploading, searching, and downloading files.",NFR
4434,Library staff shall create collections.,FR
4435,Curators shall manage collections and set access permissions.,FR
4436,Curators shall configure deposit forms for collections.,FR
4437,System shall allow batch ingest of ETDs.,FR
4438,Curators shall perform author and item authority control.,FR
4439,Curators shall move items between collections.,FR
4440,Administrators shall create deposit groups.,FR
4441,Curators shall manage user groups and permissions.,FR
4442,Curators shall require authentication for object access.,FR
4443,Administrators shall restore previous versions of objects.,FR
4444,System shall define accepted data formats for deposit.,FR
4445,System shall validate data integrity and format compliance.,FR
4446,System shall record embargo and access control metadata.,FR
4447,System shall encrypt collection data and maintain checksums.,FR
4448,System shall track financial responsibility for each item.,FR
4449,System shall record publication and unpublication events.,FR
4450,System shall allow searching by date range for items.,FR
4451,System shall display embargo status and release date for items.,FR
4452,System shall expose descriptive records for external use.,FR
4453,System shall allow browsing collections and viewing metadata.,FR
4454,System shall generate reports on storage consumption.,FR
4455,System shall display collection-level replication status.,FR
4456,System shall track and record audit events.,FR
4457,System shall provide user activity reports.,FR
4458,System shall provide a dashboard widget for recent submissions.,FR
4459,Administrators shall download embargo metadata for ETDs.,FR
4460,System shall integrate with designated external services (if feasible).,FR
4461,System shall support OAI-PMH for repository content exposure.,FR
4462,System shall provide a Linked Data interface for repository data.,FR
4463,System shall allow deposit of data in documented folder structures.,FR
4464,System shall respond to user actions promptly.,NFR
4465,System shall be highly available with minimal downtime.,NFR
4466,System shall protect user data and repository content.,NFR
4467,System shall scale to accommodate growth.,NFR
4468,System shall have a user-friendly interface for various user roles.,NFR
4469,System shall provide continued access in case of server failure.,NFR
4470,System shall allow browsing content by author or subject area.,NFR
4471,System shall support a variety of media file and text-based formats.,NFR
4472,System shall allow users to assign CC licenses to files.,NFR
4473,System shall preserve both content and metadata within the repository.,NFR
4474,System shall allow uploading new versions of items while maintaining access to old versions.,NFR
4475,"The system shall allow searching music by content identification, profile similarity, similar music/video, enriched metadata, and image tags.",FR
4476,The system shall allow users to upload tagged videos for processing.,FR
4477,The system shall allow browsing video thumbnails and segments.,FR
4478,The system shall provide information about similar video items and segments based on content or perception.,FR
4479,"The system shall recommend content based on user profiles, news events, and image/video similarity.",FR
4480,The system shall allow searching content using automatic speech recognition.,FR
4481,"The system shall display information about people, products, brands, and broadcaster logos identified in videos.",FR
4482,The system shall recommend videos based on uploaded pictures or geographical location.,FR
4483,The system shall allow admins to validate and edit video segmentation.,FR
4484,The system shall allow annotating news videos and assigning topics.,FR
4485,The system shall allow filtering and ranking videos based on audio/visual quality.,FR
4486,The system shall assess pre-upload audio for editing indications.,FR
4487,The system shall prefilter nudity content.,FR
4488,"The system shall prefilter content using low-level and high-level asset information (metadata, tags).",FR
4489,The system shall automatically validate ingested content for copyright infringement.,FR
4490,"The system shall assess image interest/complexity based on analysis, annotations, and comments.",FR
4491,The system shall prompt scientists to review subjects based on annotations and comments.,FR
4492,The system shall identify volunteer types.,FR
4493,The system shall pre-classify Galaxy Zoo images using low-level features.,FR
4494,The system shall detect unclassifiable animal images in Snapshot Serengeti.,FR
4495,The system shall detect timestamping malfunctions and perform automatic series detection in Snapshot Serengeti images.,FR
4496,The system shall perform automatic animal species and attribute pre-classification in Snapshot Serengeti.,FR
4497,The system shall perform automatic animal number detection in Snapshot Serengeti.,FR
4498,The system shall perform automatic plankton segmentation/localization in Plankton Portal.,FR
4499,The system shall detect images with no classifiable plankton in Plankton Portal.,FR
4500,The system shall perform automatic plankton size/orientation detection in Plankton Portal images.,FR
4501,The system shall perform automatic plankton species pre-classification in Plankton Portal images.,FR
4502,The system shall perform automatic worm motion analysis to reduce video duration in Worm Watch Lab.,FR
4503,The system shall automatically detect egg-laying time in Worm Watch Lab videos.,FR
4504,"The system shall detect flood areas, damage, shelters, blocked roads in satellite images.",FR
4505,The system shall assess volunteer classification weight based on experience.,FR
4506,The system shall pre-filter images to remove artifacts.,FR
4507,The system shall detect moving objects in images.,FR
4508,The system shall remove background noise from audio files.,FR
4509,The system shall group similar whale calls.,FR
4510,The system shall identify the number of whales in audio files.,FR
4511,"The system shall determine when to interrupt a volunteer and suggest intervention method (text, image, video).",FR
4512,"The system shall determine when to educate a volunteer and suggest education method (text, image, video).",FR
4513,The system shall recommend appropriate educational resources for volunteers.,FR
4514,The system shall identify interesting volunteer comments on subjects.,FR
4515,The system shall determine when Zoonibot should comment or provide explanations to volunteers.,FR
4516,The system shall provide a user-friendly interface for various user roles.,NFR
4518,The system shall perform content processing tasks efficiently.,NFR
4519,User shall be able to register complaints with the police.,FR
4520,System shall facilitate interaction and information exchange between police and complainants.,FR
4521,"System shall store complaint details, evidence, and facts.",FR
4522,System shall generate a unique identifier for each registered complaint.,FR
4523,User shall be able to initiate the investigation process for registered complaints.,FR
4524,System shall automate tasks related to investigation after initial entries are made during registration.,FR
4525,System shall track progress and updates of ongoing investigations.,FR
4526,System shall generate reports on the status of investigations.,FR
4527,User shall be able to record entries of court interactions.,FR
4528,System shall facilitate the interface between police personnel and the courts.,FR
4529,System shall maintain a record of court proceedings related to cases.,FR
4530,User shall be able to execute basic or advanced searches on cases.,FR
4531,"System shall provide search functionality based on criteria such as person, type of crime, modus operandi, etc.",FR
4532,System shall customize search results by criminal/accused or by cases.,FR
4533,System shall execute different types of queries for reporting purposes.,FR
4534,User shall be able to exchange information with police units/personnel.,FR
4535,System shall facilitate information exchange between citizens and police.,FR
4536,System shall respond to citizen inquiries with minimal turnaround time.,FR
4537,User shall be able to navigate through the CCTNS application.,FR
4538,"System shall provide role-based landing pages showing relevant information such as assigned cases, alerts, and pending tasks.",FR
4539,System shall help police personnel in planning and executing tasks efficiently.,FR
4540,User shall be able to configure application settings according to state requirements.,FR
4541,System shall maintain data elements and rules up to date.,FR
4542,"System shall allow creation, updating, and deletion of state-specific data elements such as acts, sections, castes, tribes, etc.",FR
4543,User shall be able to access detailed context-sensitive help material for all actions and scenarios.,NFR
4544,System shall provide help material accessible in both offline and online modes.,NFR
4545,User shall be able to log defects or enhancement requests and track them.,NFR
4546,"System shall send alerts (e.g., email, SMS) to users regarding actions taken on alerts upon user request.",NFR
4547,System shall enable users to track submitted defect or enhancement requests.,NFR
4548,"System shall allow help-desk users to view reports on submitted defects or enhancement requests category-wise, status-wise, and age-wise.",NFR
4549,Support solution shall be accessible both within and outside the application through a browser interface.,NFR
4550,"System shall maintain an unalterable audit trail capturing actions taken on critical entities, users initiating actions, and date/time of events.",NFR
4551,Audit trail functionality must be activated without manual intervention.,NFR
4552,System must maintain audit trail for at least the life of associated cases and make it accessible on request.,NFR
4553,Audit trail data must be available for inspection and export for specified cases.,NFR
4554,System must capture and store violations and attempted violations of access control mechanisms.,NFR
4555,"System must provide reports for actions on cases organized by case, user, and in chronological sequence.",NFR
4556,System shall allow users to limit access to cases to specified users or user groups.,NFR
4557,System shall provide role-based control for functionalities within the system.,NFR
4558,System shall allow a user to be a member of more than one group.,NFR
4559,Only admin-users shall set up user profiles and allocate users to groups.,NFR
4560,System shall allow changes to security attributes for groups or users by super-users only.,NFR
4561,"When users lack access to a case, system shall provide appropriate responses selectable at configuration time.",NFR
4562,System shall never include unauthorized records in search results.,NFR
4563,Unauthorized attempts to access cases must be logged in the audit trail.,NFR
4564,All access to cases and related activities must be stored in the audit trail for legal admissibility and data recovery.,NFR
4565,All error messages must be meaningful and accompanied by explanatory text.,NFR
4566,System must employ a consistent user interface look and feel.,NFR
4567,System must display multiple entities simultaneously.,NFR
4568,"Interfaces must be customizable and user-configurable, saving configurations in user profiles.",NFR
4569,System interface must be compatible with specialist software and suitable for users with special needs.,NFR
4570,System must provide easy-to-use End User and Administrator functions.,NFR
4571,"Defaults for data entry must be persistent and include user-definable, previous, and context-derived values.",NFR
4572,Frequently-executed transactions must be completed with minimal interactions.,NFR
4573,"System interfaces must allow customization, including menu contents, screen layout, function keys, colors, and fonts.",NFR
4574,"User shall be able to create accounts to store profiles, contact info, purchase history, and confirm orders.",FR
4575,System shall ensure security of customer accounts and resist tampering.,FR
4576,"Customer accounts will include customer profiles, contact info, purchase history, and order confirmation.",FR
4577,"Customers can register, log in, and log out of their accounts.",FR
4578,Customer profiles shall include payment and address information.,FR
4579,Products will be organized into multi-tiered categories in inventory management.,FR
4580,"Administrators can update categories, products, and product details.",FR
4581,Customers shall add products to the shopping cart.,FR
4582,Shopping cart will display item count and total cost.,FR
4583,Customers can add or remove products from the shopping cart before checkout.,FR
4584,Customers can review and confirm orders before checkout.,FR
4585,Customers can revise and update orders if incorrect.,FR
4586,Customers shall receive a confirmation email with order details.,FR
4587,Interface will be presented in a web browser.,FR
4588,Interface must be consistent and intuitive across different web browsers.,FR
4589,Customers shall browse categories and products easily.,FR
4590,Interface will be compatible with major web browsers.,FR
4591,System shall feature an API for customers to build custom plug-ins.,FR
4592,Plug-ins can interact with the system via the plug-in API.,FR
4593,Plug-in API will be well-documented for plug-in developers.,FR
4594,User shall be able to deploy the system within 1 minute upon USB connection.,NFR
4595,System shall handle 1000 concurrent logged-in customers.,NFR
4596,System shall retrieve 200 products per second.,NFR
4597,System shall add products to the shopping cart within 2ms.,NFR
4598,System shall search for specified products within 1 second.,NFR
4599,System shall email customers and vendors within 1 second.,NFR
4600,System shall validate credit cards within 2 seconds.,NFR
4601,System shall acquire shipping charges within 2 seconds.,NFR
4602,System shall restore 1000 records per second.,NFR
4603,System shall perform periodic backups via live internet connection.,NFR
4604,System shall validate credit cards against fraud.,NFR
4605,System shall encrypt all sensitive information via HTTPS.,NFR
4606,System shall encrypt all customer data in the database.,NFR
4607,System shall auto-detect and block IP DOS attacks.,NFR
4608,System shall detect consecutive failed login attempts.,NFR
4609,System shall be protected by Firestarter open source firewall.,NFR
4610,System shall have an availability of 99.99%.,NFR
4611,System shall perform searches using Dijkstra's shortest path algorithm.,NFR
4612,System shall validate existing credit cards for returning customers after each login.,NFR
4613,System shall automatically compress large image files.,NFR
4614,System shall employ on-demand asynchronous loading for faster page execution.,NFR
4615,System shall validate email address existence.,NFR
4616,System shall be easy to use.,NFR
4617,System shall be easy to learn.,NFR
4618,System shall utilize help bubbles for assistance.,NFR
4619,System shall employ easy-to-locate buttons.,NFR
4620,System shall prompt customers with clear error messages.,NFR
4621,System shall utilize consistent symbols and colors for notifications.,NFR
4622,System shall utilize interchangeable plugins.,NFR
4623,System shall be easily updatable for fixes and patches.,NFR
4624,"System shall create logs of all changes, updates, or fixes.",NFR
4625,System shall be easy to upgrade.,NFR
4626,System shall be extremely portable via USB drive.,NFR
4627,System shall be easy to migrate or backup via another USB drive.,NFR
4628,System shall be able to run under debug mode.,NFR
4629,System shall be able to run test credit card transactions.,NFR
4630,System shall be able to run test shipping orders.,NFR
4631,System shall be able to create a test environment of the web order system.,NFR
4632,User shall be able to transfer assets within the same department without requiring any request.,FR
4633,"User shall be able to transfer assets between departments with approval from a DA group member and a faculty group member, unless initiated by a higher-level group.",FR
4634,"User shall be able to transfer assets between faculties with approval from a faculty group or higher-level group, with requests initiated by any authorized user.",FR
4635,User shall require approval from the university group for asset transfers outside the university.,FR
4636,"User shall be able to edit assets belonging to their department if authorized, at administrative, faculty, or university levels.",FR
4637,"User shall be able to modify all fields of an asset except IDs, and bulk entry files can be used for modifications.",FR
4638,"User shall be able to add inventory assets, with DA group members or authorized inventory group members adding assets owned by the department.",FR
4639,"User shall be able to add inventory assets related to all departments if a faculty member, or all assets if a university group member, with bulk entry options available.",FR
4640,"User shall be able to create requests to borrow assets or reserve locations, with requests made by any authorized user and pending approval from an administrative level user.",FR
4641,User shall check returned assets and update the inventory if an inventory user.,FR
4642,IT group members can create new spaces and modify floor structures upon exception request from any administrative level.,FR
4643,"Any administrative level or authorized inventory group member can view and approve pending requests, with users notified by email upon request treatment and updates made to the waiting for execution list.",FR
4644,"Authentication shall be done by username and password for all users, with administrative levels accessing administration computers.",FR
4645,"Any administrative level user can delegate actions to another user, acquiring the role of inventory administrator.",FR
4646,"Output reports include asset reports by location, request reports, and user permission reports.",FR
4647,"User shall ensure that the learning time for the application is between 2 to 4 hours, catering to working students.",NFR
4648,Web interface shall use clear and consistent terminology for ease of use by users with basic internet and office experience.,NFR
4649,"The application should be available at all working hours, with maintenance or backup operations conducted outside of working hours.",NFR
4650,"The application should be installable on Microsoft or Unix platforms and compatible with browsers such as IE, Firefox, Chrome, Opera, or Safari.",NFR
4651,"User authentication shall be done via username and password, with permissions assigned according to user roles.",NFR
4652,Only IT team members can access and maintain database servers locally.,NFR
4653,Queries exceeding 1 minute should be terminated.,NFR
4654,Backup operations should be executed periodically to ensure data safety.,NFR
4655,The system should be designed to facilitate future evolution and maintenance operations.,NFR
4656,User shall control heating and cooling units defined in the THEMAS system.,FR
4657,System shall read initialization data to derive definitions of heating and cooling units.,FR
4658,System shall use initialization data to determine heating and cooling units in the system.,FR
4659,System shall load thermostat definitions from initialization data.,FR
4660,System shall identify each thermostat using unique identifiers.,FR
4661,System shall load maximum number of concurrently running heating or cooling units from initialization data.,FR
4662,System shall set trigger values for turning heating or cooling units on or off based on initialization data.,FR
4663,System shall set overtemperature values to prevent temperature deviations beyond 3 degrees Fahrenheit.,FR
4664,System shall establish valid temperature range based on initialization data.,FR
4665,"Upon initialization, system shall turn off all heating and cooling units and check thermostat settings.",FR
4666,System shall process current temperature values and thermostat settings to determine if heating or cooling units need to be turned on.,FR
4667,System shall validate temperature data from thermostats to ensure it is within specified range.,FR
4668,System shall recognize and process both current temperature and temperature setting data from thermostats.,FR
4669,System shall output invalid temperature status if temperature data is outside valid range.,FR
4670,System shall output valid temperature status if temperature data is within valid range.,FR
4671,System shall determine when reported temperature exceeds specified limits and generate appropriate alarms.,FR
4672,System shall compare reported temperature to temperature setting to detect temperature limit exceedance.,FR
4673,System shall output temperature trigger exceeded status if temperature limit is exceeded.,FR
4674,System shall output temperature limit exceeded status if temperature limit is exceeded.,FR
4675,System shall activate heating or cooling units based on temperature trigger exceedance.,FR
4676,System shall process temperature data to determine if heating or cooling unit activation is necessary.,FR
4677,System shall output request to turn on or off heating or cooling unit based on temperature data.,FR
4678,System shall provide necessary control signals to heating or cooling units upon request.,FR
4679,System shall generate event data for changes in heating or cooling unit status.,FR
4680,System shall generate alarm data for invalid temperature values or temperature limit exceedance.,FR
4681,System shall output alarm data and record alarm events for system monitoring.,FR
4682,System shall identify and generate appropriate event data for each event occurrence.,FR
4683,System shall record event descriptions and timestamps in a database for future reference.,FR
4684,System shall provide supervisor interface to change thermostat settings.,FR
4685,Supervisor shall select thermostat and desired temperature setting from available options.,FR
4686,System shall generate reports on operational history and statistical summaries.,FR
4687,Supervisor shall select type of report and specify file location.,FR
4688,System shall generate reports based on selected parameters.,FR
4689,User shall be able to create a new account by entering basic details like address and phone numbers.,FR
4690,"System shall be able to contact the server to create and add a new user, updating necessary details in the database.",FR
4691,"User shall be able to autofill details using accounts from Google, LinkedIn, Facebook, or Yahoo.",FR
4692,System shall direct the user to respective account pages for login and terms acceptance.,FR
4693,User shall be able to check the validity of their Freecharge and bank accounts.,FR
4694,System shall verify account authorization and initiate transaction dialog upon acceptance.,FR
4695,User shall be able to check their bank account balance before making a transaction.,FR
4696,System shall display an error message and return the cash card if the account has insufficient funds.,FR
4697,User shall be able to validate their cash card for transactions.,FR
4698,"System shall check the validity of the entered bank account, displaying error messages if invalid.",FR
4699,User shall be able to perform transactions with Freecharge.,FR
4700,System shall log transaction IDs securely and update log files accordingly.,FR
4701,User shall be able to access their bank account through Freecharge.,FR
4702,System shall verify user credentials with the bank databases and accept or reject authorization.,FR
4703,User shall be able to participate in the cashback system by making transactions.,FR
4704,System shall provide limited-time cashback offers valid during specific intervals.,FR
4705,User shall be able to provide feedback through the feedback option.,FR
4706,System shall save user feedback into the database and display a confirmation message.,FR
4707,User shall be able to recover their password using the forgot password function.,FR
4708,System shall send an email to the registered email-id for password reset upon request.,FR
4709,User shall be able to access FAQs through the help function.,FR
4710,System shall search for and display related FAQs based on user-entered keywords.,FR
4711,User shall be able to request refunds for products.,FR
4712,"System shall store and process refund requests in the database, providing status updates to users.",FR
4713,User shall be able to access the system using a web browser without restrictions.,NFR
4714,"System shall be available at all times, with downtime limited to server maintenance.",NFR
4715,"In case of hardware failure or database corruption, a replacement page will be displayed, and backups will be retrieved and saved by the administrator.",NFR
4716,User shall be able to transact securely with confidential customer information.,NFR
4717,System shall use SSL for all transactions involving confidential data.,NFR
4718,System shall automatically log out customers after a period of inactivity.,NFR
4719,System shall not store user passwords in cookies on the customer’s computer.,NFR
4720,Access to the system's back-end servers shall be restricted to authenticated administrators.,NFR
4721,User shall experience reliable data storage and automatic switchover in case of redundant computer failure.,NFR
4722,System reliability hinges on continuous backup maintenance and updates to reflect recent changes.,NFR
4723,"Commercial databases and application servers shall maintain the system's database, with efficient reinitialization in case of failure.",NFR
4724,User shall be able to log into the system with username and password.,FR
4725,System shall authenticate users based on username and password.,FR
4726,User shall be able to check their rosters (administrator and employee).,FR
4727,System shall generate weekly rosters for employees (administrator function).,FR
4728,User shall be able to maintain daily logs (employee function).,FR
4729,User shall be able to select their availability (employee function).,FR
4730,User shall be able to make a booking (client function).,FR
4731,User shall be able to check their booking status (client function).,FR
4732,System shall calculate fares (client function).,FR
4733,User shall be able to view driver history (client function).,FR
4734,User shall be able to change their password (client function).,FR
4735,System shall send a temporary password to the user's email for password reset (client function).,FR
4736,"Administrator shall be able to print reports (annually, weekly, daily).",FR
4737,Administrator shall be able to check feedbacks.,FR
4738,Administrator shall be able to send newsletters to clients.,FR
4739,Administrator shall be able to manage user accounts.,FR
4740,Administrator shall be able to change the super password.,FR
4741,System shall keep track of user activity through sessions.,FR
4742,System shall record client booking requests.,FR
4743,System shall check vehicle availability for booking.,FR
4744,System shall maintain a history of bookings.,FR
4745,System shall record client feedback.,FR
4746,System shall send a notification email to the client upon booking confirmation.,FR
4747,"Database shall accommodate at least 10,000 client records.",NFR
4748,System shall support concurrent users.,NFR
4749,System shall utilize cryptographic techniques for user authentication (future version).,NFR
4750,System shall keep error tracking logs to aid users.,NFR
4751,System shall restrict communication during user/license validation (use https).,NFR
4752,System shall be easy to port to other environments (developed with Apache).,NFR
4753,User shall be able to reset all options and user variables to defaults.,NFR
4754,System shall commit all user variable data to the database upon entry.,NFR
4755,System shall prevent data corruption through backup procedures.,NFR
4756,System shall have a logical interface for ease of use and common tasks.,NFR
4757,System shall employ error prevention through sanity checks and limited free-text input.,NFR
4758,System shall rebuild cached data on every startup.,NFR
4759,System shall assign default system data values when necessary.,NFR
4760,"System shall allow input of numbers, operands, special symbols, and letters.",NFR
4761,User shall be able to view information about various subjects offered.,FR
4762,"System shall be able to maintain and display subject details including code, name, type, semester, and credits.",FR
4763,User shall be able to manage student information.,FR
4764,"System shall allow creation, modification, and deletion of student records, including enrollment number, name, and year of enrollment.",FR
4765,User shall be able to list all students enrolled in a specific year.,FR
4766,System shall provide functionality to list all students enrolled in a particular year.,FR
4767,User shall be able to view student subject choice information.,FR
4768,System shall maintain and display elective subject choices made by students for different semesters.,FR
4769,User shall be able to manage marks information.,FR
4770,"System shall maintain and display marks obtained by students in different semesters, including internal and external marks, total marks, and credits.",FR
4771,User shall be able to generate mark sheets for students.,FR
4772,System shall automatically generate mark sheets for students in different semesters.,FR
4773,User shall be able to generate various reports.,FR
4774,"System shall generate reports including student lists for each year, student subject choice lists for each batch year, semester-wise mark lists, and rank-wise lists.",FR
4775,System shall be user-friendly and easy to navigate.,NFR
4776,System shall be highly available and reliable with minimal downtime.,NFR
4777,System shall have procedures for data backup and disaster recovery.,NFR
4778,System shall ensure data privacy and security.,NFR
4779,System shall be accessible to users with disabilities.,NFR
4780,System shall be extensible to accommodate future features and customizations.,NFR
4781,System shall perform well under expected load conditions.,NFR
4782,System shall be compatible with specified platforms.,NFR
4783,System components shall be reusable in other applications.,NFR
4784,System shall be easy to operate and manage.,NFR
4785,Student and instructor shall be able to login with ID and password. (Level 0),FR
4786,System shall identify user and grant permission based on user type (instructor/student). (Level 1),FR
4787,System shall verify user eligibility to access functions based on permission. (Level 1),FR
4788,"User shall be able to register with ID, password, PIN, email, and ticket number. (Level 1)",FR
4789,System shall check course prerequisites upon student registration. (Level 1),FR
4790,System shall notify user via email. (Level 1),FR
4791,Instructor shall be able to edit class attributes. (Level 1),FR
4792,System shall retrieve current class attributes and allow edits. (Level 1),FR
4793,System shall store new class attributes. (Level 1),FR
4794,User shall be able to generate reports on student course information. (Level 1),FR
4795,"System shall retrieve student information, email address, class attributes, and scores. (Level 1)",FR
4796,System shall generate student class information reports. (Level 1),FR
4797,System shall be able to handle and support the total number of students enrolled in CSUN.,NFR
4798,A server shall host the Swiggy App and provide system data processing and storage capability.,FR
4803,Customer Shall be able to login or skip from registration to enter the menu dashboard.,FR
4804,Customer shall be able to view nearby restaurants(Specified Distance).,FR
4805,Customers shall be able to choose their favourite restaurant or restaurant they wish to order food.,FR
4806,Customer shall be able to view menu and categories and subcategories involved.,FR
4807,Customer shall be able to order foods and add to cart.,FR
4808,Customer shall be able to remove orders from cart.,FR
4809,Customer shall be able to navigate between menu and can add items to cart.,FR
4810,Customer shall be able to engage bill mode to finalize payment through their chosen menu by cash.,FR
4811,Customer shall be able to disengage bill mode to cancel the billing process through their chosen menu by card.,FR
4812,Customer shall be able to cancel the order.,FR
4813,"When in billing mode, app shall display a representation of a cash payment for the item ordered.",FR
4814,"When in billing mode, app shall display a representation of a bank card payment for each customer.",FR
4815,Customer shall be able to order items from wallet amount.,FR
4816,"Customer shall be able to cancel an order and if canceled, money will be transferred to wallet to order food for next time (If Card Payment).",FR
4817,Customer shall be able to receive delivery boy details once the order is picked up.,FR
4818,Customer shall be able to track the delivery boy details.,FR
4819,Customer shall be able to give ratings for the restaurant and delivery boy.,FR
4820,Customer shall be able to favorite the restaurant.,FR
4821,"Customer receives notifications for order accepted, once order is picked up, and delivered.",FR
4822,Customer shall be able to use offers for restaurants they have chosen.,FR
4823,Restaurant shall be able to CRUD items from its menu.,FR
4824,Restaurant shall be able to receive orders from customers.,FR
4825,Restaurant shall be able to view the orders which have been ordered by customers.,FR
4826,Restaurant shall be able to accept or cancel orders depending on the order received and availability of items.,FR
4827,Restaurant shall be able to assign a delivery boy to deliver an order.,FR
4828,Restaurant shall be able to receive acknowledgment from the Delivery Boy.,FR
4829,Restaurant shall be able to view the payment.,FR
4830,Restaurant shall be able to receive notifications once an order is delivered.,FR
4831,Restaurant shall be able to give offers.,FR
4833,Delivery boy shall be able to receive incoming requests from restaurants.,FR
4834,Delivery boy shall be able to acknowledge the request.,FR
4835,Delivery boy shall be able to acknowledge the request within 3 seconds of time.,FR
4837,Delivery boy shall be able to reach the restaurant and check order details.,FR
4838,Delivery boy shall be able to receive customer details from the restaurant.,FR
4839,Delivery boy shall be able to pick up and deliver the order to the customer.,FR
4840,Delivery boy shall be able to receive ratings from customers.,FR
4841,Delivery boy shall be able to receive notifications for restaurant details and customer payment details.,FR
4842,Delivery boy shall be able to receive payment if the order is done with cash.,FR
4845,Admin shall be able to manage accounts.,FR
4846,Admin shall be able to CRUD items for restaurants.,FR
4847,Admin shall be able to manage restaurant details.,FR
4848,Admin shall be able to manage restaurant ratings and reviews.,FR
4850,Admin shall be able to display top-rated restaurants.,FR
4851,Admin shall be able to display offers for specific restaurants.,FR
4852,Admin shall be able to facilitate contact between delivery boys and restaurants to replace or cancel orders if items are unavailable.,FR
4853,Admin shall be able to add promo codes and offers.,FR
4854,"Dispute panel shall be able to reassign the order in the case, if the delivery boy dint acknowledge the request.",FR
4855,"Dispute panel shall manage, if the customer needs replacement of the order or cancellation of the order in case of order not available.",FR
4859,The system shall be able to use the app in different platforms like different versions of OS/Mobiles. ,NFR
4860,The system shall be able to do the authentication process for login and payment through bankcard. ,NFR
4861,The user shall be able to do payment with a secured bank payment mode. ,NFR
4862,The system shall be able to do encryption and decryption of data for the password which is given by the user for login.,NFR
4865,"The server shall be capable of supporting no less than 200 concurrent connections from any combination of computers, tablets, and displays.",NFR
4868,"The server shall have at least 4 vCPUs, either x86_64 or arm64 architecture.",FR
4869,"The server shall have a supported version of a common Linux distribution (Ubuntu 18.04 LTS, Ubuntu 20.04 LTS, Ubuntu 22.04 LTS, Ubuntu 22.10, CentOS, Debian, or RHEL).",FR
4870,"The user connecting to the server shall have a supported shell (bash, dash, fish, csh, tcsh, ksh, or zsh).",FR
4871,"The following utilities shall be available on the server: tar, wget (or curl), dd, chmod, test, mkdir, echo, mv, uname, command, and gzip.",FR
4872,The $HOME environment variable shall be set correctly on the server.,FR
4873,The $HOME/.cache folder shall be writable by the user connecting to the server.,FR
4874,"The IDE and the project shall be located on a local file system (network block storage like EBS is acceptable, network file systems like NFS or SMB are not).",FR
4875,OpenSSH server version 7.9p1 or later shall be installed on the server (other SSH servers fully implementing RFC 4254 may work but are not supported).,FR
4876,SSH port forwarding shall be enabled in the server configuration.,FR
4877,The server shall have at least 8 GB RAM.,NFR
4878,The server shall have at least 500MB of free disk space even if the IDE is already installed.,NFR
4879,The server shall have a higher clock frequency than core count (preferred).,NFR
4880,The internet connection on the server shall have at least 50 Mbps downstream capacity.,NFR
4881,The connection between the client and server shall have at least 20 Mbps bandwidth.,NFR
4882,The connection between the client and server shall have no more than 200ms latency.,NFR
4883,The server environment shall be single-tenant (no other applications running on the same server or container).,NFR
4884,VS Code shall be downloadable as a file smaller than 200 MB.,FR
4885,VS Code shall require less than 500 MB of disk space after installation.,FR
4886,VS Code shall be lightweight and run easily on most modern hardware.,NFR
4887,"VS Code shall not support application virtualization solutions (Microsoft App-V, MSIX for Windows, or third-party alternatives).",NFR
4888,VS Code shall require a full operating system when running in a virtual machine environment.,NFR
4889,"VS Code shall not support multiple simultaneous users on the same machine, including shared virtual desktops or pooled Windows/Linux Virtual Desktop host pools.",NFR
4890,"Running the full VS Code in Windows/Linux containers is not supported. However, using the Dev Containers extension with the VS Code server running in the container and the client on the desktop is supported.",NFR
4891,VS Code shall require GLIBCXX version 3.4.25 or later.,NFR
4892,VS Code shall require GLIBC version 2.28 or later.,NFR
4893,The system shall allow users to access OneDrive using a Microsoft personal account or a work/school account.,FR
4894,The system shall allow users to have multiple work/school accounts with OneDrive.,FR
4895,The system shall only allow one personal account per user.,FR
4896,"The OneDrive website shall be accessible using the latest version of Microsoft Edge, Chrome, Firefox, or Safari.",FR
4897,"The system shall support the following operating systems - Windows 10/11 (32-bit or 64-bit) and Windows Server 2022, Windows Server 2019, Windows Server 2016, or Windows Server 2012 (including R2)",FR
4898,The system shall be accessible through a compatible web browser on a computer or mobile device.,NFR
4899,The system shall offer a mobile app for computers and mobile devices for accessing OneDrive.,NFR
4900,The OneDrive mobile app shall be compatible with phones and tablets running Android 6.0 or later versions.,NFR
4901,The system shall function on a processor with a minimum clock speed of 1.6 GHz.,NFR
4902,The system shall be compatible with Intel-based Mac computers and Windows 10/11 ARM-based PCs.,NFR
4903,The system shall have a minimum of 1 GB of RAM available.,NFR
4904,The system display shall support a minimum resolution of 1024 x 576 pixels.,NFR
4905,"An internet connection is recommended for the system. (Note: This is a recommendation, not a requirement, so it's not converted to ""shall"".)",NFR
4906,"The system shall support file systems with case-insensitive behavior, including NTFS (Windows), HFS+ (Mac), and APFS (Mac).",NFR
4907,User shall be able to perform validity checks on inputs.,FR
4908,System shall validate inputs and provide error messages for invalid data.,FR
4909,User shall follow exact sequencing of operations for system tasks.,FR
4910,System shall enforce proper sequencing and provide guidance for users.,FR
4911,User shall be able to observe system responses to abnormal situations.,FR
4912,System shall handle abnormal situations by providing error handling and recovery.,FR
4913,User shall understand the effects of parameters on system operations.,FR
4914,System shall manage and adjust operations based on given parameters.,FR
4915,User shall be aware of relationships between inputs and outputs.,FR
4916,"System shall establish relationships between inputs and outputs, including sequences and formulas.",FR
4917,User shall be able to perform data conversion as needed.,FR
4918,System shall provide data conversion functionality for various formats.,FR
4919,System shall support a maximum of 1000 terminals simultaneously.,NFR
4920,System shall handle up to 500 simultaneous users without performance degradation.,NFR
4921,System shall manage up to 10 terabytes of information in various formats.,NFR
4922,"System shall process up to 10,000 transactions per minute during normal workload conditions.",NFR
4923,"System shall handle up to 20,000 transactions per minute during peak workload conditions.",NFR
4924,System shall process up to 50 tasks per second to maintain operational efficiency.,NFR
4925,System shall complete data processing tasks within 2 seconds under normal workload conditions.,NFR
4926,System shall complete data processing tasks within 5 seconds under peak workload conditions.,NFR
4927,System shall maintain response time under 100 milliseconds for normal workload conditions.,NFR
4928,System shall maintain response time under 200 milliseconds for peak workload conditions.,NFR
4929,All numerical requirements stated above are subject to measurable performance monitoring and evaluation.,NFR
4930,User shall be able to use a user-friendly interface with optional interactive help for each service.,FR
4931,"System shall provide a menu-driven interface with screens including login, language selection, and options for users and administrators.",FR
4932,"User shall have a login screen to enter username, pin, and account number.",FR
4933,System shall allow up to three reattempts for unsuccessful login and display supported languages for successful login.,FR
4934,"User shall have administrator options to reboot, shut down, block, or disable services.",FR
4935,System shall confirm reboot or shut down and allow user to take backups if needed.,FR
4936,User shall be able to block system access for a user by entering their card number.,FR
4937,System shall allow administrator to block any service by entering the name or selecting from a list.,FR
4938,User shall see a screen with options and brief descriptions for easy selection.,FR
4939,User shall have a screen to check account balance.,FR
4940,User shall have a screen to view the location of all ATMs of the same bank.,FR
4941,User shall have a screen for performing various account transactions.,FR
4942,"System shall generate reports for login and logout times, user pin and account number, ATM branch ID, and user account changes.",FR
4943,System shall provide printed statements for user transactions.,FR
4944,User interface shall include a 10-inch VGA color display with 256 color resolution and touch screen support.,FR
4945,Speakers shall support Yamaha codecs.,FR
4946,Keypad shall have 16 tactile keys and 8 tactile function keys.,FR
4947,Keyboard shall be weather resistant.,FR
4948,"Transaction receipt shall be 3.1 by 6 inches, while statement receipt shall be 4.2 by 12 inches.",FR
4949,Deposit envelopes shall be 9 inches long and 4 inches wide.,FR
4950,"System shall interact with hardware components including power supply, card reader, receipt printer, statement printer, receipt dispenser, and envelope depository.",FR
4951,ATM power supply shall have a 10/220 V AC manual switch.,FR
4952,Card reader shall be a magnetic stripe reader with Smart card option and include an extra indentation for card polarization.,FR
4953,Receipt and statement printers shall be 40 column dot matrix.,FR
4954,Receipt and statement dispensers shall have specified maximum dimensions.,FR
4955,Envelope depository shall meet specified dimensions.,FR
4956,Screen resolution shall be at least 800x600 for complete viewing.,FR
4957,"System shall use transaction management software (BMS version 2.0), card management software (CMS version 3.0), and Yamaha codecs.",FR
4958,Database used for record-keeping shall be Oracle version 7.0.,FR
4959,System shall employ dial-up POS with central server using TCP/IP communication protocol.,FR
4960,Data transfer protocol shall be File Transfer Protocol (FTP).,FR
4961,The ATM shall provide customers with 24-hour service for consistent availability.,NFR
4962,Card verification time must not exceed 0.8 seconds under normal server workload and 1 second under peak workload.,NFR
4963,PIN verification time must not exceed 0.3 seconds under normal workload and 0.5 seconds under peak workload.,NFR
4964,Account balance display time must not exceed 2 seconds under normal workload and 3 seconds under peak workload.,NFR
4965,Account balance transfer time must not exceed 3 seconds under normal workload and 4 seconds under peak workload.,NFR
4966,Cash withdrawal transaction time must not exceed 4 seconds under normal workload and 5 seconds under peak workload.,NFR
4967,Deposit transaction time after envelope insertion must not exceed 5 seconds under normal workload and 6 seconds under peak workload.,NFR
4968,Receipt printing time must not exceed 3 seconds under both normal and peak workloads.,NFR
4969,Touch screen and button response time must not exceed 5000 milliseconds.,NFR
4970,Credit card advance time must not exceed 6 seconds under both normal and peak workloads.,NFR
4971,All code must be consistent with respect to style.,NFR
4972,All functionality must be thoroughly tested through comprehensive test cases.,NFR
4973,"Data communication protocol shall ensure reliability and quality of data and voice transmission, such as CDMA.",NFR
4974,Memory system shall be non-volatile to maintain data reliability.,NFR
4975,System shall have a backup power supply for power failures.,NFR
4976,Abnormal operations shall cause system shutdown.,NFR
4977,ATM shall be manually restarted by maintenance personnel after an abnormal shutdown.,NFR
4978,No inconsistency shall be introduced in the account during transactions affected by abnormal shutdowns.,NFR
4979,System shall be compatible with AIMS security standards.,NFR
4980,System shall use two levels of security: ATM card and PIN verification authenticated by CMS software.,NFR
4981,Encryption standard during PIN transmission shall be triple DES.,NFR
4982,Passwords shall be 6-14 characters long and not contain the user's name.,NFR
4983,"Passwords can include digits, hyphens, and underscores.",NFR
4984,User shall be allowed up to three login attempts before the card is blocked.,NFR
4985,Security camera shall be installed near the ATM.,NFR
4986,Cash vault shall be secured with a combination lock.,NFR
4987,ATM cabinet cover shall be made of fiberglass for security purposes.,NFR
4988,"System components such as modem, memory, disk, and drives shall be easily serviceable without vault access.",NFR
4989,System shall have self-monitoring to detect faults periodically.,NFR
4990,"System shall automatically inform the main branch of detected errors, including fault type and problem.",NFR
4991,"Administrator shall have authority to set rules, regulations, and policies.",NFR
4992,Bank staff shall make entries regarding user bank account details.,NFR
4993,Staff shall keep user bank accounts updated and consistent.,NFR
4994,Staff shall block accounts with illegal transactions or lost/stolen ATM cards upon proper verification.,NFR
4995,Staff shall unblock ATM cards blocked after three failed login attempts.,NFR
4996,Staff shall monitor all city ATMs for faults and correct any issues immediately.,NFR
4997,Staff shall maintain account backups for reliability and rollback changes during abnormal shutdowns.,NFR
4998,User must file a First Information Report (FIR) and present a copy for card blocking in case of lost ATM card.,NFR
4999,"System shall generate logs of user bank account details, account updates with date, time, and changes, and fixed asset schedules.",NFR
5000,User shall be able to enter URL to access the homepage.,FR
5001,User shall be able to receive an error message if the server is busy or under maintenance.,FR
5002,"User shall be able to sign up by entering their name, email, contact number, and password, receiving a confirmation code on their contact number.",FR
5003,User shall be able to log in with their email and password and receive a message indicating successful sign-in.,FR
5004,User shall be able to search for categories by video name or type.,FR
5005,User shall be able to click on subcategories and videos to view all videos related to a specific category.,FR
5006,User shall be able to download videos by clicking the download button and view them afterward.,FR
5007,"User shall be able to add videos to their list by clicking ""Add to Mylist"" and view them on the Mylist page.",FR
5008,"User shall be able to subscribe by entering bank name, card number, and one-time password, and receive confirmation of successful subscription.",FR
5009,User shall be able to view video details such as video length and size by entering the video name.,FR
5010,User shall be able to search for job opportunities in Netflix.,FR
5011,"User shall be able to submit feedback by entering their name, address, contact number, and feedback, and receive confirmation of successful submission.",FR
5012,"User shall be able to choose video quality by entering the desired quality level, such as 320p, 480p, 720p, or 1080p, and view the video in that quality.",FR
5013,"User shall be able to save videos offline in the mobile app by clicking ""Save Offline"" and receive confirmation that the video was saved.",FR
5014,User shall be able to mark videos as favorite and view them on the favorites page.,FR
5015,"User shall be able to view the latest movies and television shows by clicking ""Latest.""",FR
5016,"User shall be able to view trailers of upcoming shows and movies by clicking ""Upcoming.""",FR
5017,User shall be able to select a channel and view content from that channel.,FR
5018,User shall be able to provide ratings for videos by clicking on ratings and receive confirmation that the rating was submitted.,FR
5019,"User shall be able to receive help with queries by clicking ""Help"" and receive assistance.",FR
5020,User shall be able to reset their password if they forgot it by following the password reset process.,FR
5021,"User shall be able to connect their account to Facebook, Twitter, and Instagram.",FR
5022,Administrator shall be able to add or upload videos and receive confirmation of successful upload.,FR
5023,Administrator shall be able to remove videos by entering the video name and receive confirmation of successful removal.,FR
5024,Administrator shall be able to manage queries regarding videos and respond to user queries.,FR
5025,"Administrator shall be able to save contact details such as number, address, and pin code and display a ""Contact Us"" button.",FR
5026,Administrator shall be able to handle complaints regarding content by providing solutions or forwarding the issue to the related department and communicating the solution to the user.,FR
5027,Administrator shall be able to cancel subscriptions and receive confirmation of successful cancellation.,FR
5028,Administrator shall be able to arrange videos in their respective categories in the database.,FR
5029,The subscription will end if the user does not respond to the subscription package within the allotted time frame.,NFR
5030,"The system shall display ""video not found"" if the requested video is not available.",NFR
5031,New videos shall be uploaded daily.,NFR
5032,Subscription packages shall have a duration of one month.,NFR
5033,Netflix shall be available 24 hours a day.,NFR
5034,User accessibility shall be censured in all ways.,NFR
5035,Users are advised to change their passwords regularly and not share their user ID and password with anyone.,NFR
5036,Users shall be limited to three attempts to enter their password.,NFR
5037,The website shall focus on software quality attributes such as security and performance.,NFR
5038,Only maintainers are allowed to add new videos to the website.,NFR
5039,The website must be capable of storing all data formats and should frequently connect to the database or be database sensitive.,NFR
5040,"Users shall be able to view the profiles of doctors within the PRACTO network and fetch their complete profiles in a single request, returning multiple results for convenient search.",FR
5041,"Users shall be able to search for PRACTO services in a particular city or their current location, as well as find doctors by name, specialization, and locality, as well as search for nearby clinics, gyms, spas, salons, and healthcare centers.",FR
5042,"Users shall be able to consult with doctors remotely by asking queries online, which can be answered by doctors or assured anonymous users, with the ability to choose the best solution from multiple answers.",FR
5043,Users shall be able to register with PRACTO using valid information and log in using their credentials to access PRACTO services.,FR
5044,Users shall be able to find and book appointments with doctors for checkups or treatments.,FR
5045,"Doctors shall be able to log in to check patient information, answer patient queries, perform daily activities, set reminders, and communicate with their staff.",FR
5046,"Users shall be able to contact doctors through email, phone calls, or SMS, providing accurate information for their queries.",FR
5047,Performance requirements The capability of the computer depends on the performance of the software. The software can take any number of inputs provided the database size is larger enough. This would depend on the available memory space.,NFR
5048,The system shall allow users to create accounts and log in to the server.,FR
5049,The system shall allow users to create new scores.,FR
5050,The system shall allow users to delete scores they own.,FR
5051,The system shall allow users to rename scores they own.,FR
5052,The system shall allow users to grant other users permission to modify scores they own.,FR
5053,The system shall allow users to add musical notes and rests to a score using the mouse.,FR
5054,The system shall allow users to add sharps and flats to music using the mouse.,FR
5055,The system shall allow users to add multiple lines of music to a score.,FR
5056,The system shall support the use of key signatures in scores.,FR
5057,The system shall allow users to edit scores using the keyboard.,FR
5058,The system shall allow multiple users to edit a score simultaneously and gracefully handle any conflicts.,FR
5059,The system shall automatically delineate measures within a score.,FR
5060,The system shall allow users to chat with other users who are collaborating on a score.,FR
5061,The system shall allow users to change the tempo of the music within a score.,FR
5062,The system shall allow users to select different clefs for a score.,FR
5063,The system shall support the addition of chords to a score.,FR
5064,"The system shall include ""legality"" checks to ensure user-placed notes adhere to musical rules.",FR
5065,"The system shall include ""grammar"" checks to ensure proper placement of slurs and ties.",FR
5066,The system shall allow users to convert a score to a playable format.,FR
5067,The system shall highlight the currently playing notes during playback.,FR
5068,The system shall provide temporary color-coded highlighting to show edits and changes made by other users.,FR
5069,The system shall allow users to import MIDI files.,FR
5070,The system shall allow users to export scores to a visual format.,FR
5071,The system shall allow users to print musical scores.,FR
5072,The system shall allow users to create scores with multiple sheets for different instruments.,FR
5073,"The system shall allow users to compare two versions of a score side-by-side, differentiated by measure.",FR
5074,The system should be secure to protect user data and prevent unauthorized access.,NFR
5075,The system should be responsive and handle edits and playback smoothly.,NFR
5076,The system should be able to handle a growing number of users and scores.,NFR
5077,The system should be easy to learn and use for users with varying levels of musical experience.,NFR
5078,The system shall be compatible with a supported operating system (Windows or macOS) and meet the minimum hardware specifications for Adobe Illustrator to function properly.,FR
5079,The system shall meet the minimum requirements to allow for successful activation of Adobe Illustrator and access to all features.,FR
5080,The system shall have sufficient hardware resources to support all functionalities of Adobe Illustrator without limitations due to insufficient hardware.,FR
5081,Adobe Illustrator shall support both Intel and AMD processors.,FR
5082,Adobe Illustrator shall be compatible with a minimum processor of Intel Pentium 4 or AMD Athlon 64.,FR
5083,Adobe Illustrator shall require a 64-bit version of the operating system.,FR
5084,Adobe Illustrator shall function with a minimum of 8 GB of RAM.,FR
5085,The system shall have at least 2 GB of available hard-disk space to install Adobe Illustrator.,FR
5086,The graphics card shall support OpenGL version 4.x.,FR
5087,The computer shall have a processor that supports 64-bit architecture (multicore Intel or AMD Athlon 64).,FR
5088,"The software shall support touch interaction with the interface using fingers or a stylus for actions like drawing, manipulating objects, and adjusting tools.",FR
5089,The software shall utilize pressure applied on the touch-screen to vary line weight during drawing.,FR
5090,The software shall allow users to adjust the size and angle of brushes on the touch-screen.,FR
5091,The software shall recognize gestures like pinch-to-zoom for manipulating objects on the canvas.,FR
5092,The graphics card shall support OpenGL version 4.0 or higher (minimum requirement).,FR
5093,The graphics card shall support features utilizing GPU Performance (optional).,FR
5094,The software activation process shall allow users to access and use their licensed copy of Adobe Illustrator CC with all its features and functionalities.,FR
5095,Adobe Creative Cloud shall provide access to Adobe Illustrator CC during the activation process.,FR
5096,The system shall respond to user input from drawing tools with high speed and responsiveness.,FR
5097,The system shall handle complex projects and large files without lag or slowdown.,FR
5098,The system shall render complex graphics and enable smooth on-screen navigation.,FR
5099,The application shall perform smoothly with minimal lag or crashes during regular usage.,NFR
5100,The application shall render images and effects efficiently to maintain a productive workflow.,NFR
5101,The application shall operate without unexpected crashes or errors during use.,NFR
5102,Adobe Illustrator shall achieve smooth operation and optimal performance.,NFR
5103,The minimum processor clock speed shall be 2 GHz.,NFR
5104,Adobe Illustrator shall support Apple Silicon (M1 and M2) processors starting from Datylon for Illustrator R46 onwards.,NFR
5105,Apple Silicon processors shall offer enhanced performance and power efficiency.,NFR
5106,"For optimal performance, Adobe Illustrator shall recommend a minimum of 16 GB of RAM.",NFR
5107,"Increased RAM shall improve the software's ability to handle complex projects, multiple layers, and large file sizes.",NFR
5108,"Adequate RAM shall enable faster rendering, smoother zooming, and an overall improved user experience.",NFR
5109,"More RAM shall allow Illustrator to handle extensive use of drawing tools, complex vector illustrations, and advanced effects without significant lag or slowdown.",NFR
5110,"During installation, the system shall have additional free space available beyond the minimum requirement.",NFR
5111,Adobe Illustrator shall not be installed on a volume with a case-sensitive file system.,NFR
5112,The graphics card should have at least 1 GB of VRAM and support OpenGL version 4.0 for enabling GPU Performance (optional feature for enhanced performance with graphic-intensive tasks).,NFR
5113,"The system shall provide a smooth user experience, which can be improved by a compatible graphics card.",NFR
5114,The system shall render complex projects faster with a compatible graphics card.,NFR
5115,Adobe Illustrator shall run smoothly and efficiently on a system that meets the 64-bit requirements.,NFR
5116,The user experience with Adobe Illustrator shall be enhanced by meeting the 64-bit requirements.,NFR
5117,Adobe Illustrator shall handle more complex projects when 64-bit support is implemented.,NFR
5118,Adobe Illustrator shall provide access to advanced features and functionality with 64-bit support.,NFR
5119,The software interface shall be designed to provide a more intuitive and natural drawing experience for users with a touch-screen enabled tablet/monitor.,NFR
5120,The software shall allow users to create precise and intricate designs more easily with a touch-screen enabled tablet/monitor.,NFR
5121,The graphics card may improve overall performance and user experience.,NFR
5122,The graphics card should have at least 1 GB of VRAM for optimal performance (optional).,NFR
5123,The graphics card should ensure smoother and faster operation for graphic rendering and complex vector calculations (benefit).,NFR
5124,The graphics card compatibility with minimum requirements shall allow full utilization of Adobe Illustrator's capabilities (benefit).,NFR
5125,"Adobe Creative Cloud shall offer seamless updates for Adobe Illustrator CC, ensuring users automatically receive the latest versions with new features and bug fixes.",NFR
5126,"Adobe Creative Cloud shall provide users with access to other Adobe creative applications (e.g., Photoshop, Premiere) to enhance their creative workflow by enabling seamless integration.",NFR
5127,The system shall utilize a high-performance CPU to improve the speed and responsiveness of drawing tools.,NFR
5128,The system shall have adequate RAM to handle complex projects and large files without lag or slowdown.,NFR
5129,The system shall support a dedicated graphics card (GPU) for rendering complex graphics and smooth on-screen navigation.,NFR
5130,The system shall provide a high-quality display with accurate color reproduction and high resolution.,NFR
5131,The system may support a touch-screen-enabled tablet or monitor for a more intuitive and natural drawing experience.,NFR
5132,User shall be able to efficiently store and retrieve data in MySQL databases.,FR
5133,System shall support SQL for querying and manipulating data.,FR
5134,User shall be able to manage transactions in MySQL to ensure data integrity.,FR
5135,"System shall include schema definition, data manipulation, transaction management, concurrency control, indexing, query optimization, backup and recovery, monitoring, and maintenance.",FR
5136,User shall be able to access secure authentication mechanisms for controlling access to databases.,FR
5137,System shall encrypt sensitive data to prevent unauthorized access.,FR
5138,User shall be able to use role-based access control to grant permissions to users.,FR
5139,System shall provide tools for database backup and restoration.,FR
5140,User shall be able to use automated backup scheduling for ensuring data availability.,FR
5141,System shall enable point-in-time recovery to restore databases to specific states.,FR
5142,"User shall be able to interact with databases using multiple interfaces such as the Command-Line Interface (CLI), Graphical User Interface (GUI) tools like MySQL Workbench, and Application Programming Interfaces (APIs) for various programming languages.",NFR
5143,System shall provide accessibility features to accommodate users with disabilities and support multiple languages for international users.,NFR
5144,User shall benefit from MySQL's support for replication to ensure data redundancy and fault tolerance.,NFR
5145,System shall maintain database availability through failover mechanisms in case of server failures.,NFR
5146,"User shall receive adherence to SLAs for uptime and performance, including monitoring of database performance and alerts for potential issues.",NFR
5147,System shall optimize query execution for performance improvement using indexing and caching mechanisms to enhance query response times.,NFR
5148,User shall experience support for both horizontal and vertical scaling in MySQL to accommodate growing data volumes and user loads.,NFR
5149,"System shall encrypt data at rest and in transit to protect against unauthorized access, adhering to industry standards and regulations.",NFR
5150,"User shall have access to auditing features in MySQL to track database access and modifications, including the generation of audit logs for compliance and security purposes.",NFR
5151,"System shall offer comprehensive documentation for installation, configuration, and usage, as well as troubleshooting guides and FAQs for resolving common issues.",NFR
5152,"User shall use MySQL subject to the terms of the GNU General Public License (GPL), with options for commercial licenses for additional features, support, and legal assurances.",NFR
5153,"System shall require users to comply with applicable laws and regulations governing data privacy, security, and intellectual property rights, including legal notices related to licensing, copyrights, trademarks, and usage restrictions in production environments.",NFR
5154,Students shall be able to choose courses.,FR
5155,Students shall be able to attend lectures at the scheduled time or view them later on request.,FR
5156,"Students shall be able to view their attendance records, progress reports, etc.",FR
5157,"Students shall be able to participate in forums, blogs, and discussions.",FR
5158,Students shall be able to take quizzes.,FR
5159,Faculties shall be able to conduct lectures.,FR
5160,"Faculties shall be able to upload assignments, announcements, and answer sheets.",FR
5161,"Faculties shall be able to upload lectures and discussions in various formats (videos, presentations, etc.).",FR
5162,"Faculties shall be able to upload and download assignments, college notices, student notices, journals, and videos.",FR
5163,"Faculties shall be able to participate in forums, blogs, and discussions.",FR
5164,"Administrator shall be able to generate reports, log files, and backup/recover data at any time.",FR
5165,"Administrator shall be able to create users, departments, and courses.",FR
5166,"Dean shall be able to view details of all users (students, faculty, etc.).",FR
5167,The system shall only allow registered users to access courses.,FR
5168,The system shall require a valid user ID and password for access.,FR
5169,"The system shall allow students to choose courses and view their attendance records, grades, etc.",FR
5170,The system shall allow students to share resources through forums.,FR
5171,"The system shall allow faculty to upload course materials (syllabus, lesson plans, notes, etc.) and question banks.",FR
5172,The system shall send alerts to students about upcoming quiz deadlines.,FR
5173,The system shall be available 24/7.,FR
5174,The e-learning tool shall be compatible with both Windows and Linux operating systems.,NFR
5175,The GUI and other parts of the software shall be developed using JAVA and J2EE.,NFR
5176,The software output shall be viewable in a web browser.,NFR
5177,The software shall display information on a monitor screen.,NFR
5178,"The software shall interact with mouse movements and clicks to activate data input areas, command buttons, and menu options.",NFR
5179,The software shall interact with keyboard keystrokes for data entry.,NFR
5180,"Each user shall have a unique username, password, user ID, department affiliation, duration (in years), age, grade, and user role.",NFR
5181,A user shall be able to create an account using their email address and password.,FR
5182,The user shall be able to choose to log in with a Google account.,FR
5183,A user shall be able to select the login option (email/password or Google account).,FR
5184,The system shall verify the entered login credentials (email/password) and grant access if valid.,FR
5185,A user shall be able to view and modify their personal information.,FR
5186,A user shall be able to search for courses using keywords.,FR
5187,The system shall display a list of courses matching the search criteria.,FR
5188,"The course details shall include title, description, price, duration, instructor information, and enrollment details.",FR
5189,A user shall be able to enroll in a course.,FR
5190,The system shall display the payment options and course fee.,FR
5191,A user shall be able to select a payment method and complete the payment.,FR
5192,"Upon successful payment, the user shall be enrolled in the course.",FR
5193,"The system shall provide separate interfaces for students, faculty, and administrators.",FR
5194,The application shall operate on all modern web browsers with all its core functionalities.,NFR
5195,The application shall not slow down during peak hours and maintain consistent service quality.,NFR
5196,"The learning website shall implement security measures to prevent unauthorized access, modification, or deletion of data.",NFR
5197,The system shall provide a secure login mechanism using advanced encryption algorithms.,NFR
5198,"Usernames and passwords shall not be shared with anyone (students, faculty, or others).",NFR
5199,The system shall require customer registration for making purchases.,FR
5200,The system shall allow customer login using a valid user ID and password.,FR
5201,The system shall enable logged-in customers to modify their shopping cart.,FR
5202,"The system shall currently support cash payments, with future expansion for credit/debit cards.",FR
5203,The system shall offer a logout option for customers after shopping or browsing.,FR
5204,The website shall be compatible with all browsers.,NFR
5205,The website shall support screen reader software for disabled users and comply with 508 standards.,NFR
5206,The system shall allow users to upload videos.,FR
5207,The system shall allow users to search for videos using keywords or other criteria.,FR
5208,The system shall allow users to view videos.,FR
5209,The platform shall experience minimal to no buffering during video playback.,NFR
5210,"The system shall achieve high availability, ensuring videos are accessible even during potential data inconsistencies.",NFR
5211,The system shall maintain low latency for a responsive user experience.,NFR
5212,Uploaded videos shall be stored reliably with no data loss. High availability takes priority over strict data consistency.,NFR
5213,The system shall utilize an object store (S3) for storing large video files.,NFR
5214,"The system shall utilize a relational database (MetadataDB) for storing structured video metadata like title, language, size, and duration.",NFR
5215,The system shall implement an Elasticsearch cluster to facilitate full-text search functionalities.,NFR
5216,"The system shall deliver videos across various devices (mobiles, PCs, TVs) by employing different video encoding formats.",NFR
5217,The system shall ensure video reliability through replication and geographical distribution of video files.,NFR
5218,The system shall utilize a video splitter to divide large video files into smaller chunks for efficient processing within the system.,NFR
5219,"The system shall employ an asynchronous ingestion queue (e.g., Kafka or AWS Kinesis) for processing video data.",NFR
5220,"The system shall leverage a Content Delivery Network (CDN) (e.g., AWS Cloudfront or Akamai CDN) to deliver videos with low latency.",NFR
5221,"User shall be able to register by entering their name, email, and password, with successful registration if no existing user is found with the same email.",FR
5222,System shall initialize username and password for user login and confirm successful login if the credentials are valid.,FR
5223,"User shall receive form validation for the input of name, email, and password, with a confirmation message if the inputs are valid.",FR
5224,"System shall allow users to update their profile details, including name, email, password, mobile number, address, and date of birth, with successful updates confirmed.",FR
5225,"User shall be able to search for flights by entering destination, boarding place, and date of journey, with a display of available flights matching the criteria.",FR
5226,"System shall allow users to search for buses using destination, boarding place, and date of journey, displaying available buses according to user requirements.",FR
5227,"User shall be able to search for trains by providing destination, boarding place, and date of journey, receiving a display of available trains matching the search criteria.",FR
5228,"System shall enable users to search and book hotels by specifying place and date, providing a list of available hotels with cost information, and redirecting to the payment gateway when booking.",FR
5229,"User shall confirm booking by selecting a mode of transport and number of travelers, with availability checked and redirection to the payment gateway if seats are available.",FR
5230,"System shall allow users to search and book tours by specifying place and number of travelers, providing tour plans with costs, destinations, and accommodations, with redirection to payment gateway for booking.",FR
5231,"User shall be able to complete payments by providing card details, with verification against the bank server and successful debits for approved transactions.",FR
5232,"System shall allow users to rate and review services by providing comments on tour plans or services, with comments stored in the database and a thank you message displayed.",FR
5233,"System shall provide secure access to confidential data, such as user details, by utilizing SSL encryption.",NFR
5234,System shall maintain 24/7 availability to ensure continuous access and service.,NFR
5235,System shall employ optimized component design to achieve better performance during peak usage times.,NFR
5236,System shall adopt a flexible service-based architecture to support future expansion and scalability.,NFR
5237,"The Life Insurance System shall provide registration forms for customers, agents, and employees.",FR
5238,The system shall allow agents to send medical reports of customers to the verification department.,FR
5239,Verification department employees shall verify and approve or disapprove applications upon receiving requests from agents.,FR
5240,The system shall provide an interface for verification department employees to send status reports to finance and legal contract departments.,FR
5241,The system shall provide a help link that downloads a user manual and projects it onto the screen when users encounter difficulty using the program.,FR
5242,The system shall notify customers about the status of their insurance policies.,FR
5243,The system shall maintain consistent security through the use of passwords.,FR
5244,The system shall signal the mail message generator to send emails to customers and agents when needed.,FR
5245,The system shall communicate with the database through a wireless Ethernet system.,FR
5246,"The system shall not have explicit performance requirements, as server requests and responses depend on the end user's internet connection.",NFR
5247,The system shall provide redundant storage of all databases on automatic switchover computers to ensure reliability.,NFR
5248,The system shall maintain a continuously updated backup of the database to ensure reliability and stability.,NFR
5249,"The system shall be available at all times, allowing user access via a web browser, except during server downtime.",NFR
5250,"In case of hardware failure or database corruption, the system shall display a replacement page and retrieve backups from the server.",NFR
5251,The system shall be restarted by the administrator in the event of a failure.,NFR
5252,The system shall use an MVC architecture to maintain sessions for better security and performance.,NFR
5253,The system shall handle online payments through payment gateways using 128 SSL encryption.,NFR
5254,The system shall use a commercial database and an application server to maintain the database and site.,NFR
5255,"The system shall support re-initialization in case of failure, and its software design shall prioritize modularity for efficient maintainability.",NFR
5256,A sale transaction authorizes and settles the requested amount against the indicated payment method.,FR
5257,The system shall receive products' IDs from the bar code reader and weight readings from the automatic weighing scale.,FR
5258,"The system shall query the database for product information, calculate the total payable amount after taxes, and create a bill in printable format.",FR
5259,The system shall print a formatted bill for the customer.,FR
5260,"In case of a network connection error, the system shall handle the error and prevent transaction processing.",FR
5261,"The manager shall view sales statistics in various formats such as pie charts, bar graphs, and tabular formats.",FR
5262,The system shall accept an item identification parameter and a time period or duration as input.,FR
5263,The system shall generate profit statistics based on the database's cost and selling price of the particular product for every transaction during the specified period.,FR
5264,The system shall display and allow the manager to print the profit statistics in the requested format.,FR
5265,The manager shall update the prices for all items available in the supermarket according to changing market prices.,FR
5266,The system shall accept the product identification parameter and new price for the product as input.,FR
5267,"The system shall look into the database, display product information, and update the database with the new price.",FR
5268,The system shall display the product information with the updated price.,FR
5269,The supermarket staff shall add new items to the inventory.,FR
5270,The system shall accept the product ID and quantity of the newly arrived product as input.,FR
5271,"The system shall check if the product ID exists in the inventory database and update the quantity if it does, otherwise, it shall add new product information to the database.",FR
5272,The system shall display a confirmation message regarding the product ID and amount update.,FR
5273,The user shall be able to experience high performance with a high-speed network and high connectivity.,NFR
5274,The system shall be reliable and the network connectivity in the supermarket shall be stable for smooth operations and data flow.,NFR
5275,The user shall have a unique login ID and password stored in the database using SHA-2 hashing algorithm for security.,NFR
5276,The system shall be available for use from the supermarket's opening time to its closing time.,NFR
5277,The user shall be able to register on the website before booking tickets.,FR
5278,The user shall be able to log in to the system using a valid user ID and password to book tickets.,FR
5279,The user shall be able to cancel booked tickets if they need to change their travel dates.,FR
5280,"The user shall be able to choose from different secure payment options, such as debit or credit card, check, or bank draft, provided by third-party services like Paytm.",FR
5281,The user shall be able to log out after booking tickets.,FR
5282,The system shall generate a PDF report of all transactions and send a copy to the customer's email address and another copy to the system database for monthly transaction calculation.,FR
5283,"The system shall work on a client-server architecture and require an internet server capable of running PHP applications, supporting commonly used browsers like Internet Explorer.",FR
5284,"The system shall include measures of service quality, such as ease of booking, hassle-free check-in, efficient ticketing staff, regular announcements during flight delays, on-time performance, in-flight experience, baggage handling, and value for money.",FR
5285,The system shall use SSL (Secure Socket Layer) for all transactions involving confidential passenger information and automatically log out customers after a period of inactivity.,NFR
5286,"The system shall not leave any cookies containing the user's password on the customer's computer, and back-end servers shall only be accessible to authenticated administrators.",NFR
5287,The system shall encrypt sensitive data before sending it over insecure connections like the internet.,NFR
5288,The system shall provide storage of all databases on redundant computers with automatic switchover and continuous backup maintenance and updates.,NFR
5289,The system's overall stability shall depend on the stability of its components and underlying operating system.,NFR
5290,"The system shall be available at all times, only restricted by server downtime, and show a replacement page in case of hardware failure or database corruption.",NFR
5291,The system shall retrieve and save database backups in case of hardware failure or database corruption and restart the service to ensure 24/7 availability.,NFR
5292,"The system shall use a commercial database for maintenance, with the application server taking care of the site.",NFR
5293,"In case of failure, the program shall re-initialize, and the software design shall support modularity for efficient maintainability.",NFR
5294,"The application shall be HTML and scripting language-based, allowing end users to use the system on any web browser and any hardware platform available now or in the future.",NFR
5295,"The system shall run on various operating systems, including Windows and Linux, and be compatible with PCs, laptops, and PDAs.",NFR
5296,"User shall be able to initialize parameters (t, k, m, n) and set the parameters during the initialization process.",FR
5297,System shall display an initial screen if there is no software on the device.,FR
5298,User shall receive an error message if the software is running out of validation and will be prevented from using extra features.,FR
5299,System shall check the validity of the entered key and terminate installation if the key is invalid or expired.,FR
5300,System shall read the valid serial number and linked address and initiate the authorization dialog.,FR
5301,System shall log the serial number in a log file.,FR
5302,"User shall be prompted to enter their serial key, and the system shall verify information and password with the service provider.",FR
5303,System shall display an error message and terminate installation if the authorization dialog receives a negative answer from the service provider.,FR
5304,System shall finish the authorization process and begin installing if the password and serial number are valid.,FR
5305,User shall receive a message to call the team if they enter a wrong serial key three times in a row.,FR
5306,System shall verify the validity of the antivirus serial key during authorization.,FR
5307,System shall send a message to the main developer team if the serial key is invalid.,FR
5308,System shall verify the password during installation to ensure the antivirus copy is valid.,FR
5309,System shall send an invalid serial key message to the device if the password is invalid.,FR
5310,System shall notify the device of issues with the account if the serial key is valid but there are account problems.,FR
5311,"System shall confirm the product is verified to the device if the software, key, and password are valid.",FR
5312,System shall update the software if the version expires.,FR
5313,System shall only provide security for the computer and devices belonging to the user.,FR
5314,System shall stop protecting the device from threats if the software validity exceeds the limit.,FR
5315,User shall be able to perform well even under adverse conditions such as high or low RAM usage.,NFR
5316,System shall require a good internet connection for optimal performance.,NFR
5317,User shall ensure that the device has sufficient RAM for smooth operation.,NFR
5318,User shall be advised not to lose the serial key for software registration.,NFR
5319,User shall be required to register the software with a serial key provided in the kit.,NFR
5320,User shall have a registered email linked to the software.,NFR
5321,User shall have a registered phone number for software registration.,NFR
5322,User shall carefully select installation options during the software installation process.,NFR
5323,System shall limit user accessibility to protect the software.,NFR
5324,User shall be advised to use genuine antivirus software.,NFR
5325,User shall be advised to update the software as soon as a new update is available.,NFR
5326,System shall allow only one antivirus to be installed on a single device at a time.,NFR
5327,System shall maintain security and performance quality attributes for optimal software quality.,NFR
5328,User shall provide a valid email for Google Games to execute the application on their device.,FR
5329,System shall check if the provided email is valid and proceed to the next interface if successful or display an invalid email error.,FR
5330,User shall enter a valid username to continue using the application.,FR
5331,System shall check the availability of the entered username and proceed with account creation if available.,FR
5332,User shall connect the device to a network to use the application.,FR
5333,System shall display an error message if the device is not connected to a network and terminate the application.,FR
5334,User shall provide the necessary permissions to allow the application to interact with social media apps on their device.,FR
5335,System shall display a successful message if permissions are granted or proceed without retrieving social media information if permissions are denied.,FR
5336,User shall be able to purchase additional features through online payments to enhance their gaming experience.,FR
5337,System shall open an online payment gateway for the user to proceed with the purchase.,FR
5338,User shall select a mode of payment and enter valid details to continue the payment process.,FR
5339,System shall authenticate the payment details and proceed to the next interface.,FR
5340,User shall enter a one-time password to complete the payment if provided with correct credentials.,FR
5341,System shall display a successful transaction message after processing the one-time password.,FR
5342,"User shall provide input through touch, tap, or drag on the screen to perform actions within the application.",FR
5343,System shall process the user's input and perform the desired action in the application interface.,FR
5344,"User shall communicate with other users of the application to share resources, compete, or collaborate.",FR
5345,User shall view their progress within the game through graphics and stats generated by the application.,FR
5346,System shall provide stats in numbers and progress bars to display the user's achievements.,FR
5347,User shall be guided through the application functions with a graphics-oriented startup guide.,FR
5348,System shall help the user understand how the application works and how to approach its various functions.,FR
5349,"User shall be able to delete their account, which will update the database and notify the server.",FR
5350,System shall process the account deletion request and update the database accordingly.,FR
5351,System shall have a strong network of servers managed by a qualified team to handle application functionality worldwide.,FR
5352,System shall maintain a database to store user progress for a seamless gaming experience across sessions.,FR
5353,System shall authenticate the user before launching the application using the saved username.,FR
5354,System shall update the user account after any in-app purchases and display a message for successful transactions.,FR
5355,System shall provide visual feedback in the form of infographics such as numbers and progress bars for profile changes.,FR
5356,System shall establish a safe connection between users over the network for optimal gaming experiences.,FR
5357,System shall notify the recipient user of a connection request and allow them to accept or decline.,FR
5358,System shall notify the sender if the requested user is unavailable.,FR
5359,User shall receive a message for any successful or unsuccessful action performed.,NFR
5360,System shall secure in-app purchases via encryption and use a reliable payment gateway.,NFR
5361,System shall update user stats in real time after every achievement or completed action for an enhanced gaming experience.,NFR
5362,User shall receive a message when network coverage is low.,NFR
5363,System shall ensure response time between requests and completion is minimal.,NFR
5364,System shall be optimized for fast loading on supported devices.,NFR
5365,The application must be accessible to all users without any charges.,NFR
5366,System shall provide all necessary security measures during online payments to maintain user privacy and integrity.,NFR
5367,"User data, such as username and email, shall be kept confidential for security purposes",NFR
5372,System shall minimize the response time between user requests and task completion.,NFR
5373,System shall ensure the application loads quickly on supported devices.,NFR
5374,The application shall be available to all users without any charges.,NFR
5375,System shall provide necessary security measures during online payments to maintain user privacy and integrity.,NFR
5376,User data such as username and email shall be kept confidential for security purposes.,NFR
5377,"The application shall be easy to maintain, with access restricted to a select group of authorized personnel to maintain integrity.",NFR
5378,User shall be able to download the Skype application from an application store or similar service on their mobile phone without any charge.,FR
5379,"User shall have a profile page where they can edit information such as password, email address, and phone number.",FR
5380,"User shall be able to register easily through the mobile application by providing a username, password, and email address; a phone number may also be provided optionally.",FR
5381,"User shall be able to log in to the mobile application after registering, with the option for automatic login in the future.",FR
5382,User shall be able to retrieve their password via email.,FR
5383,"System shall display the search page as the first page once the user is logged in, enabling them to search for other users based on their preferences.",FR
5384,"User shall be able to choose the type of conversation (video chat, messaging, file transfer, etc.) after selecting the user to communicate with.",FR
5385,"User shall be able to make Skype-to-Skype calls, calls to mobile and landline phones, and group calls, and use Skype numbers.",FR
5386,User shall be able to participate in one-to-one and group video chats.,FR
5387,"User shall have access to various messaging features, including emojis, emoticons, internet messaging, text messages, and voice messages.",FR
5388,"User shall be able to share files, screen share, conduct group screen sharing, and send contacts.",FR
5389,System shall not function without an internet connection.,FR
5390,"The search feature shall be prominent and easy for the user to find, enabling efficient navigation.",NFR
5391,System shall provide high-quality images and clear quality video calling for an optimal user experience.,NFR
5392,System shall offer quick calling features with minimal response time.,NFR
5393,"System shall tolerate faults and inform the user if the connection to the internet, GPS device, or other inputs are disrupted.",NFR
5394,System shall handle errors effectively.,NFR
5395,System shall ensure secure communication between the user and server by encrypting messages during log-in sessions to protect usernames and passwords.,NFR
5396,System shall encrypt all communication messages during log-in sessions.,NFR
5397,System shall deny access to admin accounts that attempt to log in with non-existing credentials and notify the admin of the log-in failure.,NFR
5398,"User shall be able to create user credentials by entering first name, last name, address, email, and password, and upon successful creation, be redirected to the dashboard with a confirmation message.",FR
5399,"User shall be able to post queries, sell, or advertise products by entering personal information such as first name, last name, address, phone number, email, and password, and upon successful submission, receive replies and facilitate sales.",FR
5400,"System shall facilitate connections between agricultural product wholesalers and retailers, and farmers and other customers, allowing users to be redirected to the admin dashboard with a success message.",FR
5401,"User shall be able to ask questions to agricultural experts by entering a question and additional information, which will be stored in the database for further processing.",FR
5402,"Agricultural experts shall be able to respond to user queries, which will be displayed on the user’s dashboard upon successful reply.",FR
5403,"Agricultural exports shall be able to post information for users to view by entering agricultural news, books, and technology developments for display.",FR
5404,"Agricultural and animal product producers shall be able to add items for sale with product details such as product name, quantity, product rate, required place, and contact details.",FR
5405,"Customers shall be able to search for new products in the database by entering item names, and upon successful search, view detailed product information.",FR
5406,"Consumers shall be able to purchase agricultural products by searching the database for items for sale, and upon successful search, be redirected to the search results page.",FR
5407,"The system shall support concurrent users, enabling multiple users to access information simultaneously with efficient and quick display time changes.",NFR
5408,"The system shall maintain reliability by ensuring the separate components within the application work consistently, responding smoothly to network errors, handling large datasets and user volume, and avoiding crashes unless due to operating system errors.",NFR
5409,"The application shall be available for download on the Google Play Store, allowing users to access it at any time.",NFR
5410,The system shall provide security by encrypting user passwords stored in the database and protecting against online threats such as SQL injection attacks.,NFR
5411,"The database shall be maintained using MySQL, and the server will be Apache; in case of system failure, both the database and server can be reinitialized.",NFR
5412,"The application shall be built for the Android operating system, limiting compatibility with other systems; it may not function on other operating systems due to system-dependent technologies.",NFR
5413,The system shall facilitate the booking of LPG cylinders for users.,FR
5414,Users shall be able to voluntarily give up their subsidy through the system.,FR
5415,The system shall provide information about new government schemes related to LPG.,FR
5416,Users shall be able to participate in discussion forums within the system.,FR
5417,Notifications about important updates and events shall be sent to users through the system.,FR
5418,Users shall be able to register for a new LPG connection using the system.,FR
5419,The system shall allow users to provide feedback on their experiences and suggestions.,FR
5420,User shall be able to book LPG cylinder online by registering on the website and selecting the company to be redirected to their portal for booking.,FR
5421,System shall redirect user to the particular company's portal upon selecting a company from the list.,FR
5422,User shall be able to select the online booking option for LPG cylinder.,FR
5423,User shall be able to enter their consumer number to verify and complete the booking.,FR
5424,User shall be able to give up LPG subsidy by being redirected to their company's portal and selecting the option.,FR
5425,System shall redirect user to the particular company's portal upon selecting 'give up LPG subsidy' option.,FR
5426,User shall be able to enter their consumer number to verify and abandon the subsidy.,FR
5427,User shall be able to register for a new LPG connection by being redirected to their company's portal and filling out the registration form.,FR
5428,System shall redirect user to the particular company's portal upon selecting 'new LPG connection' option.,FR
5429,User shall be able to enter required details in the registration form for a new LPG connection.,FR
5430,User shall experience optimal performance above 40 kbps internet speed.,NFR
5431,System shall require minimum 40 kbps internet speed for optimal performance.,NFR
5432,System shall require users to have Java plug-ins enabled and CSS functioning properly.,NFR
5433,System recommends using Google Chrome browser for best experience.,NFR
5434,System shall authenticate logins and signups for users with accounts.,NFR
5435,System shall maintain data integrity by preventing data loss through proper database management.,NFR
5436,System shall utilize sessions for transactions to ensure data consistency.,NFR
5437,System shall implement security measures to protect the database from unauthorized access.,NFR
5438,System shall restrict users to access only their own accounts after login.,NFR
5439,System shall validate email and phone numbers during signup to ensure uniqueness.,NFR
5440,System shall encrypt transactions to protect them from unauthorized interception.,NFR
5441,System shall display new government notifications related to LPG.,NFR
5442,System shall allow users to participate in online discussions about LPG.,NFR
5443,System shall showcase the latest safety tips and tools for LPG usage.,NFR
5444,System shall display the number of people who have given up LPG subsidy.,NFR
5445,System shall advertise new and attractive LPG schemes.,NFR
5446,User shall not be able to reclaim a subsidy after giving it up.,NFR
5447,User shall not be able to cancel an LPG cylinder booking after 24 hours.,NFR
5448,User shall not be able to register multiple times on the system.,NFR
5449,Users who give up subsidy will be displayed on the Scroll of Honor.,NFR
5450,The system shall verify if the image adheres to a standard format.,FR
5451,The system shall prompt the user to enter the desired height and width of the cropped image.,FR
5452,The system shall rotate the picture by 90 degrees.,FR
5453,"Upon image editing completion, the edited image shall be saved.",FR
5454,The system shall prompt the user to specify the destination for the import operation.,FR
5455,"The system shall provide functionalities for adding, updating, and deleting user information.",FR
5456,The system shall prioritize continuous operation and ensure that any interruptions can be demonstrably attributed to a trusted operating system issue.,NFR
5457,"The software shall be designed for cross-platform compatibility, ensuring it runs on Microsoft Windows, Apple Macintosh, Android phones, iPhones, and personal computers.",NFR
5458,The system shall employ security measures considered standard for software applications that access user email.,NFR
5459,"Adobe Photoshop shall be designed to achieve a rapid operational restart, minimizing customer inconvenience.",NFR
5460,"The system shall be accompanied by well-documented code, user documentation, and help systems, all designed for clarity and ease of understanding.",NFR
5461,The Khan Academy platform shall be accessible for use by participating schools.,FR
5462,The Khan Academy platform shall offer instructional resources in mathematics.,FR
5463,The Khan Academy platform shall provide students with opportunities to practice and refine math skills.,FR
5464,The Khan Academy platform shall provide students with immediate feedback on their performance.,FR
5465,The Khan Academy platform shall provide opportunities for students to learn independently.,FR
5466,The Khan Academy platform shall be easy to use for students and teachers with varying levels of technical experience.,NFR
5467,"The Khan Academy platform shall be accessible on a variety of devices, including computers, tablets, and laptops.",NFR
5468,The Khan Academy platform shall be reliable and available for use during school hours.,NFR
5469,The Khan Academy platform shall provide data and reports to help teachers monitor student progress.,NFR
5470,The Khan Academy platform shall be engaging for students.,NFR
5471,The system shall store customer and prospect information in a centralized CRM database.,FR
5472,"The system shall allow users to create, schedule, track, and manage tasks related to sales activities.",FR
5473,The system shall integrate with Gmail and Outlook to provide access to sales productivity tools within user inboxes.,FR
5474,"The system shall provide tools for sending bulk emails, creating customized emails, and tracking email performance.",FR
5475,"The system shall offer built-in analytics to track marketing activities, user sessions, engagement metrics, and campaign performance.",FR
5476,"The system shall provide tools for capturing leads through forms, landing pages, and chatbots.",FR
5477,"The system shall offer automation tools and workflows to streamline tasks, engage leads, and nurture customer relationships.",FR
5478,The system shall allow users to segment contacts based on various criteria for targeted communication.,FR
5479,The system shall enable users to generate reports and analyze sales data and marketing trends.,FR
5480,The system shall provide an API for integration with other software applications.,FR
5481,The system shall offer a meeting scheduling tool and live chat functionality to connect with prospects and customers.,FR
5482,The system shall provide a mobile app for accessing CRM functionalities on the go.,FR
5483,The system shall offer a customer support portal for managing customer relationships and resolving post-service issues.,FR
5484,The system shall provide a ticketing system for organizing and managing customer queries.,FR
5485,The system shall offer SEO recommendations for improving website and content search engine ranking.,FR
5486,"The system shall integrate with various third-party applications (e.g., SurveyMonkey, Eventbrite) to enhance functionality.",FR
5487,The system shall be scalable to support at least 200 concurrent connections (P1).,NFR
5488,"The system shall not lose any orders or customer payments under any circumstances (P2, P3).",NFR
5490,The system should be accessible on various devices (mobile app implies mobile accessibility).,NFR
5491,User shall be able to log in and log out to the system to verify authorization for system usage.,FR
5492,"User shall be able to register students through the website, and the admin shall be able to register new students.",FR
5493,"User shall be able to generate fee challans from the site, and the admin shall update fee details.",FR
5494,"User (teacher) shall be able to update students' marks on the site, and students shall be able to download their marks report.",FR
5495,"User (teacher) shall be able to mark, view, and update students' attendance; the system shall display attendance to the respective student, and students shall be able to download attendance reports from the system.",FR
5496,"User (admin) shall be able to provide information about the courses and teachers, as well as view and update course details.",FR
5497,"User (admin) shall be able to provide information about scholarships, and eligible students shall be able to apply for scholarships through the system.",FR
5498,System shall respond in less than 2 seconds.,NFR
5499,System shall remain available to the user without crashing.,NFR
5500,System shall be compatible with Windows and Linux operating systems.,NFR
5501,System shall be able to store up to 300GB of data.,NFR
5502,System shall run on devices with less than 1GB RAM.,NFR
5503,System shall protect against damage.,NFR
5504,System shall restore data if a database crash occurs.,NFR
5505,System shall ensure the privacy of students and teachers; data shall not be stolen or accessed by non-users.,NFR
5506,System shall allow only admins to update the database.,NFR
5507,"System shall restrict access to modules based on user roles, preventing students from updating marks.",NFR
5508,System shall be available 24 hours a day.,NFR
5509,System shall protect against data loss.,NFR
5510,System shall interconnect with other systems.,NFR
5512,System shall be reliable with no failures.,NFR
5513,System shall be easy to learn and use.,NFR
5514,System shall be flexible.,NFR
5515,System shall be robust.,NFR
5516,System shall be testable.,NFR
5517,Admin shall monitor the whole process.,NFR
5518,HEC rules shall be implemented while creating the system.,NFR
5519,Only teachers shall mark students' attendance; neither admin nor students shall do so.,NFR
5520,Fee shall be paid by students and verified by the admin.,NFR
5521,"Only eligible students shall apply for scholarships, which shall be verified by the admin.",NFR
5522,Users shall be able to register with a unique ID using their email address.,FR
5523,"Users shall be able to log in using a username and password, which must match the authentication criteria. If the login is successful, users can access the provided functionalities of the system.",FR
5524,"Admin shall be able to manage tournaments by creating a unique ID for each new tournament, scheduling matches, and conducting one tournament at a time.",FR
5525,"Admin shall be able to manage teams, including creating a unique ID for each team and managing team details.",FR
5526,"The system shall be able to update match statistics, including match date and result, and display the updated statistics.",FR
5527,"The system shall be able to update team statistics, including team and player performance, and display the team statistics.",FR
5528,"Admin shall be able to schedule matches by specifying the date, time, and location, as well as reschedule matches due to bad weather conditions.",FR
5529,"Admin shall be able to declare match results, including the names of the winning and losing teams and the final score.",FR
5530,"Admin shall be able to edit match and stadium details, including match descriptions and stadium locations.",FR
5531,Only admin shall know the number of bidders bidding on teams and their details.,FR
5532,"Only admin shall know the percentage of bidders bidding on a particular team, and the system shall display the bidding percentages.",FR
5533,"Bidders shall be able to view the bidder leaderboard, including the top three positions, without seeing other bidders' predictions.",FR
5534,Bidders shall be able to view the team leaderboard in ascending order of points and use the information for bidding decisions.,FR
5535,"Bidders shall be able to choose the team they wish to bid on until the toss occurs; once the toss happens, the match is frozen.",FR
5536,"Bidders shall score points based on their predictions, with point values varying depending on the point difference between the two teams playing.",FR
5537,User shall be able to initialize the ATM with a specified amount of cash and other parameters.,FR
5538,System shall display the initial screen if no cash card is present.,FR
5539,System shall not accept cards if running out of cash and display an error message.,FR
5540,"User shall be able to insert a cash card, and the ATM shall check its validity, including card information readability and expiration date.",FR
5541,System shall read the serial number and bank code from a valid cash card and initiate the authorization dialog.,FR
5542,System shall log the serial number of a valid cash card.,FR
5543,"User shall enter a password, and the ATM shall verify the password and bank code with the bank's computer.",FR
5544,"System shall handle different negative responses from the bank, such as incorrect password, unsupported bank code, or account issues, and reject the card.",FR
5545,System shall proceed with the authorization process if the password and serial number are correct.,FR
5546,System shall retain a cash card if entered more than three times with incorrect passwords and prompt the user to contact the bank.,FR
5547,"User shall be able to withdraw cash by entering the desired amount, and the ATM shall check if the amount is within predefined limits.",FR
5548,System shall redo the transaction if the withdrawal amount exceeds allowed limits.,FR
5549,System shall perform the transaction by sending a request to the bank computer and waiting for a response.,FR
5550,System shall dispense cash if the transaction is successful and print a receipt while updating the cash amount and ejecting the card.,FR
5551,"User shall collect the dispensed cash, and the ATM shall log the transaction amount against the serial number and send a response to the bank.",FR
5552,System shall display an error message and return the card if a transaction is unsuccessful.,FR
5553,System shall check the validity of the bank code upon request from the ATM.,FR
5554,"System shall send a ""bad bank code"" message to the ATM if the bank code is invalid.",FR
5555,System shall check if the entered password is valid for the specified cash card.,FR
5556,"System shall send a ""bad password"" message to the ATM if the password is invalid and update the invalid password count.",FR
5557,"System shall send a ""bad account"" message to the ATM if there are account issues even with a valid cash card and password.",FR
5558,"System shall send an ""account ok"" message to the ATM if the cash card, password, and account are valid.",FR
5559,"System shall process transaction requests from the ATM, updating the account balance accordingly.",FR
5560,System shall update the user's account after receiving a response from the ATM about money dispensed.,FR
5561,System shall check the account's withdrawal limit and deny the transaction if the amount exceeds it.,FR
5562,Bank shall provide security only for its own computer and software.,FR
5563,"The system must perform well in adverse environmental conditions, such as extreme temperatures.",NFR
5564,The system must maintain uninterrupted and reliable connections for transactions.,NFR
5565,The system must support a high data transfer rate for efficient processing.,NFR
5566,The system must be safely housed in a physically secure cabin.,NFR
5567,The system must be bolted to the floor to prevent theft.,NFR
5568,There must be an emergency phone located outside the cabin for safety purposes.,NFR
5569,The cabin door must have an ATM card swipe slot for access control.,NFR
5570,"The cabin door must remain locked, opening only when a user swipes a valid ATM card in the slot.",NFR
5571,User accessibility must be closely monitored and restricted as needed.,NFR
5572,Users must be prompted to change their PIN on first use for security.,NFR
5573,Users must be advised not to share their PIN with anyone.,NFR
5574,The system must lock out users after three incorrect PIN attempts for security.,NFR
5575,The software must adhere to security and performance quality standards.,NFR
5576,The client can register themselves in the system by filling in the required data.,FR
5577,The admin or user can log in to the system with their unique username and password.,FR
5578,Authenticated users can add properties to the system.,FR
5579,"Professionals, including agents who work as residential and commercial real estate brokers, provide property details to the admin, who then adds the property to the website.",FR
5580,Users can ask questions and receive answers on the platform.,FR
5581,"Users can view, update, or delete their own profile.",FR
5582,"Users can manage properties by viewing, editing, or deleting them.",FR
5583,"Users can search for available properties within their budget based on the area covered, city, location, price range, property type, property subtype, and purpose.",FR
5584,Users can view full property details.,FR
5585,"The admin can create, read, update, and delete realtors.",FR
5586,"The user can register attendance for the day by entering their Staff ID, name, and password and clicking the Register Attendance button.",FR
5587,The user can view their yearly and monthly attendance records.,FR
5588,"The user can manipulate and view course details, including department-wise and description.",FR
5589,"The user can manipulate and view department details, including department and description.",FR
5590,"The user can manipulate and view designation details, including designation and description.",FR
5591,"The user can manipulate and view donation details that have been made, such as department-wise, course-wise, and semester-wise donations.",FR
5592,"The user can manipulate and view exam details, including subject name, date of the exam, total marks, and pass marks.",FR
5593,"The user can manipulate and view fee details, including tuition fees, exam fees, and donation fees.",FR
5594,"The user can manipulate and view fee payment details, including fees amount, concession, fees paid, balance amount, and donation fees.",FR
5595,"When the user logs in, they are directed to the main page, which contains a menu strip with seven menu items: Master, Student, Employee, Transaction, Search, Report, and Exit.",FR
5596,"The Master menu allows the user to access department, course, designation, subject details, examination details, fees details, donation and tuition, and scholarship information.",FR
5597,"The Student menu allows the user to access profile entry, other details, and result entry.",FR
5598,The Employee menu allows the user to access staff entry and attendance details.,FR
5599,The Transaction menu allows the user to access student and employee transactions.,FR
5600,The Search menu allows the user to search for student and employee information.,FR
5601,"The Report menu allows the user to generate student and employee reports, including TC, class-wise report, course-wise report, result report, participation in ECA and inter-college competition, old student list, special achievements, department-wise report, and experience-wise report.",FR
5602,The Exit menu allows the user to confirm whether they want to continue using the application or exit.,FR
5603,The system should run on a good working PC that meets the hardware interface requirements specified in the system documentation.,NFR
5604,The system should efficiently handle medium-sized information databases without significant performance degradation.,NFR
5605,The system should avoid becoming overloaded and should maintain optimal performance even under peak load conditions.,NFR
5606,The system shall provide a facility for guests to register with the system as a user and select their desired user role.,FR
5607,The system shall allow registered users to log in using their credentials.,FR
5608,The system shall display the admin home page when an admin logs in.,FR
5609,The system shall display the user home page based on the user's role when a normal user logs in.,FR
5610,"The system shall enable admin users to add, modify, or disable user roles as needed.",FR
5611,The system shall allow users to edit their personal data.,FR
5612,The system shall allow admin users to disable another user as needed.,FR
5613,The system shall provide admin users with the ability to add or remove menu options for user roles.,FR
5614,The system assumes that each user will have only one role assigned at a time.,FR
5615,The system shall authenticate users using their account credentials.,FR
5616,The system shall provide users with a list of selectable symptoms.,FR
5617,The system shall predict diseases or illnesses based on the user's selected symptoms and display the results.,FR
5618,The system shall allow users to search for suggested doctors for consultation based on their symptoms or predicted diseases.,FR
5619,The system shall facilitate conversations between the user and the selected doctor for consultation.,FR
5620,The system requires end users to provide their symptoms accurately to avoid false predictions.,NFR
5621,"The system is not designed for emergency medical use; in case of an emergency, users should contact emergency services such as 108 or their primary doctor.",NFR
5622,The system ensures the security of personal health data to prevent unauthorized disclosure.,NFR
5623,"The system application will implement a secure ""passcode"" that users must enter each time they log in to prevent unauthorized access.",NFR
5624,User shall be able to register by providing required details and receive a success message upon account creation.,FR
5625,User shall be able to search for cargo by entering the name and receive replies from admin for corresponding requests.,FR
5626,"User shall be able to input shipment details including packaging type, dimensions, weight, and number of pieces for admin to check the export feasibility and provide necessary feedback.",FR
5627,"User shall be able to provide delivery details such as company contacts, route, delivery date, and quantity for admin to process and deliver the materials.",FR
5628,"User shall be able to submit complaints about deliveries or other issues, providing details for the admin to handle and resolve the complaint.",FR
5629,"System shall be able to manage bills for clients, including clearance receipt, freight fare, and delivery charges, and maintain complete records of payments.",FR
5630,The system must be connected to the network for optimal performance and support simultaneous access by multiple users with fast response times.,NFR
5631,"User interface is in English only, and the system requires admin approval for sellers to access the system; a client machine needs at least 256 MB RAM for operation.",NFR
5632,"System must authenticate users with the correct username and password before allowing full access, ensuring database safety and secure payments.",NFR
5633,System uses MySQL (Version 5.5.8) for the database with several tables for storing information.,NFR
5634,System provides report generation for delivered goods to facilitate backup and recovery in case of data loss.,NFR
5635,The minimum installation requirements include server space of 500MB and 1GB for the database.,NFR
5636,"User shall search for articles on the Online Journal Website by author name, category, or keyword.",FR
5637,System shall display search options to the user.,FR
5638,User shall select the desired article.,FR
5639,System shall present the abstract of the article to the user.,FR
5640,User shall choose to download the article.,FR
5641,System shall provide the requested article for download.,FR
5642,The Online Journal server must have high-speed Internet capability.,NFR
5643,The physical machine for the server will be determined by the Historical Society.,NFR
5644,The software assumes the use of a tool like Tomcat for connecting web pages and the database.,NFR
5645,The speed of the Reader's connection depends on their hardware rather than system characteristics.,NFR
5646,The Article Manager will run on the editor's PC and will utilize an Access database.,NFR
5647,"Access is already installed on the editor's computer, which operates on the Windows operating system.",NFR
5648,"The system shall provide three forms of logging: registration for new users, login for existing users, and restricted login for anonymous users.",FR
5649,The registration page shall allow users to input their information.,FR
5650,The system shall validate the specified information during the registration process.,FR
5651,"Upon successful validation, the user shall be registered to the system.",FR
5652,The system shall provide an examination tab where candidates can view cut off marks for various exams.,FR
5653,Candidates shall be able to choose the examination category and download the PDF containing cut off marks.,FR
5654,The system shall provide all examination category pages.,FR
5655,The system shall provide a PDF containing cut off marks.,FR
5656,The website shall offer a payment option for users to pay application fees for exams.,FR
5657,Users shall select the course and proceed to pay the fee.,FR
5658,The system shall transfer users to a merchant website to specify bank details for the transaction.,FR
5659,"After successful validation, the course shall be purchased.",FR
5660,The system shall provide a merchant for transactions.,FR
5661,The system shall ensure safe transactions.,FR
5662,The system shall validate user information before processing transactions.,FR
5663,The system shall monitor the course for which the fees are paid.,FR
5664,The website shall provide information about marks scored by candidates in exams.,FR
5665,"Candidates shall log in, select the examination tab, and choose the Marks Information option.",FR
5666,Candidates shall enter required details and submit to view marks information.,FR
5667,The system shall provide an examination category page.,FR
5668,The system shall provide a detail filling page.,FR
5669,The system shall provide marks information in PDF format.,FR
5670,The website shall offer an answer key option for users to cross-check their answers.,FR
5671,Users shall select the examination and choose the answer key option.,FR
5672,The system shall provide PDF files of answer keys.,FR
5673,The system shall validate user information before processing the transaction.,FR
5674,The system shall monitor the examination name for which the answer key is requested.,FR
5675,The website shall provide forms for certificates so users can request certificates online.,FR
5676,Users shall select the recruitment option and choose Forms for Certificates.,FR
5677,"Users shall select the relevant performa category, fill the form, and submit it.",FR
5678,The system shall provide a form for certificates.,FR
5679,The system shall provide PDF files of the forms for certificates.,FR
5680,The website shall offer forms and downloads so users can request certificates online.,FR
5681,Users shall select the recruitment option and choose Forms and Downloads.,FR
5682,"Users shall select the relevant category of forms, fill them, and submit.",FR
5683,The system shall provide forms for users.,FR
5684,The system shall provide PDF files of the forms.,FR
5685,The product shall be web-based and must operate from a web server.,NFR
5686,The initial load time of the product shall vary based on the internet connection strength and the media used for access.,NFR
5687,Performance shall be influenced by the hardware components of the client/customer.,NFR
5688,The system shall utilize secure sockets for all transactions involving confidential applicant information.,NFR
5689,Applicants shall be automatically logged out after a period of inactivity to ensure security.,NFR
5690,No cookies containing the user's password or any confidential information shall be stored on the applicant's computer.,NFR
5691,The upsconline.nic.in site shall be available 24/7 for access.,NFR
5692,The server must have UPS support with at least 8 hours of backup power in case of power failure.,NFR
5693,"Exam sessions shall be available only during pre-allotted time slots, but the site can be accessed at any time for other information.",NFR
5694,Colleges shall be able to register for exams at any time.,NFR
5695,The developed website must be highly reliable and secure to prevent any leakage of applicant information.,NFR
5696,The website shall be user-friendly and require minimal effort to operate.,NFR
5697,The web server used shall provide services like session management to maintain application sessions.,NFR
5698,"User shall be able to access registration forms for customers, agents, and employees.",FR
5699,User shall be able to send requests for customer medical reports to the verification department.,FR
5700,User shall be able to verify and approve/disapprove applications in the verification department interface.,FR
5701,User shall be able to send status reports to the finance and legal contract department through the Life Insurance System interface.,FR
5702,User shall be able to access a help link to download and view the user manual if encountering difficulties in using the program.,FR
5703,User shall be notified by the system about their insurance policy.,FR
5704,System shall ensure consistent security for users through the use of passwords.,FR
5705,System shall trigger the mail message generator to send emails to customers and agents as needed.,FR
5706,System shall communicate with the database via a wireless Ethernet system.,FR
5707,User shall have access to the system based on the reliability of the separate components.,NFR
5708,"User shall access the system through a web browser, subject to server downtime.",NFR
5709,"In case of hardware failure or database corruption, users shall be redirected to a replacement page.",NFR
5710,Backups of the database shall be retrieved and saved by the administrator in case of hardware failure or database corruption.,NFR
5711,System shall maintain sessions for better security and performance.,NFR
5712,Online payment shall be implemented through payment gateways using 128 SSL encryption for security.,NFR
5713,Maintenance of the database shall be performed using a commercial database system.,NFR
5714,"In case of failure, the program shall be re-initialized.",NFR
5715,The software design shall prioritize modularity for efficient maintenance.,NFR
5716,"User shall be able to register for an individual or business account by providing email, creating password, and confirming password.",FR
5717,User shall be able to log in using email or mobile number.,FR
5718,User shall be able to track orders by providing tracking ID or order ID and view the recent position of a product.,FR
5719,"User shall be able to send money by entering recipient's mobile number, email ID, or name, and providing recipient's account number and the amount.",FR
5720,"User shall be able to request money by entering recipient's name or email ID, selecting currency and request amount, and specifying the amount to be requested.",FR
5721,User shall be able to view transaction activity by entering start date and end date.,FR
5722,"User shall be able to choose payment methods such as PayPal balance, debit or credit card, and transfer funds by entering recipient's email ID or name, and making the payment.",FR
5723,"User shall be able to pay bills by choosing payment options, selecting bill type (water, apartment, electricity), and entering the amount to make the payment.",FR
5724,User shall be able to apply cashback by entering promo code and successfully transferring the amount.,FR
5725,User shall be able to link a card or bank account by providing card details and linking the account successfully.,FR
5726,"User shall be able to access customer services by selecting options like search for issue, chat, ask community, email, or call, and submitting the problem/issue.",FR
5727,"User shall be able to recover forgotten password by providing email or mobile number, entering verification code, and creating a new password successfully.",FR
5728,User shall experience high data transfer rate and uninterrupted connections while using the system.,NFR
5729,User shall be automatically logged out after a period of inactivity for security purposes.,NFR
5730,Only authenticated users shall have access to the system's back-end servers to ensure security.,NFR
5731,The PayPal network must be available 24 hours a day to ensure continuous service availability.,NFR
5732,Maintainers are responsible for connecting new users to the PayPal Payment System network and maintaining records of all users and transaction status for maintainability purposes.,NFR
5733,User shall perform weekly roster of employees.,FR
5734,"User shall print reports annually, weekly, and daily.",FR
5735,User shall check feedbacks.,FR
5736,User shall send newsletters.,FR
5737,User shall manage user portfolio.,FR
5738,User shall change the super password.,FR
5739,Employee shall log into the system.,FR
5740,Employee shall check their rosters.,FR
5741,Employee shall maintain daily logs.,FR
5742,Employee shall select availability.,FR
5743,Employee shall check online bookings.,FR
5744,Client shall make a booking.,FR
5745,Client shall check their booking status.,FR
5746,Client shall calculate fare.,FR
5747,Client shall view driver history.,FR
5748,Client shall change password.,FR
5749,Client shall reset forgotten password.,FR
5751,System shall keep session track of user activity.,FR
5752,System shall record client’s request for booking.,FR
5754,System shall keep history of course bookings.,FR
5755,System shall keep record of feedbacks received from clients.,FR
5756,Temporary password shall be mailed to the user in case of forgotten password.,FR
5758,Clients shall receive notification email of booking confirmation.,FR
5759,"User shall accommodate a minimum of 10,000 records of clients in the database.",NFR
5760,User shall support the use of multiple users at a time.,NFR
5761,User shall utilize certain cryptographic techniques for security.,NFR
5762,User shall keep specific log or history data sets for security purposes.,NFR
5763,User shall assign certain functions to different modules for security.,NFR
5764,User shall restrict communications between some areas of the program for security.,NFR
5765,User shall check data integrity for critical variables for security.,NFR
5766,User shall incorporate encryption techniques in the user/license authentication process for security.,NFR
5767,User shall include an error tracking log to help users understand application crashes and prevent recurrence.,NFR
5768,User shall restrict communication when validating the user or license using HTTPS for security.,NFR
5769,User shall ensure ease of porting the software to other host machines and/or operating systems.,NFR
5770,User shall allow the user to reset all options and stored user variables to default settings for maintainability.,NFR
5771,User shall commit all data storage for user variables to the database at the time of entry for reliability.,NFR
5772,User shall prevent data corruption by applying possible backup procedures and techniques for reliability.,NFR
5773,"User shall provide a logical interface to facilitate easy system use, speeding up common tasks for usability.",NFR
5774,User shall integrate error prevention measures such as sanity checks and limiting free-text input for usability.,NFR
5775,System shall rebuild all cached data during every startup for availability.,NFR
5776,"System shall not recover user data if lost, assigning default values of system data when necessary for availability.",NFR
5777,User shall log in to Big Basket by entering mobile number and password.,FR
5778,System shall check whether the account exists or not.,FR
5779,"If the account doesn't exist, the system shall prompt the user to sign in to create a Big Basket account.",FR
5780,Customer shall view grocery items by entering keywords in the search option.,FR
5781,System shall check the database to determine if the items are in stock.,FR
5782,"If the items are in stock, the system shall display the items; if not, it shall display that the items are out of stock.",FR
5783,Grocery store owner shall update the stocks by adding or deleting items that are out of stock.,FR
5784,"Owner's input for updating the stocks shall be processed, and the database shall be updated accordingly.",FR
5785,The updated product list shall be shown to the customer.,FR
5786,Customer shall add products to their cart and proceed to checkout.,FR
5787,"During checkout, the customer shall input details such as name, mobile number, and location.",FR
5788,"After checkout, the system shall send the list of ordered products to the grocery store owner.",FR
5789,The owner shall confirm and pack the order and hand it over to the delivery person.,FR
5790,"After confirmation, the customer shall receive a notification that the order is confirmed and will be delivered shortly.",FR
5791,User shall expect the Big Basket server to be operational 24*7 without any interruptions.,NFR
5792,"System shall ensure maximum security by encrypting user data such as name, password, and account balance during transmission.",NFR
5793,The system shall be designed for easy maintenance to quickly address any errors that occur in the project.,NFR
5794,User shall register for the examination.,FR
5795,User shall login to access the examination portal.,FR
5796,User shall view and select available examination categories.,FR
5797,User shall attempt the examination within the allocated time.,FR
5798,User shall submit answers and view results after completion.,FR
5799,User shall login to access the examiner portal.,FR
5800,User shall view examination schedules and details.,FR
5801,User shall upload examination questions and set parameters.,FR
5802,User shall monitor examination progress and view candidate responses.,FR
5803,User shall evaluate and score candidate responses.,FR
5804,User shall login to access the administrator portal.,FR
5805,User shall manage user accounts and permissions.,FR
5806,User shall configure examination settings and schedules.,FR
5807,User shall generate reports and statistics on examination performance.,FR
5808,User shall view overall result rankings for examinations.,FR
5809,User shall filter rankings based on different criteria such as category or time period.,FR
5810,User shall export ranking data for further analysis if required.,FR
5811,User shall access the discussion forum section.,FR
5812,"User shall post questions, comments, or discussions related to examinations.",FR
5813,User shall view and respond to posts from other users.,FR
5814,User shall report inappropriate content if encountered.,FR
5815,User passwords shall contain a minimum of 8 characters.,NFR
5816,User passwords shall include at least 1 numerical digit.,NFR
5817,ReCaptcha shall be implemented to enhance security during authentication.,NFR
5818,User shall enter search text on the screen and display matching products based on the search.,FR
5819,User shall be able to select multiple options on the screen to search.,FR
5820,User shall display only 10 matching results on the current screen.,FR
5821,User shall enable navigation between the search results.,FR
5822,User shall notify the user when no matching product is found on the search.,FR
5823,System shall utilize user cookies to study the buying pattern of the user.,FR
5824,"System shall customize the user's homepage based on previous interactions, including wish-list additions, page views, and previous searches.",FR
5825,System shall display related items to the items already bought by the user.,FR
5826,System shall recommend similar items based on the user's buying pattern.,FR
5827,"System shall display similar products with high ratings, newly in-stock items, or items featured at special discount prices.",FR
5828,System shall display all related items that other users purchased in addition to the selected product.,FR
5829,System shall provide an interface for sellers to add product description and price through their account.,FR
5830,System shall list all sellers offering a common product and prioritize them based on the percentage of discount.,FR
5831,User shall be able to return items to the seller if not satisfied and provide feedback.,FR
5832,User shall be able to exchange items with the seller in case of delivery of defective items and provide feedback.,FR
5833,System shall notify the seller about the customer's reasons and feedback regarding the product.,FR
5834,"User and seller profiles shall contain contact, location, address, and seller's license details.",FR
5835,System shall display both active and completed order history in the customer profile.,FR
5836,System shall allow users to select orders from the order history and view detailed information.,FR
5837,System shall display the most frequently searched items by the user in the profile.,FR
5838,System shall assist sellers in keeping a list of products and their information in their profile.,FR
5839,System shall safely transfer money to the seller's bank account after successful transactions.,FR
5840,System shall add details of money transfer to the company's event logs and database.,FR
5841,System shall send order confirmation to the user and seller through email or SMS.,FR
5842,System shall display a detailed invoice for the current order once confirmed.,FR
5843,User shall be able to print the invoice.,FR
5844,System shall display detailed information of seller's details to the customer and vice versa.,FR
5845,System shall provide a shopping cart during online purchase.,FR
5846,User shall be able to add/remove products in the shopping cart.,FR
5847,User shall confirm orders for purchase later.,FR
5848,System shall allow users to enter order information for tracking.,FR
5849,System shall display the current tracking information about the order.,FR
5850,System shall notify the seller about the delivery of the product to the consumer.,FR
5851,System shall display available payment methods for payment.,FR
5852,User shall be able to select the payment method for the order.,FR
5853,"System shall provide online help, FAQs, and sitemap options for customer support.",FR
5854,User shall be able to select the support type.,FR
5855,User shall enter customer and product information for support.,FR
5856,System shall display user contact of the seller and Flipkart support desk.,FR
5857,System shall display online help and FAQs upon request.,FR
5858,User shall access the product through a web server.,NFR
5859,User shall experience initial load time based on internet connection strength and the media used to run the product.,NFR
5861,System shall use secure sockets in all transactions involving confidential customer information.,NFR
5863,System shall confirm all transactions with the customer’s web browser.,NFR
5864,System shall not store any cookies containing the user’s password or confidential information on the customer’s computer.,NFR
5865,User's password shall be displayed in the web browser with special characters representing typed characters.,NFR
5866,User's credit card number shall only display the last 4 digits after retrieval from the database.,NFR
5867,System’s back-end servers shall not display a customer’s password and shall only be accessible to authenticated administrators.,NFR
5868,Back-end databases shall be encrypted and within the company’s perimeter.,NFR
5870,Reliability of the system depends on the reliability of its separate components.,NFR
5871,Backup of the database shall be continuously maintained and updated to reflect the most recent changes.,NFR
5872,"System shall ensure protection against various types of failures, damage, or harm, including physical, social, financial, and psychological.",NFR
5873,Maintaining the database will be facilitated by a commercial database and the application server.,NFR
5874,"In case of failure, the program will undergo re-initialization.",NFR
5875,Software design will prioritize modularity for efficient maintainability.,NFR
5876,User interacts with the payment processing feature through HTML and CSS code.,FR
5877,User inputs their UPI ID into the designated fields.,FR
5878,"The system handles the click event on the ""Pay Now"" button using JavaScript code.",FR
5879,"Upon successful payment processing, users are redirected to the payment success page.",FR
5880,The payment success page structure and content are defined using HTML code.,FR
5881,JavaScript code includes error handling mechanisms to display error messages if payment processing fails.,FR
5882,User adds items to the cart using JavaScript code.,FR
5883,"User views the cart contents, which are managed by JavaScript code.",FR
5884,HTML and CSS define the structure and styling of the cart interface.,FR
5885,JavaScript functions process user actions and update the cart display accordingly.,FR
5886,HTML code generates the cart display based on the current contents of the cart.,FR
5887,JavaScript code includes error handling functionality to ensure a smooth user experience.,FR
5888,User updates the cart contents using JavaScript functions.,FR
5889,JavaScript functions manage updating the cart based on user actions such as quantity adjustments or item removal.,FR
5890,"User shall receive the product list within 2 seconds of requesting it, ensuring a responsive interface.",NFR
5891,"User shall add items to the shopping cart with a response time of less than 1 second, enhancing the shopping experience.",NFR
5892,"User shall access the system concurrently with a minimum capacity of 100 simultaneous users, maintaining performance.",NFR
5893,User shall access the system reliably with an uptime of at least 99% over a 30-day period.,NFR
5894,"User shall experience regular backups of data, ensuring data integrity and preventing loss in case of failure.",NFR
5895,User shall expect the system to recover to a stable state within 5 minutes in the event of a system failure.,NFR
5896,"User shall access the system 24/7, with planned maintenance during off-peak hours.",NFR
5897,User shall rely on critical system components with a Mean Time Between Failures (MTBF) exceeding 30 days.,NFR
5898,User's authentication credentials shall be encrypted and protected against brute force attacks.,NFR
5899,"User's personal and payment data shall be encrypted during transmission and storage, ensuring confidentiality.",NFR
5900,User's access to administrative functions shall be restricted to authorized personnel through role-based access control (RBAC).,NFR
5901,User shall benefit from a modularized and well-documented system for ease of maintenance and future enhancements.,NFR
5902,User shall have access to version control systems for tracking code changes and updates.,NFR
5903,User shall access the system across different platforms and devices with compatibility with modern web browsers.,NFR
5904,User shall experience optimized mobile responsiveness for seamless access from smartphones and tablets.,NFR
5905,"User shall see a list of blogs upon clicking the button on the homepage, providing access to individual post pages.",FR
5906,"User shall be able to search for blogs using a search query string, with results displayed based on the query.",FR
5907,"User shall log in using a username and password, with successful authentication redirecting to the respective home page.",FR
5908,"User shall register by filling out a registration form, with success or failure based on data availability.",FR
5909,"User shall add a new blog by filling out a form with title, description, and content, with validation ensuring data integrity.",FR
5910,"User shall update a blog by filling out a form with title, description, and content, with validation ensuring data integrity.",FR
5911,"User shall delete a blog by clicking a button, with validation ensuring data integrity.",FR
5912,"User shall log out by clicking a button, with the session terminated and redirection to the home page.",FR
5913,"System shall display a list of blogs on the homepage upon user request, accessible to all users.",FR
5914,"System shall allow users to search for blogs based on a query string, displaying matching results.",FR
5915,"System shall authenticate users using a username and password, redirecting to the respective home page upon successful login.",FR
5916,System shall register new users by validating input data and updating the database accordingly.,FR
5917,System shall facilitate the addition of new blogs by validating input data and updating the database accordingly.,FR
5918,System shall enable users to update existing blogs by validating input data and updating the database accordingly.,FR
5919,System shall support the deletion of blogs by validating user actions and updating the database accordingly.,FR
5920,"System shall terminate user sessions upon logout, destroying the session and redirecting to the home page.",FR
5921,User shall experience smooth performance as data queries involve small pieces of data and screen changes occur quickly.,NFR
5922,"User shall have access to the website 24/7, except during maintenance periods.",NFR
5923,User shall access the application without experiencing heavy load on their device due to its lightweight design.,NFR
5924,"Only the project admin shall have backend database access, allowing for secure modifications and updates.",NFR
5925,System shall provide a secure login/registration system to prevent unauthorized access.,NFR
5926,"System shall store data securely in the database, ensuring protection of sensitive information.",NFR
5927,"System shall maintain consistency in performance, ensuring reliable and predictable operation.",NFR
5928,"System shall enforce business rules, allowing blog owners to manage only their own blogs and not interfere with others'.",NFR
5929,"System shall be robust, scalable, flexible, and user-friendly to meet diverse user needs effectively.",NFR
5930,"System shall be available at all times, providing stable access to users.",NFR
5931,"System shall ensure correctness in displaying blog details and content, preventing inaccuracies.",NFR
5932,"System shall prioritize usability, striving to satisfy the maximum number of customer needs efficiently.",NFR
5933,"User shall seamlessly translate text input from one language to another in real-time, preserving meaning and conveying nuance effectively.",FR
5934,"User shall transcribe spoken language input into text format before initiating the translation process, enabling instant translations for conversations and voice commands.",FR
5935,"User shall hear spoken output in the target language generated from translated text, enhancing accessibility and pronunciation assistance.",FR
5936,"User shall benefit from automatic language detection, streamlining the translation process and enhancing user convenience in multilingual environments.",FR
5937,User shall experience continuous improvement in translation accuracy over time through machine learning algorithms analyzing user interactions and feedback.,FR
5938,"User shall integrate the app with communication platforms for real-time translation of conversations, chat messages, and social media posts.",FR
5939,"User shall download language packs containing essential language data for offline use, ensuring access to translation services without internet connectivity.",FR
5940,"User shall perform on-device translation locally without internet reliance, delivering responsive and reliable translation experiences.",FR
5941,"User shall access a limited feature set for offline usage, prioritizing essential translation functionalities for usability and efficiency.",FR
5942,User shall receive automatic updates for downloaded language packs to ensure access to the latest translations and language improvements.,FR
5943,"User shall experience optimized resource usage, minimizing storage space, processing power, and battery consumption during offline usage.",FR
5944,"User shall access fallback mechanisms in situations where offline resources are unavailable, assisting in understanding foreign language content.",FR
5945,User shall toggle between online and offline modes within the app settings to manage connectivity preferences based on environment and usage requirements.,FR
5946,"User shall experience smooth and efficient translation requests handling, even during concurrent usage, facilitated by effective concurrency control mechanisms.",NFR
5947,"User shall benefit from optimized resource utilization to minimize memory, CPU, and network bandwidth consumption, ensuring scalability and performance in resource-constrained environments.",NFR
5948,"User shall have access to continuous performance monitoring and profiling to identify and address performance bottlenecks proactively, ensuring optimal system efficiency.",NFR
5949,"User shall experience evenly distributed translation requests across multiple servers through load balancing strategies, optimizing resource allocation and scalability.",NFR
5950,"User shall have access to predefined emergency response protocols and procedures within the app, providing assistance during critical incidents such as medical emergencies or natural disasters.",NFR
5951,"User shall have their privacy protected through data anonymization techniques, encryption methods, and data masking mechanisms, ensuring confidentiality and reducing the risk of data breaches.",NFR
5952,"User shall receive safety training materials and awareness campaigns within the app, promoting safe behaviors and fostering a culture of responsibility among users.",NFR
5953,"User shall benefit from regular vulnerability assessments, security audits, and penetration testing to identify and remediate security vulnerabilities in the app's codebase and infrastructure.",NFR
5954,"User shall have access to a well-defined incident response plan and incident management procedures within the app to handle security incidents effectively, minimizing their impact.",NFR
5955,"User shall experience adaptability and flexibility in the app, accommodating evolving user needs, technological advancements, and market trends through modular architectures and extensible design patterns.",NFR
5956,"User shall benefit from interoperability with third-party systems and services, enabling seamless integration with external applications, devices, and ecosystems through support for industry-standard protocols and open APIs.",NFR
5957,User shall generate reports at the Admin Login page by clicking on the link provided.,FR
5958,"System shall check for the existence of requested reports and redirect control to the generated report screen, displaying information on paid members, free members, and all members.",FR
5959,User shall send and read emails by clicking on the respective links or shortcuts.,FR
5960,"System shall redirect control to the mail screen, providing options to read or send emails to the administrator.",FR
5961,User shall register as a new user by clicking on the registration link at the login page.,FR
5962,"System shall direct the user to the registration page to complete the registration process, storing user data in the database and sending a confirmation email.",FR
5963,User shall log into their account by entering their user-id and password.,FR
5964,"System shall validate the user credentials and provide access to the user's profile, allowing them to update their resume, profile, and search for job matches.",FR
5965,User shall retrieve forgotten passwords by clicking on the password retrieval link.,FR
5966,System shall send an email to the user's verified email address with a verification code or link to set a new password.,FR
5967,User's session shall automatically redirect to the login page if it expires.,FR
5968,System shall return the user to the login page when the session expires.,FR
5969,"User shall search for potential employees by entering interests and preferences such as salary, location, job category, and profession.",FR
5970,"System shall search the database for individuals matching the entered qualifications and preferences, displaying their complete details.",FR
5971,User shall apply for a job by filling out the necessary details in the respective form.,FR
5972,System shall verify if the applicant is eligible for the job and send an email for further procedures if applicable.,FR
5973,"User shall apply for various jobs on the website by providing details regarding date, schedule, and location.",FR
5974,System shall search the database for available job options matching the user's preferences and display them along with the company's contact details.,FR
5975,User shall expect uninterrupted website functionality even during high network traffic.,NFR
5976,"User shall not share their password with anyone, and the system must ensure complete privacy of filtered details and user chats.",NFR
5977,"User shall have a maximum of three attempts to enter the password, after which an email notification will be sent if there's an additional attempt.",NFR
5978,System shall prioritize security and performance as the two primary objectives.,NFR
5979,System shall ensure 24/7 availability of the interface and maximal security of the network.,NFR
5980,"Only the administrator shall have the authority to make changes to the database, including addition, updating, and deletion of data.",NFR
5981,User shall present their ID card for validation.,FR
5982,System shall grant access and allow further actions if the ID card is valid.,FR
5983,System shall deny access and display an error message if the ID card is invalid.,FR
5984,User shall mark attendance using a selected method.,FR
5985,System shall confirm successful attendance marking.,FR
5986,System shall display an error message if authentication fails or other issues occur.,FR
5987,System shall automatically track work/class hours based on user's sign-in and sign-out timestamps.,FR
5988,User shall request leave through the system.,FR
5989,System shall confirm submission of leave request.,FR
5990,Administrator shall review and approve/deny leave requests.,FR
5991,Administrator shall view submitted leave requests and take appropriate action.,FR
5992,System shall generate reports on attendance data based on specified criteria.,FR
5993,"User shall specify desired report criteria, and the system shall display the report accordingly.",FR
5994,User may export attendance data in a chosen format.,FR
5995,"User shall select desired data format and export criteria, and the system shall export data accordingly.",FR
5996,System may send alerts for tardiness or absences.,FR
5997,System shall monitor user attendance data and send notifications for tardiness or absences.,FR
5998,Administrator shall manage user accounts.,FR
5999,"Administrator shall add, edit, or delete user accounts and assign roles.",FR
6000,Updated user accounts with corresponding roles shall be reflected in the system.,FR
6001,System shall define user roles and access permissions.,FR
6002,Administrator shall configure user roles and assign permissions for functionalities.,FR
6003,System shall enforce access control based on assigned user roles and permissions.,FR
6004,System shall handle concurrent usage by multiple professors during peak times (9:00 AM to 2:00 PM).,NFR
6005,Transmission of roll data must occur in under 5 seconds.,NFR
6006,Acknowledgement of roll received must be returned within 8 seconds.,NFR
6007,Queries upon the database shall be performed in less than 5 seconds.,NFR
6008,"Upon start of the roll program, roll information shall be displayed on the instructor’s Pocket PC within 10 seconds.",NFR
6009,Email messages to absent students shall be sent within one hour of the conclusion of a class.,NFR
6010,The program shall support taking roll for class sizes of up to 100 students while maintaining performance requirements.,NFR
6011,System shall be protected by a password.,NFR
6012,An antivirus has been installed on the system for safety purposes as it is connected via LAN and MAN.,NFR
6013,An instructor shall be permitted to view and edit absence information in the database for only his/her classes.,NFR
6014,Instructors must enter a password to take roll or edit database information.,NFR
6015,Passwords shall be stored in an instructor database and verified upon each session of roll or database modification.,NFR
6016,An instructor can change his/her password only by supplying the existing password.,NFR
6017,The system shall be available to all instructors through Information Systems during their normal hours of operation.,NFR
6018,Reliability of the system and roll information shall be achieved through database manipulation.,NFR
6019,The system shall be reusable for each new semester.,NFR
6020,"If no network connection can be established to receive roll information, the instructor shall be allowed to enter roll later.",NFR
6021,"If a network connection is lost during roll, the program shall allow the instructor to transmit roll information at a later time.",NFR
6022,"The system shall allow for addition or deletion of instructors, students, and classes while incorporating new semesters.",NFR
6023,Usability of the system shall be achieved through online help pages and an introductory training session for all instructors upon installation.,NFR
6024,The system shall allow for user ID and password input.,FR
6025,"Upon login, the system shall direct users to either the manager or worker portion of the program.",FR
6026,Managers shall be able to add new tasks.,FR
6027,Managers shall be able to edit existing tasks.,FR
6028,Managers shall be able to delete tasks from the system.,FR
6029,Managers shall be able to confirm when tasks have been completed.,FR
6030,The system shall provide limited but necessary operations for workers.,FR
6031,Workers shall be able to mark tasks as completed.,FR
6032,Workers shall be able to view rewards.,FR
6033,Workers shall be able to search for tasks.,FR
6034,Workers shall be able to change their passwords.,FR
6035,The system shall provide a basic help guide to aid in usability.,FR
6036,Managers shall have the ability to reset passwords.,FR
6037,The system shall perform basic operations in less than 2 seconds.,NFR
6038,It shall be compatible with Windows 8 and Mac X operating systems.,NFR
6039,Communication between the Java application and the SQL database shall be established.,NFR
6040,The SQL database must have scalable capacity.,NFR
6041,User account names shall be associated with passwords chosen by the user.,NFR
6042,Manager passwords shall be linked to a secret question for password reset.,NFR
6043,Worker password reset shall be managed by the manager.,NFR
6044,Lockout mechanisms shall be implemented for repeated incorrect password entries (3 times).,NFR
6045,"The system interfaces will be user-friendly, requiring no training for operation.",NFR
6046,"Interfaces shall be easily navigable, clearly labeled, and accompanied by a help menu.",NFR
6047,"The system code shall be written for future upgrades, documented, and fully commented.",NFR
6048,Each method shall include a description of its function and additional information for future use.,NFR
6049,The system shall be portable and operable on Windows 8 and Mac X operating systems.,NFR
6050,Compatibility with previous Windows versions will require further testing.,NFR
6051,User shall be able to initialize system parameters.,FR
6052,System shall be able to store the initialized parameters.,FR
6053,User shall be able to see the initial interface if no user is detected.,FR
6054,System shall be able to display the initial interface.,FR
6055,User shall be able to see an error message if the system is low on resources.,FR
6056,System shall be able to check if system resources are below a threshold and display an error message if so.,FR
6057,User shall be able to validate user credentials.,FR
6058,System shall be able to check if user credentials are valid and display an error message if invalid.,FR
6059,User shall be able to read serial number and device information.,FR
6060,System shall be able to read device information and initiate the authorization process.,FR
6061,User shall be able to log the serial number.,FR
6062,System shall be able to log the serial number and update the log file.,FR
6063,User shall be able to initiate user password verification.,FR
6064,System shall be able to verify the password with the central system and accept or reject authorization.,FR
6065,User shall be able to handle different negative responses from the central system.,FR
6066,System shall be able to display relevant error messages and take corrective action.,FR
6067,User shall be able to finish the authorization process if successful.,FR
6068,System shall be able to complete the authorization process and start the transaction dialog.,FR
6069,User shall be able to keep the device if multiple incorrect attempts are made.,FR
6070,System shall be able to display an error message and take corrective action if multiple incorrect attempts are made.,FR
6071,User shall be able to offer withdrawal transactions.,FR
6072,System shall be able to check if the withdrawal amount is within transaction limits and display the amount to be dispensed.,FR
6073,User shall be able to handle the initial withdrawal sequence.,FR
6074,System shall be able to check if the withdrawal amount is within predefined policy and start or re-initiate the transaction dialog.,FR
6075,User shall be able to perform the transaction.,FR
6076,"System shall be able to send a request to the central system, wait for a response, and perform the transaction accordingly.",FR
6077,User shall be able to dispense money if the transaction is successful.,FR
6078,"System shall be able to print a receipt, update system parameters, and dispense money upon a successful transaction.",FR
6079,User shall be able to collect and log the dispensed amount.,FR
6080,System shall be able to log the dispensed amount against device information and send a response to the central system.,FR
6081,User shall be able to display an error message if the transaction is unsuccessful.,FR
6082,System shall be able to display an error message and eject the device if the transaction is unsuccessful.,FR
6083,User shall be able to verify the validity of the user account.,FR
6084,System shall be able to check if the user account is valid.,FR
6085,User shall be able to handle invalid user accounts.,FR
6086,"System shall be able to send a message ""invalid user account"" to the central system for an invalid user account.",FR
6087,User shall be able to validate the user password.,FR
6088,System shall be able to check the entered password and send a message indicating its validity.,FR
6089,User shall be able to handle invalid passwords.,FR
6090,"System shall be able to send a message ""invalid password"" to the central system for an invalid password and update the count for invalid password attempts.",FR
6091,User shall be able to check for account-related issues.,FR
6092,"System shall be able to process account-related issues and send a message ""account issues"" to the central system.",FR
6093,User shall be able to confirm successful user authorization.,FR
6094,"System shall be able to process the authorization message and send ""authorization successful"" to the central system.",FR
6095,User shall be able to process transaction requests.,FR
6096,System shall be able to process transaction requests on a device and send a message indicating the success or failure of the transaction.,FR
6097,User shall be able to update the device status after action completion.,FR
6098,System shall be able to update the device status in the central system after action completion.,FR
6099,User shall be able to enforce transaction limits.,FR
6100,System shall be able to check if the transaction amount adheres to predefined limits and fail the transaction if the amount exceeds the limit.,FR
6101,User shall be able to ensure security for the central system and its software.,FR
6102,System shall be able to implement robust security measures for the central system and associated software to ensure security.,FR
6103,The system shall be able to function in extreme temperatures to ensure reliability in adverse environmental conditions.,NFR
6104,The system shall provide uninterrupted and stable connections between devices for consistent performance.,NFR
6105,The system shall support a high data transfer rate to facilitate real-time communication and quick response to user commands.,NFR
6106,The system shall ensure physically secure storage by placing it in a locked cabinet to prevent unauthorized access.,NFR
6107,"The system shall implement anti-theft measures, such as bolting it to the floor, to prevent unauthorized removal.",NFR
6108,"The system shall provide emergency communication options, including an emergency phone inside and outside the cabin.",NFR
6109,"The system shall implement access control measures, such as secure validation methods on the cabin door.",NFR
6110,"The system shall ensure user authentication, allowing access only through valid and secure validation processes.",NFR
6111,The system shall ensure secure placement to prevent unauthorized access.,NFR
6112,The system shall implement measures to prevent unauthorized physical or digital access.,NFR
6113,The system shall provide emergency communication options for residents both inside and outside the home.,NFR
6114,"The system shall implement stringent access controls, possibly using biometric authentication or secure access codes.",NFR
6115,"The system shall enforce robust user authentication, allowing access only through verified and authorized methods.",NFR
6116,"The system shall ensure continuous availability, allowing users to control and monitor devices 24/7 without interruptions.",NFR
6117,The system shall maximize security measures to prevent unauthorized network access and ensure the integrity and privacy of user data.,NFR
6118,"The system shall restrict access to maintainers only for connecting new devices to the network, ensuring controlled and authorized system expansions.",NFR
